population,state,county,tract,block_group,year,source,blockgroup_fips
1385,37,001,020100,1,2021,ACS 2021,370010201001
1347,37,001,020100,2,2021,ACS 2021,370010201002
973,37,001,020100,3,2021,ACS 2021,370010201003
519,37,001,020100,4,2021,ACS 2021,370010201004
750,37,001,020200,1,2021,ACS 2021,370010202001
519,37,001,020200,2,2021,ACS 2021,370010202002
1024,37,001,020200,3,2021,ACS 2021,370010202003
1915,37,001,020200,4,2021,ACS 2021,370010202004
1281,37,001,020301,1,2021,ACS 2021,370010203011
999,37,001,020301,2,2021,ACS 2021,370010203012
1628,37,001,020301,3,2021,ACS 2021,370010203013
1384,37,001,020302,1,2021,ACS 2021,370010203021
2227,37,001,020302,2,2021,ACS 2021,370010203022
2240,37,001,020400,1,2021,ACS 2021,370010204001
2314,37,001,020400,2,2021,ACS 2021,370010204002
241,37,001,020400,3,2021,ACS 2021,370010204003
433,37,001,020400,4,2021,ACS 2021,370010204004
945,37,001,020400,5,2021,ACS 2021,370010204005
2636,37,001,020501,1,2021,ACS 2021,370010205011
1224,37,001,020501,2,2021,ACS 2021,370010205012
3032,37,001,020502,1,2021,ACS 2021,370010205021
386,37,001,020502,2,2021,ACS 2021,370010205022
923,37,001,020502,3,2021,ACS 2021,370010205023
914,37,001,020601,1,2021,ACS 2021,370010206011
1065,37,001,020601,2,2021,ACS 2021,370010206012
1255,37,001,020601,3,2021,ACS 2021,370010206013
625,37,001,020602,1,2021,ACS 2021,370010206021
2003,37,001,020602,2,2021,ACS 2021,370010206022
1216,37,001,020701,1,2021,ACS 2021,370010207011
1445,37,001,020701,2,2021,ACS 2021,370010207012
734,37,001,020701,3,2021,ACS 2021,370010207013
2216,37,001,020701,4,2021,ACS 2021,370010207014
1315,37,001,020702,1,2021,ACS 2021,370010207021
1225,37,001,020702,2,2021,ACS 2021,370010207022
2005,37,001,020702,3,2021,ACS 2021,370010207023
955,37,001,020702,4,2021,ACS 2021,370010207024
1819,37,001,020801,1,2021,ACS 2021,370010208011
642,37,001,020802,1,2021,ACS 2021,370010208021
963,37,001,020802,2,2021,ACS 2021,370010208022
1443,37,001,020802,3,2021,ACS 2021,370010208023
1067,37,001,020802,4,2021,ACS 2021,370010208024
541,37,001,020802,5,2021,ACS 2021,370010208025
1253,37,001,020802,6,2021,ACS 2021,370010208026
898,37,001,020901,1,2021,ACS 2021,370010209011
1271,37,001,020901,2,2021,ACS 2021,370010209012
1380,37,001,020901,3,2021,ACS 2021,370010209013
2441,37,001,020902,1,2021,ACS 2021,370010209021
1770,37,001,020902,2,2021,ACS 2021,370010209022
1559,37,001,021000,1,2021,ACS 2021,370010210001
2012,37,001,021000,2,2021,ACS 2021,370010210002
1152,37,001,021000,3,2021,ACS 2021,370010210003
480,37,001,021101,1,2021,ACS 2021,370010211011
2323,37,001,021101,2,2021,ACS 2021,370010211012
464,37,001,021101,3,2021,ACS 2021,370010211013
980,37,001,021102,1,2021,ACS 2021,370010211021
994,37,001,021102,2,2021,ACS 2021,370010211022
1415,37,001,021102,3,2021,ACS 2021,370010211023
3266,37,001,021201,1,2021,ACS 2021,370010212011
1984,37,001,021201,2,2021,ACS 2021,370010212012
1024,37,001,021201,3,2021,ACS 2021,370010212013
1136,37,001,021204,1,2021,ACS 2021,370010212041
3731,37,001,021204,2,2021,ACS 2021,370010212042
641,37,001,021205,1,2021,ACS 2021,370010212051
2014,37,001,021205,2,2021,ACS 2021,370010212052
5046,37,001,021205,3,2021,ACS 2021,370010212053
1127,37,001,021206,1,2021,ACS 2021,370010212061
2521,37,001,021206,2,2021,ACS 2021,370010212062
1934,37,001,021206,3,2021,ACS 2021,370010212063
1807,37,001,021207,1,2021,ACS 2021,370010212071
1638,37,001,021207,2,2021,ACS 2021,370010212072
1421,37,001,021300,1,2021,ACS 2021,370010213001
1062,37,001,021300,2,2021,ACS 2021,370010213002
929,37,001,021300,3,2021,ACS 2021,370010213003
1332,37,001,021300,4,2021,ACS 2021,370010213004
1401,37,001,021300,5,2021,ACS 2021,370010213005
1481,37,001,021400,1,2021,ACS 2021,370010214001
939,37,001,021400,2,2021,ACS 2021,370010214002
759,37,001,021500,1,2021,ACS 2021,370010215001
1074,37,001,021500,2,2021,ACS 2021,370010215002
2746,37,001,021500,3,2021,ACS 2021,370010215003
822,37,001,021600,1,2021,ACS 2021,370010216001
1072,37,001,021600,2,2021,ACS 2021,370010216002
2163,37,001,021600,3,2021,ACS 2021,370010216003
3604,37,001,021600,4,2021,ACS 2021,370010216004
1568,37,001,021701,1,2021,ACS 2021,370010217011
1887,37,001,021701,2,2021,ACS 2021,370010217012
2320,37,001,021702,1,2021,ACS 2021,370010217021
2547,37,001,021702,2,2021,ACS 2021,370010217022
1745,37,001,021702,3,2021,ACS 2021,370010217023
2940,37,001,021703,1,2021,ACS 2021,370010217031
3335,37,001,021703,2,2021,ACS 2021,370010217032
1162,37,001,021703,3,2021,ACS 2021,370010217033
2647,37,001,021801,1,2021,ACS 2021,370010218011
1119,37,001,021801,2,2021,ACS 2021,370010218012
1042,37,001,021801,3,2021,ACS 2021,370010218013
2095,37,001,021802,1,2021,ACS 2021,370010218021
1808,37,001,021802,2,2021,ACS 2021,370010218022
1847,37,001,021803,1,2021,ACS 2021,370010218031
1485,37,001,021803,2,2021,ACS 2021,370010218032
1568,37,001,021901,1,2021,ACS 2021,370010219011
2097,37,001,021901,2,2021,ACS 2021,370010219012
1340,37,001,021901,3,2021,ACS 2021,370010219013
1843,37,001,021902,1,2021,ACS 2021,370010219021
492,37,001,021902,2,2021,ACS 2021,370010219022
1566,37,001,021902,3,2021,ACS 2021,370010219023
2015,37,001,022001,1,2021,ACS 2021,370010220011
1642,37,001,022001,2,2021,ACS 2021,370010220012
1791,37,001,022002,1,2021,ACS 2021,370010220021
1285,37,001,022002,2,2021,ACS 2021,370010220022
1160,37,001,022002,3,2021,ACS 2021,370010220023
1089,37,003,040100,1,2021,ACS 2021,370030401001
548,37,003,040100,2,2021,ACS 2021,370030401002
1467,37,003,040100,3,2021,ACS 2021,370030401003
1137,37,003,040200,1,2021,ACS 2021,370030402001
617,37,003,040200,2,2021,ACS 2021,370030402002
1960,37,003,040200,3,2021,ACS 2021,370030402003
852,37,003,040300,1,2021,ACS 2021,370030403001
2206,37,003,040300,2,2021,ACS 2021,370030403002
1677,37,003,040400,1,2021,ACS 2021,370030404001
1335,37,003,040400,2,2021,ACS 2021,370030404002
1392,37,003,040400,3,2021,ACS 2021,370030404003
1159,37,003,040400,4,2021,ACS 2021,370030404004
781,37,003,040400,5,2021,ACS 2021,370030404005
1479,37,003,040500,1,2021,ACS 2021,370030405001
596,37,003,040500,2,2021,ACS 2021,370030405002
1716,37,003,040500,3,2021,ACS 2021,370030405003
2846,37,003,040500,4,2021,ACS 2021,370030405004
1525,37,003,040600,1,2021,ACS 2021,370030406001
2313,37,003,040600,2,2021,ACS 2021,370030406002
2232,37,003,040600,3,2021,ACS 2021,370030406003
682,37,003,040600,4,2021,ACS 2021,370030406004
1012,37,003,040700,1,2021,ACS 2021,370030407001
2377,37,003,040700,2,2021,ACS 2021,370030407002
1412,37,003,040700,3,2021,ACS 2021,370030407003
2081,37,003,040700,4,2021,ACS 2021,370030407004
1049,37,005,950100,1,2021,ACS 2021,370059501001
1286,37,005,950100,2,2021,ACS 2021,370059501002
845,37,005,950100,3,2021,ACS 2021,370059501003
917,37,005,950100,4,2021,ACS 2021,370059501004
1013,37,005,950200,1,2021,ACS 2021,370059502001
760,37,005,950200,2,2021,ACS 2021,370059502002
1343,37,005,950200,3,2021,ACS 2021,370059502003
773,37,005,950200,4,2021,ACS 2021,370059502004
1232,37,005,950300,1,2021,ACS 2021,370059503001
965,37,005,950300,2,2021,ACS 2021,370059503002
727,37,005,950300,3,2021,ACS 2021,370059503003
513,37,007,920100,1,2021,ACS 2021,370079201001
1152,37,007,920100,2,2021,ACS 2021,370079201002
1313,37,007,920100,3,2021,ACS 2021,370079201003
1733,37,007,920200,1,2021,ACS 2021,370079202001
875,37,007,920301,1,2021,ACS 2021,370079203011
2007,37,007,920301,2,2021,ACS 2021,370079203012
1551,37,007,920301,3,2021,ACS 2021,370079203013
461,37,007,920302,1,2021,ACS 2021,370079203021
505,37,007,920400,1,2021,ACS 2021,370079204001
572,37,007,920400,2,2021,ACS 2021,370079204002
1676,37,007,920400,3,2021,ACS 2021,370079204003
922,37,007,920501,1,2021,ACS 2021,370079205011
749,37,007,920502,1,2021,ACS 2021,370079205021
531,37,007,920502,2,2021,ACS 2021,370079205022
1511,37,007,920502,3,2021,ACS 2021,370079205023
1578,37,007,920502,4,2021,ACS 2021,370079205024
1425,37,007,920600,1,2021,ACS 2021,370079206001
944,37,007,920600,2,2021,ACS 2021,370079206002
1072,37,007,920600,3,2021,ACS 2021,370079206003
1298,37,007,980000,1,2021,ACS 2021,370079800001
575,37,009,970200,1,2021,ACS 2021,370099702001
974,37,009,970200,2,2021,ACS 2021,370099702002
1349,37,009,970200,3,2021,ACS 2021,370099702003
1214,37,009,970300,1,2021,ACS 2021,370099703001
1121,37,009,970300,2,2021,ACS 2021,370099703002
1149,37,009,970400,1,2021,ACS 2021,370099704001
1452,37,009,970400,2,2021,ACS 2021,370099704002
2256,37,009,970400,3,2021,ACS 2021,370099704003
1151,37,009,970501,1,2021,ACS 2021,370099705011
433,37,009,970501,2,2021,ACS 2021,370099705012
1130,37,009,970501,3,2021,ACS 2021,370099705013
1117,37,009,970502,1,2021,ACS 2021,370099705021
772,37,009,970502,2,2021,ACS 2021,370099705022
979,37,009,970502,3,2021,ACS 2021,370099705023
297,37,009,970701,1,2021,ACS 2021,370099707011
931,37,009,970701,2,2021,ACS 2021,370099707012
774,37,009,970701,3,2021,ACS 2021,370099707013
1671,37,009,970701,4,2021,ACS 2021,370099707014
861,37,009,970702,1,2021,ACS 2021,370099707021
924,37,009,970702,2,2021,ACS 2021,370099707022
401,37,009,970801,1,2021,ACS 2021,370099708011
864,37,009,970801,2,2021,ACS 2021,370099708012
833,37,009,970801,3,2021,ACS 2021,370099708013
1864,37,009,970802,1,2021,ACS 2021,370099708021
350,37,009,970802,2,2021,ACS 2021,370099708022
1156,37,009,970802,3,2021,ACS 2021,370099708023
1324,37,011,930100,1,2021,ACS 2021,370119301001
1653,37,011,930100,2,2021,ACS 2021,370119301002
785,37,011,930100,3,2021,ACS 2021,370119301003
1022,37,011,930200,1,2021,ACS 2021,370119302001
663,37,011,930200,2,2021,ACS 2021,370119302002
1070,37,011,930200,3,2021,ACS 2021,370119302003
1064,37,011,930301,1,2021,ACS 2021,370119303011
752,37,011,930301,2,2021,ACS 2021,370119303012
543,37,011,930301,3,2021,ACS 2021,370119303013
1021,37,011,930301,4,2021,ACS 2021,370119303014
630,37,011,930302,1,2021,ACS 2021,370119303021
1062,37,011,930302,2,2021,ACS 2021,370119303022
796,37,011,930302,3,2021,ACS 2021,370119303023
2880,37,011,930400,1,2021,ACS 2021,370119304001
1429,37,011,930400,2,2021,ACS 2021,370119304002
1053,37,011,930400,3,2021,ACS 2021,370119304003
1325,37,013,930101,1,2021,ACS 2021,370139301011
1199,37,013,930101,2,2021,ACS 2021,370139301012
918,37,013,930101,3,2021,ACS 2021,370139301013
408,37,013,930102,1,2021,ACS 2021,370139301021
653,37,013,930102,2,2021,ACS 2021,370139301022
611,37,013,930102,3,2021,ACS 2021,370139301023
1965,37,013,930200,1,2021,ACS 2021,370139302001
1877,37,013,930200,2,2021,ACS 2021,370139302002
1395,37,013,930200,3,2021,ACS 2021,370139302003
819,37,013,930200,4,2021,ACS 2021,370139302004
1677,37,013,930300,1,2021,ACS 2021,370139303001
635,37,013,930300,2,2021,ACS 2021,370139303002
1313,37,013,930300,3,2021,ACS 2021,370139303003
617,37,013,930400,1,2021,ACS 2021,370139304001
2642,37,013,930400,2,2021,ACS 2021,370139304002
764,37,013,930400,3,2021,ACS 2021,370139304003
1270,37,013,930400,4,2021,ACS 2021,370139304004
1304,37,013,930501,1,2021,ACS 2021,370139305011
1612,37,013,930501,2,2021,ACS 2021,370139305012
818,37,013,930501,3,2021,ACS 2021,370139305013
904,37,013,930502,1,2021,ACS 2021,370139305021
529,37,013,930502,2,2021,ACS 2021,370139305022
2078,37,013,930502,3,2021,ACS 2021,370139305023
1312,37,013,930600,1,2021,ACS 2021,370139306001
503,37,013,930600,2,2021,ACS 2021,370139306002
1245,37,013,930600,3,2021,ACS 2021,370139306003
1027,37,013,930700,1,2021,ACS 2021,370139307001
813,37,013,930700,2,2021,ACS 2021,370139307002
624,37,013,930700,3,2021,ACS 2021,370139307003
819,37,013,930800,1,2021,ACS 2021,370139308001
867,37,013,930800,2,2021,ACS 2021,370139308002
664,37,013,930800,3,2021,ACS 2021,370139308003
884,37,013,930900,1,2021,ACS 2021,370139309001
419,37,013,930900,2,2021,ACS 2021,370139309002
1470,37,013,930900,3,2021,ACS 2021,370139309003
897,37,013,930900,4,2021,ACS 2021,370139309004
954,37,013,931001,1,2021,ACS 2021,370139310011
2026,37,013,931001,2,2021,ACS 2021,370139310012
1916,37,013,931002,1,2021,ACS 2021,370139310021
1125,37,013,931002,2,2021,ACS 2021,370139310022
791,37,015,960100,1,2021,ACS 2021,370159601001
1197,37,015,960100,2,2021,ACS 2021,370159601002
1024,37,015,960100,3,2021,ACS 2021,370159601003
814,37,015,960100,4,2021,ACS 2021,370159601004
527,37,015,960100,5,2021,ACS 2021,370159601005
645,37,015,960100,6,2021,ACS 2021,370159601006
826,37,015,960200,1,2021,ACS 2021,370159602001
1506,37,015,960200,2,2021,ACS 2021,370159602002
1462,37,015,960200,3,2021,ACS 2021,370159602003
934,37,015,960300,1,2021,ACS 2021,370159603001
856,37,015,960300,2,2021,ACS 2021,370159603002
1399,37,015,960300,3,2021,ACS 2021,370159603003
492,37,015,960401,1,2021,ACS 2021,370159604011
1078,37,015,960401,2,2021,ACS 2021,370159604012
529,37,015,960401,3,2021,ACS 2021,370159604013
696,37,015,960401,4,2021,ACS 2021,370159604014
0,37,015,960402,0,2021,ACS 2021,370159604020
851,37,015,960402,1,2021,ACS 2021,370159604021
1374,37,015,960402,2,2021,ACS 2021,370159604022
1104,37,015,960402,3,2021,ACS 2021,370159604023
1599,37,017,950101,1,2021,ACS 2021,370179501011
1087,37,017,950101,2,2021,ACS 2021,370179501012
479,37,017,950102,1,2021,ACS 2021,370179501021
1047,37,017,950102,2,2021,ACS 2021,370179501022
356,37,017,950102,3,2021,ACS 2021,370179501023
1091,37,017,950200,1,2021,ACS 2021,370179502001
1317,37,017,950200,2,2021,ACS 2021,370179502002
1800,37,017,950301,1,2021,ACS 2021,370179503011
1326,37,017,950301,2,2021,ACS 2021,370179503012
952,37,017,950302,1,2021,ACS 2021,370179503021
964,37,017,950302,2,2021,ACS 2021,370179503022
967,37,017,950302,3,2021,ACS 2021,370179503023
806,37,017,950401,1,2021,ACS 2021,370179504011
841,37,017,950401,2,2021,ACS 2021,370179504012
855,37,017,950401,3,2021,ACS 2021,370179504013
994,37,017,950401,4,2021,ACS 2021,370179504014
2074,37,017,950402,1,2021,ACS 2021,370179504021
473,37,017,950402,2,2021,ACS 2021,370179504022
1765,37,017,950501,1,2021,ACS 2021,370179505011
1257,37,017,950501,2,2021,ACS 2021,370179505012
1227,37,017,950502,1,2021,ACS 2021,370179505021
1172,37,017,950502,2,2021,ACS 2021,370179505022
712,37,017,950502,3,2021,ACS 2021,370179505023
330,37,017,950502,4,2021,ACS 2021,370179505024
331,37,017,950601,1,2021,ACS 2021,370179506011
919,37,017,950601,2,2021,ACS 2021,370179506012
708,37,017,950601,3,2021,ACS 2021,370179506013
582,37,017,950601,4,2021,ACS 2021,370179506014
1137,37,017,950602,1,2021,ACS 2021,370179506021
937,37,017,950602,2,2021,ACS 2021,370179506022
1600,37,019,020101,1,2021,ACS 2021,370190201011
642,37,019,020101,2,2021,ACS 2021,370190201012
1066,37,019,020102,1,2021,ACS 2021,370190201021
4439,37,019,020102,2,2021,ACS 2021,370190201022
967,37,019,020105,1,2021,ACS 2021,370190201051
3085,37,019,020105,2,2021,ACS 2021,370190201052
2307,37,019,020105,3,2021,ACS 2021,370190201053
3027,37,019,020106,1,2021,ACS 2021,370190201061
564,37,019,020107,1,2021,ACS 2021,370190201071
1776,37,019,020107,2,2021,ACS 2021,370190201072
1570,37,019,020107,3,2021,ACS 2021,370190201073
889,37,019,020108,1,2021,ACS 2021,370190201081
2123,37,019,020108,2,2021,ACS 2021,370190201082
2710,37,019,020201,1,2021,ACS 2021,370190202011
3156,37,019,020201,2,2021,ACS 2021,370190202012
1516,37,019,020203,1,2021,ACS 2021,370190202031
644,37,019,020203,2,2021,ACS 2021,370190202032
581,37,019,020204,1,2021,ACS 2021,370190202041
1779,37,019,020204,2,2021,ACS 2021,370190202042
2691,37,019,020204,3,2021,ACS 2021,370190202043
1927,37,019,020204,4,2021,ACS 2021,370190202044
3030,37,019,020205,1,2021,ACS 2021,370190202051
3067,37,019,020205,2,2021,ACS 2021,370190202052
1864,37,019,020205,3,2021,ACS 2021,370190202053
1695,37,019,020206,1,2021,ACS 2021,370190202061
703,37,019,020304,1,2021,ACS 2021,370190203041
3280,37,019,020304,2,2021,ACS 2021,370190203042
2224,37,019,020304,3,2021,ACS 2021,370190203043
1680,37,019,020304,4,2021,ACS 2021,370190203044
1802,37,019,020304,5,2021,ACS 2021,370190203045
659,37,019,020305,1,2021,ACS 2021,370190203051
1271,37,019,020305,2,2021,ACS 2021,370190203052
904,37,019,020305,3,2021,ACS 2021,370190203053
812,37,019,020306,1,2021,ACS 2021,370190203061
1080,37,019,020306,2,2021,ACS 2021,370190203062
155,37,019,020307,1,2021,ACS 2021,370190203071
316,37,019,020308,1,2021,ACS 2021,370190203081
1326,37,019,020308,2,2021,ACS 2021,370190203082
572,37,019,020308,3,2021,ACS 2021,370190203083
1440,37,019,020311,1,2021,ACS 2021,370190203111
837,37,019,020311,2,2021,ACS 2021,370190203112
510,37,019,020311,3,2021,ACS 2021,370190203113
578,37,019,020312,1,2021,ACS 2021,370190203121
225,37,019,020312,2,2021,ACS 2021,370190203122
339,37,019,020312,3,2021,ACS 2021,370190203123
700,37,019,020313,1,2021,ACS 2021,370190203131
979,37,019,020313,2,2021,ACS 2021,370190203132
763,37,019,020313,3,2021,ACS 2021,370190203133
366,37,019,020314,1,2021,ACS 2021,370190203141
580,37,019,020315,1,2021,ACS 2021,370190203151
444,37,019,020315,2,2021,ACS 2021,370190203152
465,37,019,020315,3,2021,ACS 2021,370190203153
570,37,019,020315,4,2021,ACS 2021,370190203154
687,37,019,020316,1,2021,ACS 2021,370190203161
987,37,019,020404,1,2021,ACS 2021,370190204041
1076,37,019,020404,2,2021,ACS 2021,370190204042
802,37,019,020404,3,2021,ACS 2021,370190204043
1488,37,019,020405,1,2021,ACS 2021,370190204051
974,37,019,020405,2,2021,ACS 2021,370190204052
1066,37,019,020405,3,2021,ACS 2021,370190204053
212,37,019,020406,1,2021,ACS 2021,370190204061
379,37,019,020406,2,2021,ACS 2021,370190204062
361,37,019,020406,3,2021,ACS 2021,370190204063
358,37,019,020407,1,2021,ACS 2021,370190204071
657,37,019,020407,2,2021,ACS 2021,370190204072
670,37,019,020407,3,2021,ACS 2021,370190204073
1357,37,019,020408,1,2021,ACS 2021,370190204081
696,37,019,020408,2,2021,ACS 2021,370190204082
871,37,019,020408,3,2021,ACS 2021,370190204083
846,37,019,020409,1,2021,ACS 2021,370190204091
285,37,019,020409,2,2021,ACS 2021,370190204092
310,37,019,020409,3,2021,ACS 2021,370190204093
309,37,019,020409,4,2021,ACS 2021,370190204094
488,37,019,020504,1,2021,ACS 2021,370190205041
654,37,019,020504,2,2021,ACS 2021,370190205042
767,37,019,020504,3,2021,ACS 2021,370190205043
820,37,019,020505,1,2021,ACS 2021,370190205051
886,37,019,020505,2,2021,ACS 2021,370190205052
1425,37,019,020505,3,2021,ACS 2021,370190205053
574,37,019,020508,1,2021,ACS 2021,370190205081
902,37,019,020508,2,2021,ACS 2021,370190205082
622,37,019,020508,3,2021,ACS 2021,370190205083
674,37,019,020508,4,2021,ACS 2021,370190205084
803,37,019,020510,1,2021,ACS 2021,370190205101
1001,37,019,020510,2,2021,ACS 2021,370190205102
591,37,019,020510,3,2021,ACS 2021,370190205103
194,37,019,020510,4,2021,ACS 2021,370190205104
1230,37,019,020511,1,2021,ACS 2021,370190205111
376,37,019,020511,2,2021,ACS 2021,370190205112
477,37,019,020511,3,2021,ACS 2021,370190205113
185,37,019,020512,1,2021,ACS 2021,370190205121
143,37,019,020512,2,2021,ACS 2021,370190205122
329,37,019,020512,3,2021,ACS 2021,370190205123
263,37,019,020512,4,2021,ACS 2021,370190205124
1166,37,019,020513,1,2021,ACS 2021,370190205131
239,37,019,020513,2,2021,ACS 2021,370190205132
802,37,019,020514,1,2021,ACS 2021,370190205141
1116,37,019,020514,2,2021,ACS 2021,370190205142
938,37,019,020514,3,2021,ACS 2021,370190205143
1052,37,019,020515,1,2021,ACS 2021,370190205151
1159,37,019,020515,2,2021,ACS 2021,370190205152
1036,37,019,020515,3,2021,ACS 2021,370190205153
917,37,019,020515,4,2021,ACS 2021,370190205154
2023,37,019,020516,1,2021,ACS 2021,370190205161
981,37,019,020516,2,2021,ACS 2021,370190205162
1347,37,019,020516,3,2021,ACS 2021,370190205163
446,37,019,020517,1,2021,ACS 2021,370190205171
608,37,019,020517,2,2021,ACS 2021,370190205172
1163,37,019,020517,3,2021,ACS 2021,370190205173
520,37,019,020517,4,2021,ACS 2021,370190205174
410,37,019,020518,1,2021,ACS 2021,370190205181
973,37,019,020518,2,2021,ACS 2021,370190205182
1584,37,019,020518,3,2021,ACS 2021,370190205183
1419,37,019,020601,1,2021,ACS 2021,370190206011
2013,37,019,020601,2,2021,ACS 2021,370190206012
1384,37,019,020601,3,2021,ACS 2021,370190206013
770,37,019,020602,1,2021,ACS 2021,370190206021
2144,37,019,020602,2,2021,ACS 2021,370190206022
1996,37,019,020602,3,2021,ACS 2021,370190206023
1574,37,019,020603,1,2021,ACS 2021,370190206031
1919,37,019,020603,2,2021,ACS 2021,370190206032
0,37,019,990100,0,2021,ACS 2021,370199901000
399,37,021,000100,1,2021,ACS 2021,370210001001
1001,37,021,000100,2,2021,ACS 2021,370210001002
508,37,021,000200,1,2021,ACS 2021,370210002001
854,37,021,000200,2,2021,ACS 2021,370210002002
1766,37,021,000300,1,2021,ACS 2021,370210003001
734,37,021,000300,2,2021,ACS 2021,370210003002
3055,37,021,000400,1,2021,ACS 2021,370210004001
545,37,021,000400,2,2021,ACS 2021,370210004002
580,37,021,000400,3,2021,ACS 2021,370210004003
1013,37,021,000500,1,2021,ACS 2021,370210005001
706,37,021,000500,2,2021,ACS 2021,370210005002
2057,37,021,000500,3,2021,ACS 2021,370210005003
716,37,021,000600,1,2021,ACS 2021,370210006001
1240,37,021,000600,2,2021,ACS 2021,370210006002
1656,37,021,000700,1,2021,ACS 2021,370210007001
951,37,021,000800,1,2021,ACS 2021,370210008001
1620,37,021,000800,2,2021,ACS 2021,370210008002
875,37,021,000800,3,2021,ACS 2021,370210008003
555,37,021,000900,1,2021,ACS 2021,370210009001
1006,37,021,000900,2,2021,ACS 2021,370210009002
1476,37,021,000900,3,2021,ACS 2021,370210009003
1794,37,021,001000,1,2021,ACS 2021,370210010001
3180,37,021,001000,2,2021,ACS 2021,370210010002
1777,37,021,001100,1,2021,ACS 2021,370210011001
1796,37,021,001100,2,2021,ACS 2021,370210011002
1749,37,021,001100,3,2021,ACS 2021,370210011003
827,37,021,001200,1,2021,ACS 2021,370210012001
413,37,021,001200,2,2021,ACS 2021,370210012002
620,37,021,001200,3,2021,ACS 2021,370210012003
1479,37,021,001200,4,2021,ACS 2021,370210012004
1405,37,021,001200,5,2021,ACS 2021,370210012005
1992,37,021,001300,1,2021,ACS 2021,370210013001
1157,37,021,001300,2,2021,ACS 2021,370210013002
1631,37,021,001300,3,2021,ACS 2021,370210013003
1106,37,021,001401,1,2021,ACS 2021,370210014011
1511,37,021,001401,2,2021,ACS 2021,370210014012
2360,37,021,001401,3,2021,ACS 2021,370210014013
2195,37,021,001402,1,2021,ACS 2021,370210014021
598,37,021,001402,2,2021,ACS 2021,370210014022
1740,37,021,001500,1,2021,ACS 2021,370210015001
1309,37,021,001500,2,2021,ACS 2021,370210015002
1856,37,021,001601,1,2021,ACS 2021,370210016011
2637,37,021,001601,2,2021,ACS 2021,370210016012
1489,37,021,001602,1,2021,ACS 2021,370210016021
1875,37,021,001602,2,2021,ACS 2021,370210016022
1094,37,021,001700,1,2021,ACS 2021,370210017001
1879,37,021,001700,2,2021,ACS 2021,370210017002
1542,37,021,001801,1,2021,ACS 2021,370210018011
1686,37,021,001801,2,2021,ACS 2021,370210018012
3003,37,021,001802,1,2021,ACS 2021,370210018021
2379,37,021,001802,2,2021,ACS 2021,370210018022
2276,37,021,001900,1,2021,ACS 2021,370210019001
1666,37,021,001900,2,2021,ACS 2021,370210019002
2789,37,021,002000,1,2021,ACS 2021,370210020001
1386,37,021,002000,2,2021,ACS 2021,370210020002
493,37,021,002000,3,2021,ACS 2021,370210020003
2303,37,021,002000,4,2021,ACS 2021,370210020004
1638,37,021,002101,1,2021,ACS 2021,370210021011
2258,37,021,002102,1,2021,ACS 2021,370210021021
1185,37,021,002102,2,2021,ACS 2021,370210021022
2108,37,021,002102,3,2021,ACS 2021,370210021023
1750,37,021,002203,1,2021,ACS 2021,370210022031
2163,37,021,002203,2,2021,ACS 2021,370210022032
1849,37,021,002203,3,2021,ACS 2021,370210022033
3110,37,021,002204,1,2021,ACS 2021,370210022041
4485,37,021,002204,2,2021,ACS 2021,370210022042
655,37,021,002204,3,2021,ACS 2021,370210022043
694,37,021,002204,4,2021,ACS 2021,370210022044
3278,37,021,002205,1,2021,ACS 2021,370210022051
2609,37,021,002205,2,2021,ACS 2021,370210022052
957,37,021,002205,3,2021,ACS 2021,370210022053
2461,37,021,002206,1,2021,ACS 2021,370210022061
2158,37,021,002206,2,2021,ACS 2021,370210022062
1345,37,021,002303,1,2021,ACS 2021,370210023031
1106,37,021,002303,2,2021,ACS 2021,370210023032
2052,37,021,002303,3,2021,ACS 2021,370210023033
2320,37,021,002303,4,2021,ACS 2021,370210023034
1541,37,021,002304,1,2021,ACS 2021,370210023041
2202,37,021,002305,1,2021,ACS 2021,370210023051
3400,37,021,002305,2,2021,ACS 2021,370210023052
2214,37,021,002306,1,2021,ACS 2021,370210023061
1715,37,021,002306,2,2021,ACS 2021,370210023062
993,37,021,002401,1,2021,ACS 2021,370210024011
2445,37,021,002401,2,2021,ACS 2021,370210024012
2257,37,021,002402,1,2021,ACS 2021,370210024021
1833,37,021,002402,2,2021,ACS 2021,370210024022
1052,37,021,002402,3,2021,ACS 2021,370210024023
2111,37,021,002503,1,2021,ACS 2021,370210025031
1660,37,021,002503,2,2021,ACS 2021,370210025032
860,37,021,002503,3,2021,ACS 2021,370210025033
2048,37,021,002504,1,2021,ACS 2021,370210025041
797,37,021,002504,2,2021,ACS 2021,370210025042
1908,37,021,002504,3,2021,ACS 2021,370210025043
2676,37,021,002505,1,2021,ACS 2021,370210025051
1268,37,021,002505,2,2021,ACS 2021,370210025052
2159,37,021,002505,3,2021,ACS 2021,370210025053
1387,37,021,002506,1,2021,ACS 2021,370210025061
1187,37,021,002506,2,2021,ACS 2021,370210025062
825,37,021,002506,3,2021,ACS 2021,370210025063
2347,37,021,002603,1,2021,ACS 2021,370210026031
1175,37,021,002603,2,2021,ACS 2021,370210026032
1224,37,021,002604,1,2021,ACS 2021,370210026041
1551,37,021,002604,2,2021,ACS 2021,370210026042
1249,37,021,002604,3,2021,ACS 2021,370210026043
1496,37,021,002604,4,2021,ACS 2021,370210026044
2879,37,021,002606,1,2021,ACS 2021,370210026061
1135,37,021,002606,2,2021,ACS 2021,370210026062
2481,37,021,002606,3,2021,ACS 2021,370210026063
1446,37,021,002607,1,2021,ACS 2021,370210026071
1213,37,021,002607,2,2021,ACS 2021,370210026072
1103,37,021,002607,3,2021,ACS 2021,370210026073
462,37,021,002608,1,2021,ACS 2021,370210026081
761,37,021,002608,2,2021,ACS 2021,370210026082
1073,37,021,002608,3,2021,ACS 2021,370210026083
1077,37,021,002608,4,2021,ACS 2021,370210026084
1236,37,021,002608,5,2021,ACS 2021,370210026085
1852,37,021,002609,1,2021,ACS 2021,370210026091
1731,37,021,002701,1,2021,ACS 2021,370210027011
1396,37,021,002701,2,2021,ACS 2021,370210027012
854,37,021,002701,3,2021,ACS 2021,370210027013
2235,37,021,002702,1,2021,ACS 2021,370210027021
893,37,021,002702,2,2021,ACS 2021,370210027022
1721,37,021,002702,3,2021,ACS 2021,370210027023
865,37,021,002704,1,2021,ACS 2021,370210027041
2015,37,021,002704,2,2021,ACS 2021,370210027042
693,37,021,002704,3,2021,ACS 2021,370210027043
1702,37,021,002704,4,2021,ACS 2021,370210027044
1193,37,021,002705,1,2021,ACS 2021,370210027051
1028,37,021,002803,1,2021,ACS 2021,370210028031
1372,37,021,002803,2,2021,ACS 2021,370210028032
2836,37,021,002803,3,2021,ACS 2021,370210028033
1137,37,021,002804,1,2021,ACS 2021,370210028041
1684,37,021,002804,2,2021,ACS 2021,370210028042
2335,37,021,002804,3,2021,ACS 2021,370210028043
2158,37,021,002900,1,2021,ACS 2021,370210029001
1024,37,021,002900,2,2021,ACS 2021,370210029002
1043,37,021,002900,3,2021,ACS 2021,370210029003
629,37,021,003002,1,2021,ACS 2021,370210030021
732,37,021,003002,2,2021,ACS 2021,370210030022
545,37,021,003002,3,2021,ACS 2021,370210030023
6146,37,021,003002,4,2021,ACS 2021,370210030024
1807,37,021,003003,1,2021,ACS 2021,370210030031
2485,37,021,003003,2,2021,ACS 2021,370210030032
1273,37,021,003003,3,2021,ACS 2021,370210030033
878,37,021,003004,1,2021,ACS 2021,370210030041
2125,37,021,003004,2,2021,ACS 2021,370210030042
2076,37,021,003103,1,2021,ACS 2021,370210031031
881,37,021,003105,1,2021,ACS 2021,370210031051
1137,37,021,003105,2,2021,ACS 2021,370210031052
1250,37,021,003105,3,2021,ACS 2021,370210031053
1162,37,021,003106,1,2021,ACS 2021,370210031061
1761,37,021,003107,1,2021,ACS 2021,370210031071
437,37,021,003107,2,2021,ACS 2021,370210031072
1152,37,021,003107,3,2021,ACS 2021,370210031073
1023,37,021,003107,4,2021,ACS 2021,370210031074
2067,37,021,003108,1,2021,ACS 2021,370210031081
1768,37,021,003201,1,2021,ACS 2021,370210032011
963,37,021,003202,1,2021,ACS 2021,370210032021
647,37,021,003202,2,2021,ACS 2021,370210032022
1354,37,021,003202,3,2021,ACS 2021,370210032023
875,37,021,003202,4,2021,ACS 2021,370210032024
1101,37,021,003203,1,2021,ACS 2021,370210032031
1073,37,021,003203,2,2021,ACS 2021,370210032032
4290,37,021,003203,3,2021,ACS 2021,370210032033
1802,37,021,003204,1,2021,ACS 2021,370210032041
1990,37,021,003204,2,2021,ACS 2021,370210032042
1467,37,021,003204,3,2021,ACS 2021,370210032043
1386,37,021,003205,1,2021,ACS 2021,370210032051
713,37,023,020100,1,2021,ACS 2021,370230201001
2594,37,023,020100,2,2021,ACS 2021,370230201002
939,37,023,020100,3,2021,ACS 2021,370230201003
1729,37,023,020202,1,2021,ACS 2021,370230202021
2734,37,023,020202,2,2021,ACS 2021,370230202022
992,37,023,020203,1,2021,ACS 2021,370230202031
2291,37,023,020203,2,2021,ACS 2021,370230202032
1663,37,023,020204,1,2021,ACS 2021,370230202041
852,37,023,020204,2,2021,ACS 2021,370230202042
1262,37,023,020301,1,2021,ACS 2021,370230203011
1238,37,023,020301,2,2021,ACS 2021,370230203012
895,37,023,020301,3,2021,ACS 2021,370230203013
1984,37,023,020301,4,2021,ACS 2021,370230203014
1718,37,023,020303,1,2021,ACS 2021,370230203031
1596,37,023,020303,2,2021,ACS 2021,370230203032
1465,37,023,020303,3,2021,ACS 2021,370230203033
1264,37,023,020304,1,2021,ACS 2021,370230203041
830,37,023,020304,2,2021,ACS 2021,370230203042
2130,37,023,020500,1,2021,ACS 2021,370230205001
644,37,023,020500,2,2021,ACS 2021,370230205002
1431,37,023,020600,1,2021,ACS 2021,370230206001
868,37,023,020600,2,2021,ACS 2021,370230206002
1080,37,023,020600,3,2021,ACS 2021,370230206003
752,37,023,020600,4,2021,ACS 2021,370230206004
1811,37,023,020600,5,2021,ACS 2021,370230206005
2588,37,023,020801,1,2021,ACS 2021,370230208011
1077,37,023,020801,2,2021,ACS 2021,370230208012
2123,37,023,020801,3,2021,ACS 2021,370230208013
1676,37,023,020802,1,2021,ACS 2021,370230208021
1526,37,023,020802,2,2021,ACS 2021,370230208022
1947,37,023,020901,1,2021,ACS 2021,370230209011
1620,37,023,020901,2,2021,ACS 2021,370230209012
780,37,023,020902,1,2021,ACS 2021,370230209021
1066,37,023,020902,2,2021,ACS 2021,370230209022
1483,37,023,020902,3,2021,ACS 2021,370230209023
1930,37,023,021000,1,2021,ACS 2021,370230210001
908,37,023,021000,2,2021,ACS 2021,370230210002
2040,37,023,021000,3,2021,ACS 2021,370230210003
125,37,023,021000,4,2021,ACS 2021,370230210004
1770,37,023,021100,1,2021,ACS 2021,370230211001
2386,37,023,021100,2,2021,ACS 2021,370230211002
865,37,023,021100,3,2021,ACS 2021,370230211003
1265,37,023,021100,4,2021,ACS 2021,370230211004
1176,37,023,021201,1,2021,ACS 2021,370230212011
1264,37,023,021201,2,2021,ACS 2021,370230212012
1346,37,023,021201,3,2021,ACS 2021,370230212013
1435,37,023,021202,1,2021,ACS 2021,370230212021
1819,37,023,021202,2,2021,ACS 2021,370230212022
1237,37,023,021202,3,2021,ACS 2021,370230212023
2106,37,023,021203,1,2021,ACS 2021,370230212031
1403,37,023,021203,2,2021,ACS 2021,370230212032
809,37,023,021301,1,2021,ACS 2021,370230213011
1517,37,023,021301,2,2021,ACS 2021,370230213012
1192,37,023,021301,3,2021,ACS 2021,370230213013
1802,37,023,021301,4,2021,ACS 2021,370230213014
1048,37,023,021302,1,2021,ACS 2021,370230213021
1096,37,023,021302,2,2021,ACS 2021,370230213022
1186,37,023,021302,3,2021,ACS 2021,370230213023
2399,37,023,021400,1,2021,ACS 2021,370230214001
825,37,023,021400,2,2021,ACS 2021,370230214002
1519,37,023,021400,3,2021,ACS 2021,370230214003
2517,37,025,040501,1,2021,ACS 2021,370250405011
1349,37,025,040501,2,2021,ACS 2021,370250405012
720,37,025,040501,3,2021,ACS 2021,370250405013
1792,37,025,040501,4,2021,ACS 2021,370250405014
2027,37,025,040501,5,2021,ACS 2021,370250405015
2823,37,025,040502,1,2021,ACS 2021,370250405021
1626,37,025,040502,2,2021,ACS 2021,370250405022
1785,37,025,040502,3,2021,ACS 2021,370250405023
1734,37,025,040600,1,2021,ACS 2021,370250406001
606,37,025,040600,2,2021,ACS 2021,370250406002
1644,37,025,040600,3,2021,ACS 2021,370250406003
1458,37,025,040600,4,2021,ACS 2021,370250406004
1349,37,025,040701,1,2021,ACS 2021,370250407011
799,37,025,040701,2,2021,ACS 2021,370250407012
1539,37,025,040703,1,2021,ACS 2021,370250407031
1170,37,025,040703,2,2021,ACS 2021,370250407032
1822,37,025,040704,1,2021,ACS 2021,370250407041
1631,37,025,040704,2,2021,ACS 2021,370250407042
1431,37,025,040705,1,2021,ACS 2021,370250407051
2253,37,025,040705,2,2021,ACS 2021,370250407052
1055,37,025,040800,1,2021,ACS 2021,370250408001
1495,37,025,040800,2,2021,ACS 2021,370250408002
1542,37,025,040800,3,2021,ACS 2021,370250408003
1930,37,025,040900,1,2021,ACS 2021,370250409001
2104,37,025,041001,1,2021,ACS 2021,370250410011
988,37,025,041001,2,2021,ACS 2021,370250410012
2140,37,025,041002,1,2021,ACS 2021,370250410021
1110,37,025,041002,2,2021,ACS 2021,370250410022
1272,37,025,041100,1,2021,ACS 2021,370250411001
1529,37,025,041100,2,2021,ACS 2021,370250411002
1920,37,025,041100,3,2021,ACS 2021,370250411003
1376,37,025,041100,4,2021,ACS 2021,370250411004
1941,37,025,041201,1,2021,ACS 2021,370250412011
1912,37,025,041201,2,2021,ACS 2021,370250412012
1390,37,025,041202,1,2021,ACS 2021,370250412021
890,37,025,041202,2,2021,ACS 2021,370250412022
3617,37,025,041202,3,2021,ACS 2021,370250412023
6156,37,025,041301,1,2021,ACS 2021,370250413011
1319,37,025,041301,2,2021,ACS 2021,370250413012
4349,37,025,041304,1,2021,ACS 2021,370250413041
4122,37,025,041304,2,2021,ACS 2021,370250413042
1965,37,025,041305,1,2021,ACS 2021,370250413051
668,37,025,041305,2,2021,ACS 2021,370250413052
1516,37,025,041306,1,2021,ACS 2021,370250413061
3482,37,025,041306,2,2021,ACS 2021,370250413062
3076,37,025,041307,1,2021,ACS 2021,370250413071
2300,37,025,041307,2,2021,ACS 2021,370250413072
2807,37,025,041307,3,2021,ACS 2021,370250413073
5650,37,025,041503,1,2021,ACS 2021,370250415031
1382,37,025,041504,1,2021,ACS 2021,370250415041
2923,37,025,041504,2,2021,ACS 2021,370250415042
3773,37,025,041505,1,2021,ACS 2021,370250415051
3712,37,025,041505,2,2021,ACS 2021,370250415052
994,37,025,041505,3,2021,ACS 2021,370250415053
2586,37,025,041506,1,2021,ACS 2021,370250415061
2562,37,025,041506,2,2021,ACS 2021,370250415062
1266,37,025,041507,1,2021,ACS 2021,370250415071
2356,37,025,041507,2,2021,ACS 2021,370250415072
1397,37,025,041602,1,2021,ACS 2021,370250416021
2446,37,025,041602,2,2021,ACS 2021,370250416022
1781,37,025,041603,1,2021,ACS 2021,370250416031
2720,37,025,041603,2,2021,ACS 2021,370250416032
1410,37,025,041604,1,2021,ACS 2021,370250416041
420,37,025,041604,2,2021,ACS 2021,370250416042
1646,37,025,041604,3,2021,ACS 2021,370250416043
419,37,025,041604,4,2021,ACS 2021,370250416044
1069,37,025,041701,1,2021,ACS 2021,370250417011
1205,37,025,041701,2,2021,ACS 2021,370250417012
1605,37,025,041701,3,2021,ACS 2021,370250417013
1504,37,025,041702,1,2021,ACS 2021,370250417021
1026,37,025,041702,2,2021,ACS 2021,370250417022
1111,37,025,041702,3,2021,ACS 2021,370250417023
1311,37,025,041901,1,2021,ACS 2021,370250419011
1552,37,025,041901,2,2021,ACS 2021,370250419012
1386,37,025,041902,1,2021,ACS 2021,370250419021
1042,37,025,041902,2,2021,ACS 2021,370250419022
995,37,025,041902,3,2021,ACS 2021,370250419023
1940,37,025,042000,1,2021,ACS 2021,370250420001
1279,37,025,042000,2,2021,ACS 2021,370250420002
3082,37,025,042000,3,2021,ACS 2021,370250420003
638,37,025,042101,1,2021,ACS 2021,370250421011
1059,37,025,042101,2,2021,ACS 2021,370250421012
1393,37,025,042101,3,2021,ACS 2021,370250421013
669,37,025,042101,4,2021,ACS 2021,370250421014
1770,37,025,042102,1,2021,ACS 2021,370250421021
2333,37,025,042102,2,2021,ACS 2021,370250421022
675,37,025,042201,1,2021,ACS 2021,370250422011
1265,37,025,042201,2,2021,ACS 2021,370250422012
1074,37,025,042201,3,2021,ACS 2021,370250422013
1943,37,025,042202,1,2021,ACS 2021,370250422021
1522,37,025,042202,2,2021,ACS 2021,370250422022
920,37,025,042202,3,2021,ACS 2021,370250422023
903,37,025,042300,1,2021,ACS 2021,370250423001
1486,37,025,042300,2,2021,ACS 2021,370250423002
1781,37,025,042300,3,2021,ACS 2021,370250423003
2123,37,025,042401,1,2021,ACS 2021,370250424011
2209,37,025,042401,2,2021,ACS 2021,370250424012
1271,37,025,042402,1,2021,ACS 2021,370250424021
2341,37,025,042402,2,2021,ACS 2021,370250424022
1858,37,025,042402,3,2021,ACS 2021,370250424023
933,37,025,042402,4,2021,ACS 2021,370250424024
1323,37,025,042501,1,2021,ACS 2021,370250425011
3388,37,025,042501,2,2021,ACS 2021,370250425012
1258,37,025,042502,1,2021,ACS 2021,370250425021
1186,37,025,042502,2,2021,ACS 2021,370250425022
2100,37,025,042503,1,2021,ACS 2021,370250425031
3227,37,025,042503,2,2021,ACS 2021,370250425032
1634,37,025,042504,1,2021,ACS 2021,370250425041
3096,37,025,042601,1,2021,ACS 2021,370250426011
1424,37,025,042601,2,2021,ACS 2021,370250426012
2008,37,025,042601,3,2021,ACS 2021,370250426013
1209,37,025,042602,1,2021,ACS 2021,370250426021
3002,37,025,042602,2,2021,ACS 2021,370250426022
1057,37,025,042603,1,2021,ACS 2021,370250426031
3192,37,025,042603,2,2021,ACS 2021,370250426032
2797,37,025,042603,3,2021,ACS 2021,370250426033
2496,37,025,042603,4,2021,ACS 2021,370250426034
1600,37,025,042604,1,2021,ACS 2021,370250426041
1187,37,025,042604,2,2021,ACS 2021,370250426042
2254,37,025,042604,3,2021,ACS 2021,370250426043
1071,37,027,030100,1,2021,ACS 2021,370270301001
816,37,027,030100,2,2021,ACS 2021,370270301002
584,37,027,030100,3,2021,ACS 2021,370270301003
707,37,027,030100,4,2021,ACS 2021,370270301004
1198,37,027,030100,5,2021,ACS 2021,370270301005
1084,37,027,030100,6,2021,ACS 2021,370270301006
1109,37,027,030200,1,2021,ACS 2021,370270302001
781,37,027,030200,2,2021,ACS 2021,370270302002
1139,37,027,030200,3,2021,ACS 2021,370270302003
2064,37,027,030200,4,2021,ACS 2021,370270302004
498,37,027,030300,1,2021,ACS 2021,370270303001
1248,37,027,030300,2,2021,ACS 2021,370270303002
964,37,027,030300,3,2021,ACS 2021,370270303003
1216,37,027,030300,4,2021,ACS 2021,370270303004
579,37,027,030400,1,2021,ACS 2021,370270304001
662,37,027,030400,2,2021,ACS 2021,370270304002
1248,37,027,030400,3,2021,ACS 2021,370270304003
1391,37,027,030400,4,2021,ACS 2021,370270304004
2875,37,027,030500,1,2021,ACS 2021,370270305001
1534,37,027,030500,2,2021,ACS 2021,370270305002
1044,37,027,030500,3,2021,ACS 2021,370270305003
934,37,027,030600,1,2021,ACS 2021,370270306001
1777,37,027,030600,2,2021,ACS 2021,370270306002
1640,37,027,030600,3,2021,ACS 2021,370270306003
1168,37,027,030700,1,2021,ACS 2021,370270307001
1277,37,027,030700,2,2021,ACS 2021,370270307002
1372,37,027,030700,3,2021,ACS 2021,370270307003
1976,37,027,030700,4,2021,ACS 2021,370270307004
1012,37,027,030700,5,2021,ACS 2021,370270307005
1087,37,027,030801,1,2021,ACS 2021,370270308011
1756,37,027,030801,2,2021,ACS 2021,370270308012
689,37,027,030802,1,2021,ACS 2021,370270308021
1688,37,027,030802,2,2021,ACS 2021,370270308022
1376,37,027,030802,3,2021,ACS 2021,370270308023
818,37,027,030900,1,2021,ACS 2021,370270309001
1534,37,027,030900,2,2021,ACS 2021,370270309002
1380,37,027,030900,3,2021,ACS 2021,370270309003
1312,37,027,030900,4,2021,ACS 2021,370270309004
1113,37,027,031000,1,2021,ACS 2021,370270310001
737,37,027,031000,2,2021,ACS 2021,370270310002
1119,37,027,031000,3,2021,ACS 2021,370270310003
883,37,027,031100,1,2021,ACS 2021,370270311001
1391,37,027,031100,2,2021,ACS 2021,370270311002
1197,37,027,031100,3,2021,ACS 2021,370270311003
852,37,027,031100,4,2021,ACS 2021,370270311004
645,37,027,031201,1,2021,ACS 2021,370270312011
739,37,027,031201,2,2021,ACS 2021,370270312012
1024,37,027,031201,3,2021,ACS 2021,370270312013
1530,37,027,031201,4,2021,ACS 2021,370270312014
2848,37,027,031202,1,2021,ACS 2021,370270312021
2306,37,027,031202,2,2021,ACS 2021,370270312022
1428,37,027,031301,1,2021,ACS 2021,370270313011
3164,37,027,031301,2,2021,ACS 2021,370270313012
2099,37,027,031302,1,2021,ACS 2021,370270313021
1319,37,027,031302,2,2021,ACS 2021,370270313022
686,37,027,031302,3,2021,ACS 2021,370270313023
2599,37,027,031401,1,2021,ACS 2021,370270314011
681,37,027,031401,2,2021,ACS 2021,370270314012
1351,37,027,031402,1,2021,ACS 2021,370270314021
1206,37,027,031402,2,2021,ACS 2021,370270314022
1038,37,027,031402,3,2021,ACS 2021,370270314023
1304,37,027,031403,1,2021,ACS 2021,370270314031
838,37,027,031403,2,2021,ACS 2021,370270314032
4310,37,029,950101,1,2021,ACS 2021,370299501011
1910,37,029,950101,2,2021,ACS 2021,370299501012
0,37,029,950102,0,2021,ACS 2021,370299501020
1939,37,029,950102,1,2021,ACS 2021,370299501021
1545,37,029,950102,2,2021,ACS 2021,370299501022
649,37,029,950102,3,2021,ACS 2021,370299501023
940,37,031,970101,1,2021,ACS 2021,370319701011
223,37,031,970102,1,2021,ACS 2021,370319701021
554,37,031,970102,2,2021,ACS 2021,370319701022
1615,37,031,970102,3,2021,ACS 2021,370319701023
454,37,031,970103,1,2021,ACS 2021,370319701031
949,37,031,970103,2,2021,ACS 2021,370319701032
1074,37,031,970103,3,2021,ACS 2021,370319701033
678,37,031,970200,1,2021,ACS 2021,370319702001
572,37,031,970200,2,2021,ACS 2021,370319702002
662,37,031,970301,1,2021,ACS 2021,370319703011
1182,37,031,970301,2,2021,ACS 2021,370319703012
2842,37,031,970301,3,2021,ACS 2021,370319703013
663,37,031,970304,1,2021,ACS 2021,370319703041
1661,37,031,970304,2,2021,ACS 2021,370319703042
891,37,031,970305,1,2021,ACS 2021,370319703051
1046,37,031,970305,2,2021,ACS 2021,370319703052
1444,37,031,970401,1,2021,ACS 2021,370319704011
1351,37,031,970402,1,2021,ACS 2021,370319704021
350,37,031,970403,1,2021,ACS 2021,370319704031
846,37,031,970403,2,2021,ACS 2021,370319704032
2114,37,031,970501,1,2021,ACS 2021,370319705011
919,37,031,970501,2,2021,ACS 2021,370319705012
1391,37,031,970502,1,2021,ACS 2021,370319705021
813,37,031,970502,2,2021,ACS 2021,370319705022
737,37,031,970503,1,2021,ACS 2021,370319705031
1425,37,031,970503,2,2021,ACS 2021,370319705032
1412,37,031,970504,1,2021,ACS 2021,370319705041
449,37,031,970504,2,2021,ACS 2021,370319705042
1070,37,031,970601,1,2021,ACS 2021,370319706011
1105,37,031,970602,1,2021,ACS 2021,370319706021
1452,37,031,970603,1,2021,ACS 2021,370319706031
1295,37,031,970606,1,2021,ACS 2021,370319706061
862,37,031,970606,2,2021,ACS 2021,370319706062
1610,37,031,970606,3,2021,ACS 2021,370319706063
1208,37,031,970701,1,2021,ACS 2021,370319707011
2636,37,031,970702,1,2021,ACS 2021,370319707021
993,37,031,970702,2,2021,ACS 2021,370319707022
1724,37,031,970703,1,2021,ACS 2021,370319707031
1350,37,031,970703,2,2021,ACS 2021,370319707032
953,37,031,970703,3,2021,ACS 2021,370319707033
186,37,031,970703,4,2021,ACS 2021,370319707034
1081,37,031,970704,1,2021,ACS 2021,370319707041
1080,37,031,970704,2,2021,ACS 2021,370319707042
1076,37,031,970801,1,2021,ACS 2021,370319708011
704,37,031,970801,2,2021,ACS 2021,370319708012
1134,37,031,970801,3,2021,ACS 2021,370319708013
1634,37,031,970804,1,2021,ACS 2021,370319708041
1131,37,031,970804,2,2021,ACS 2021,370319708042
1141,37,031,970804,3,2021,ACS 2021,370319708043
1634,37,031,970805,1,2021,ACS 2021,370319708051
549,37,031,970806,1,2021,ACS 2021,370319708061
1395,37,031,970806,2,2021,ACS 2021,370319708062
2319,37,031,970806,3,2021,ACS 2021,370319708063
1056,37,031,970903,1,2021,ACS 2021,370319709031
1152,37,031,970904,1,2021,ACS 2021,370319709041
1636,37,031,970904,2,2021,ACS 2021,370319709042
448,37,031,971003,1,2021,ACS 2021,370319710031
1288,37,031,971003,2,2021,ACS 2021,370319710032
806,37,031,971103,1,2021,ACS 2021,370319711031
979,37,031,971103,2,2021,ACS 2021,370319711032
0,37,031,980100,1,2021,ACS 2021,370319801001
0,37,031,990100,0,2021,ACS 2021,370319901000
0,37,031,990200,0,2021,ACS 2021,370319902000
1575,37,033,930100,1,2021,ACS 2021,370339301001
1004,37,033,930100,2,2021,ACS 2021,370339301002
390,37,033,930200,1,2021,ACS 2021,370339302001
1625,37,033,930200,2,2021,ACS 2021,370339302002
749,37,033,930200,3,2021,ACS 2021,370339302003
2520,37,033,930200,4,2021,ACS 2021,370339302004
2418,37,033,930300,1,2021,ACS 2021,370339303001
925,37,033,930300,2,2021,ACS 2021,370339303002
647,37,033,930300,3,2021,ACS 2021,370339303003
1500,37,033,930400,1,2021,ACS 2021,370339304001
730,37,033,930400,2,2021,ACS 2021,370339304002
1504,37,033,930500,1,2021,ACS 2021,370339305001
910,37,033,930500,2,2021,ACS 2021,370339305002
1541,37,033,930500,3,2021,ACS 2021,370339305003
839,37,033,930600,1,2021,ACS 2021,370339306001
1426,37,033,930600,2,2021,ACS 2021,370339306002
1441,37,033,930600,3,2021,ACS 2021,370339306003
1041,37,033,930600,4,2021,ACS 2021,370339306004
1069,37,035,010101,1,2021,ACS 2021,370350101011
2157,37,035,010101,2,2021,ACS 2021,370350101012
1607,37,035,010101,3,2021,ACS 2021,370350101013
1122,37,035,010101,4,2021,ACS 2021,370350101014
740,37,035,010102,1,2021,ACS 2021,370350101021
1590,37,035,010102,2,2021,ACS 2021,370350101022
2107,37,035,010102,3,2021,ACS 2021,370350101023
2169,37,035,010201,1,2021,ACS 2021,370350102011
1451,37,035,010201,2,2021,ACS 2021,370350102012
1281,37,035,010201,3,2021,ACS 2021,370350102013
1051,37,035,010203,1,2021,ACS 2021,370350102031
2097,37,035,010203,2,2021,ACS 2021,370350102032
2283,37,035,010204,1,2021,ACS 2021,370350102041
1490,37,035,010204,2,2021,ACS 2021,370350102042
1231,37,035,010204,3,2021,ACS 2021,370350102043
704,37,035,010301,1,2021,ACS 2021,370350103011
1686,37,035,010301,2,2021,ACS 2021,370350103012
2655,37,035,010301,3,2021,ACS 2021,370350103013
2713,37,035,010302,1,2021,ACS 2021,370350103021
391,37,035,010302,2,2021,ACS 2021,370350103022
1584,37,035,010302,3,2021,ACS 2021,370350103023
1534,37,035,010302,4,2021,ACS 2021,370350103024
1434,37,035,010303,1,2021,ACS 2021,370350103031
3317,37,035,010303,2,2021,ACS 2021,370350103032
830,37,035,010304,1,2021,ACS 2021,370350103041
1245,37,035,010304,2,2021,ACS 2021,370350103042
2146,37,035,010304,3,2021,ACS 2021,370350103043
2614,37,035,010402,1,2021,ACS 2021,370350104021
1539,37,035,010402,2,2021,ACS 2021,370350104022
1223,37,035,010402,3,2021,ACS 2021,370350104023
2555,37,035,010403,1,2021,ACS 2021,370350104031
2372,37,035,010403,2,2021,ACS 2021,370350104032
1213,37,035,010404,1,2021,ACS 2021,370350104041
1091,37,035,010404,2,2021,ACS 2021,370350104042
2422,37,035,010501,1,2021,ACS 2021,370350105011
1394,37,035,010501,2,2021,ACS 2021,370350105012
2656,37,035,010502,1,2021,ACS 2021,370350105021
1423,37,035,010502,2,2021,ACS 2021,370350105022
2486,37,035,010600,1,2021,ACS 2021,370350106001
753,37,035,010600,2,2021,ACS 2021,370350106002
1177,37,035,010600,3,2021,ACS 2021,370350106003
1891,37,035,010600,4,2021,ACS 2021,370350106004
732,37,035,010700,1,2021,ACS 2021,370350107001
955,37,035,010700,2,2021,ACS 2021,370350107002
723,37,035,010700,3,2021,ACS 2021,370350107003
1543,37,035,010900,1,2021,ACS 2021,370350109001
1715,37,035,010900,2,2021,ACS 2021,370350109002
1499,37,035,011000,1,2021,ACS 2021,370350110001
1064,37,035,011000,2,2021,ACS 2021,370350110002
1645,37,035,011101,1,2021,ACS 2021,370350111011
1758,37,035,011101,2,2021,ACS 2021,370350111012
1951,37,035,011102,1,2021,ACS 2021,370350111021
826,37,035,011102,2,2021,ACS 2021,370350111022
2133,37,035,011102,3,2021,ACS 2021,370350111023
3079,37,035,011102,4,2021,ACS 2021,370350111024
2449,37,035,011200,1,2021,ACS 2021,370350112001
1789,37,035,011200,2,2021,ACS 2021,370350112002
889,37,035,011200,3,2021,ACS 2021,370350112003
1119,37,035,011200,4,2021,ACS 2021,370350112004
2031,37,035,011300,1,2021,ACS 2021,370350113001
2451,37,035,011300,2,2021,ACS 2021,370350113002
2303,37,035,011300,3,2021,ACS 2021,370350113003
1699,37,035,011401,1,2021,ACS 2021,370350114011
1373,37,035,011401,2,2021,ACS 2021,370350114012
916,37,035,011401,3,2021,ACS 2021,370350114013
1566,37,035,011402,1,2021,ACS 2021,370350114021
1473,37,035,011402,2,2021,ACS 2021,370350114022
844,37,035,011402,3,2021,ACS 2021,370350114023
2386,37,035,011501,1,2021,ACS 2021,370350115011
1495,37,035,011501,2,2021,ACS 2021,370350115012
724,37,035,011501,3,2021,ACS 2021,370350115013
2189,37,035,011503,1,2021,ACS 2021,370350115031
1583,37,035,011503,2,2021,ACS 2021,370350115032
2106,37,035,011505,1,2021,ACS 2021,370350115051
1413,37,035,011505,2,2021,ACS 2021,370350115052
1210,37,035,011506,1,2021,ACS 2021,370350115061
2067,37,035,011506,2,2021,ACS 2021,370350115062
1455,37,035,011601,1,2021,ACS 2021,370350116011
1977,37,035,011601,2,2021,ACS 2021,370350116012
1368,37,035,011601,3,2021,ACS 2021,370350116013
737,37,035,011602,1,2021,ACS 2021,370350116021
2271,37,035,011602,2,2021,ACS 2021,370350116022
849,37,035,011602,3,2021,ACS 2021,370350116023
829,37,035,011602,4,2021,ACS 2021,370350116024
1880,37,035,011701,1,2021,ACS 2021,370350117011
1857,37,035,011701,2,2021,ACS 2021,370350117012
1164,37,035,011701,3,2021,ACS 2021,370350117013
1867,37,035,011702,1,2021,ACS 2021,370350117021
3091,37,035,011702,2,2021,ACS 2021,370350117022
901,37,035,011702,3,2021,ACS 2021,370350117023
569,37,035,011702,4,2021,ACS 2021,370350117024
1196,37,035,011702,5,2021,ACS 2021,370350117025
2211,37,035,011801,1,2021,ACS 2021,370350118011
1584,37,035,011801,2,2021,ACS 2021,370350118012
1943,37,035,011801,3,2021,ACS 2021,370350118013
1264,37,035,011802,1,2021,ACS 2021,370350118021
769,37,035,011802,2,2021,ACS 2021,370350118022
2136,37,035,011802,3,2021,ACS 2021,370350118023
1743,37,035,011802,4,2021,ACS 2021,370350118024
1807,37,037,020103,1,2021,ACS 2021,370370201031
981,37,037,020103,2,2021,ACS 2021,370370201032
1919,37,037,020103,3,2021,ACS 2021,370370201033
1316,37,037,020104,1,2021,ACS 2021,370370201041
1197,37,037,020104,2,2021,ACS 2021,370370201042
1821,37,037,020104,3,2021,ACS 2021,370370201043
1349,37,037,020104,4,2021,ACS 2021,370370201044
1060,37,037,020105,1,2021,ACS 2021,370370201051
516,37,037,020105,2,2021,ACS 2021,370370201052
5303,37,037,020105,3,2021,ACS 2021,370370201053
952,37,037,020107,1,2021,ACS 2021,370370201071
989,37,037,020107,2,2021,ACS 2021,370370201072
877,37,037,020107,3,2021,ACS 2021,370370201073
1304,37,037,020108,1,2021,ACS 2021,370370201081
518,37,037,020108,2,2021,ACS 2021,370370201082
2171,37,037,020201,1,2021,ACS 2021,370370202011
898,37,037,020201,2,2021,ACS 2021,370370202012
1784,37,037,020202,1,2021,ACS 2021,370370202021
1719,37,037,020202,2,2021,ACS 2021,370370202022
1062,37,037,020203,1,2021,ACS 2021,370370202031
1658,37,037,020203,2,2021,ACS 2021,370370202032
1490,37,037,020300,1,2021,ACS 2021,370370203001
675,37,037,020300,2,2021,ACS 2021,370370203002
620,37,037,020300,3,2021,ACS 2021,370370203003
1705,37,037,020401,1,2021,ACS 2021,370370204011
957,37,037,020401,2,2021,ACS 2021,370370204012
893,37,037,020401,3,2021,ACS 2021,370370204013
2610,37,037,020401,4,2021,ACS 2021,370370204014
1134,37,037,020402,1,2021,ACS 2021,370370204021
1550,37,037,020402,2,2021,ACS 2021,370370204022
723,37,037,020402,3,2021,ACS 2021,370370204023
1456,37,037,020402,4,2021,ACS 2021,370370204024
797,37,037,020500,1,2021,ACS 2021,370370205001
764,37,037,020500,2,2021,ACS 2021,370370205002
538,37,037,020500,3,2021,ACS 2021,370370205003
1440,37,037,020500,4,2021,ACS 2021,370370205004
859,37,037,020600,1,2021,ACS 2021,370370206001
787,37,037,020600,2,2021,ACS 2021,370370206002
1043,37,037,020600,3,2021,ACS 2021,370370206003
1057,37,037,020600,4,2021,ACS 2021,370370206004
1174,37,037,020600,5,2021,ACS 2021,370370206005
1519,37,037,020702,1,2021,ACS 2021,370370207021
1016,37,037,020702,2,2021,ACS 2021,370370207022
1310,37,037,020702,3,2021,ACS 2021,370370207023
827,37,037,020702,4,2021,ACS 2021,370370207024
3964,37,037,020703,1,2021,ACS 2021,370370207031
408,37,037,020703,2,2021,ACS 2021,370370207032
626,37,037,020704,1,2021,ACS 2021,370370207041
1073,37,037,020704,2,2021,ACS 2021,370370207042
894,37,037,020704,3,2021,ACS 2021,370370207043
2429,37,037,020801,1,2021,ACS 2021,370370208011
797,37,037,020801,2,2021,ACS 2021,370370208012
524,37,037,020801,3,2021,ACS 2021,370370208013
1074,37,037,020801,4,2021,ACS 2021,370370208014
1435,37,037,020802,1,2021,ACS 2021,370370208021
1090,37,037,020802,2,2021,ACS 2021,370370208022
936,37,037,020803,1,2021,ACS 2021,370370208031
1675,37,037,020803,2,2021,ACS 2021,370370208032
404,37,039,930101,1,2021,ACS 2021,370399301011
919,37,039,930101,2,2021,ACS 2021,370399301012
1018,37,039,930101,3,2021,ACS 2021,370399301013
893,37,039,930102,1,2021,ACS 2021,370399301021
1037,37,039,930102,2,2021,ACS 2021,370399301022
1664,37,039,930200,1,2021,ACS 2021,370399302001
697,37,039,930200,2,2021,ACS 2021,370399302002
2160,37,039,930300,1,2021,ACS 2021,370399303001
391,37,039,930300,2,2021,ACS 2021,370399303002
1284,37,039,930401,1,2021,ACS 2021,370399304011
1994,37,039,930401,2,2021,ACS 2021,370399304012
877,37,039,930401,3,2021,ACS 2021,370399304013
666,37,039,930402,1,2021,ACS 2021,370399304021
1189,37,039,930402,2,2021,ACS 2021,370399304022
1175,37,039,930501,1,2021,ACS 2021,370399305011
985,37,039,930501,2,2021,ACS 2021,370399305012
868,37,039,930502,1,2021,ACS 2021,370399305021
1571,37,039,930502,2,2021,ACS 2021,370399305022
1097,37,039,930502,3,2021,ACS 2021,370399305023
1171,37,039,930603,1,2021,ACS 2021,370399306031
541,37,039,930603,2,2021,ACS 2021,370399306032
1239,37,039,930604,1,2021,ACS 2021,370399306041
427,37,039,930604,2,2021,ACS 2021,370399306042
1241,37,039,930605,1,2021,ACS 2021,370399306051
536,37,039,930605,2,2021,ACS 2021,370399306052
886,37,039,930606,1,2021,ACS 2021,370399306061
1585,37,039,930606,2,2021,ACS 2021,370399306062
0,37,041,930101,0,2021,ACS 2021,370419301010
1119,37,041,930101,1,2021,ACS 2021,370419301011
1149,37,041,930101,2,2021,ACS 2021,370419301012
1626,37,041,930101,3,2021,ACS 2021,370419301013
929,37,041,930101,4,2021,ACS 2021,370419301014
0,37,041,930102,0,2021,ACS 2021,370419301020
1333,37,041,930102,1,2021,ACS 2021,370419301021
799,37,041,930102,2,2021,ACS 2021,370419301022
957,37,041,930201,1,2021,ACS 2021,370419302011
1713,37,041,930201,2,2021,ACS 2021,370419302012
702,37,041,930201,3,2021,ACS 2021,370419302013
1342,37,041,930201,4,2021,ACS 2021,370419302014
866,37,041,930202,1,2021,ACS 2021,370419302021
1261,37,041,930202,2,2021,ACS 2021,370419302022
1174,37,043,950101,1,2021,ACS 2021,370439501011
1801,37,043,950101,2,2021,ACS 2021,370439501012
1294,37,043,950102,1,2021,ACS 2021,370439501021
1256,37,043,950102,2,2021,ACS 2021,370439501022
869,37,043,950201,1,2021,ACS 2021,370439502011
2148,37,043,950201,2,2021,ACS 2021,370439502012
1032,37,043,950202,1,2021,ACS 2021,370439502021
1423,37,043,950202,2,2021,ACS 2021,370439502022
1842,37,045,950101,1,2021,ACS 2021,370459501011
1496,37,045,950101,2,2021,ACS 2021,370459501012
974,37,045,950101,3,2021,ACS 2021,370459501013
994,37,045,950101,4,2021,ACS 2021,370459501014
1413,37,045,950102,1,2021,ACS 2021,370459501021
1073,37,045,950102,2,2021,ACS 2021,370459501022
1373,37,045,950200,1,2021,ACS 2021,370459502001
1093,37,045,950200,2,2021,ACS 2021,370459502002
837,37,045,950200,3,2021,ACS 2021,370459502003
1409,37,045,950200,4,2021,ACS 2021,370459502004
1705,37,045,950301,1,2021,ACS 2021,370459503011
683,37,045,950301,2,2021,ACS 2021,370459503012
991,37,045,950301,3,2021,ACS 2021,370459503013
1169,37,045,950301,4,2021,ACS 2021,370459503014
2337,37,045,950302,1,2021,ACS 2021,370459503021
1452,37,045,950302,2,2021,ACS 2021,370459503022
1604,37,045,950302,3,2021,ACS 2021,370459503023
777,37,045,950302,4,2021,ACS 2021,370459503024
1800,37,045,950400,1,2021,ACS 2021,370459504001
1810,37,045,950400,2,2021,ACS 2021,370459504002
1221,37,045,950400,3,2021,ACS 2021,370459504003
718,37,045,950400,4,2021,ACS 2021,370459504004
1304,37,045,950400,5,2021,ACS 2021,370459504005
945,37,045,950400,6,2021,ACS 2021,370459504006
1144,37,045,950500,1,2021,ACS 2021,370459505001
1028,37,045,950500,2,2021,ACS 2021,370459505002
1196,37,045,950500,3,2021,ACS 2021,370459505003
1751,37,045,950601,1,2021,ACS 2021,370459506011
1067,37,045,950601,2,2021,ACS 2021,370459506012
1339,37,045,950601,3,2021,ACS 2021,370459506013
1209,37,045,950603,1,2021,ACS 2021,370459506031
1614,37,045,950603,2,2021,ACS 2021,370459506032
897,37,045,950604,1,2021,ACS 2021,370459506041
2650,37,045,950604,2,2021,ACS 2021,370459506042
1489,37,045,950701,1,2021,ACS 2021,370459507011
961,37,045,950701,2,2021,ACS 2021,370459507012
1828,37,045,950701,3,2021,ACS 2021,370459507013
1715,37,045,950702,1,2021,ACS 2021,370459507021
2069,37,045,950702,2,2021,ACS 2021,370459507022
1041,37,045,950800,1,2021,ACS 2021,370459508001
1399,37,045,950800,2,2021,ACS 2021,370459508002
1799,37,045,950800,3,2021,ACS 2021,370459508003
910,37,045,950900,1,2021,ACS 2021,370459509001
1121,37,045,950900,2,2021,ACS 2021,370459509002
674,37,045,950900,3,2021,ACS 2021,370459509003
1017,37,045,951000,1,2021,ACS 2021,370459510001
671,37,045,951000,2,2021,ACS 2021,370459510002
1929,37,045,951000,3,2021,ACS 2021,370459510003
842,37,045,951100,1,2021,ACS 2021,370459511001
878,37,045,951100,2,2021,ACS 2021,370459511002
1066,37,045,951100,3,2021,ACS 2021,370459511003
605,37,045,951200,1,2021,ACS 2021,370459512001
913,37,045,951200,2,2021,ACS 2021,370459512002
672,37,045,951200,3,2021,ACS 2021,370459512003
1175,37,045,951200,4,2021,ACS 2021,370459512004
993,37,045,951200,5,2021,ACS 2021,370459512005
1158,37,045,951200,6,2021,ACS 2021,370459512006
1262,37,045,951300,1,2021,ACS 2021,370459513001
1763,37,045,951300,2,2021,ACS 2021,370459513002
1453,37,045,951400,1,2021,ACS 2021,370459514001
1236,37,045,951400,2,2021,ACS 2021,370459514002
1029,37,045,951400,3,2021,ACS 2021,370459514003
1882,37,045,951400,4,2021,ACS 2021,370459514004
615,37,045,951400,5,2021,ACS 2021,370459514005
1809,37,045,951501,1,2021,ACS 2021,370459515011
2057,37,045,951501,2,2021,ACS 2021,370459515012
1704,37,045,951501,3,2021,ACS 2021,370459515013
1323,37,045,951502,1,2021,ACS 2021,370459515021
794,37,045,951503,1,2021,ACS 2021,370459515031
1558,37,045,951503,2,2021,ACS 2021,370459515032
1621,37,045,951601,1,2021,ACS 2021,370459516011
510,37,045,951601,2,2021,ACS 2021,370459516012
1993,37,045,951601,3,2021,ACS 2021,370459516013
1074,37,045,951602,1,2021,ACS 2021,370459516021
1866,37,045,951602,2,2021,ACS 2021,370459516022
543,37,045,951602,3,2021,ACS 2021,370459516023
966,37,045,951602,4,2021,ACS 2021,370459516024
864,37,047,930100,1,2021,ACS 2021,370479301001
2172,37,047,930100,2,2021,ACS 2021,370479301002
1335,37,047,930100,3,2021,ACS 2021,370479301003
2226,37,047,930200,1,2021,ACS 2021,370479302001
694,37,047,930300,1,2021,ACS 2021,370479303001
929,37,047,930300,2,2021,ACS 2021,370479303002
588,37,047,930300,3,2021,ACS 2021,370479303003
1553,37,047,930400,1,2021,ACS 2021,370479304001
645,37,047,930400,2,2021,ACS 2021,370479304002
1105,37,047,930400,3,2021,ACS 2021,370479304003
1005,37,047,930500,1,2021,ACS 2021,370479305001
1038,37,047,930500,2,2021,ACS 2021,370479305002
458,37,047,930500,3,2021,ACS 2021,370479305003
1323,37,047,930500,4,2021,ACS 2021,370479305004
263,37,047,930600,1,2021,ACS 2021,370479306001
334,37,047,930600,2,2021,ACS 2021,370479306002
1509,37,047,930600,3,2021,ACS 2021,370479306003
990,37,047,930600,4,2021,ACS 2021,370479306004
355,37,047,930700,1,2021,ACS 2021,370479307001
556,37,047,930700,2,2021,ACS 2021,370479307002
769,37,047,930700,3,2021,ACS 2021,370479307003
941,37,047,930700,4,2021,ACS 2021,370479307004
1234,37,047,930700,5,2021,ACS 2021,370479307005
953,37,047,930800,1,2021,ACS 2021,370479308001
1011,37,047,930800,2,2021,ACS 2021,370479308002
1082,37,047,930800,3,2021,ACS 2021,370479308003
649,37,047,930800,4,2021,ACS 2021,370479308004
1214,37,047,930900,1,2021,ACS 2021,370479309001
467,37,047,930900,2,2021,ACS 2021,370479309002
1715,37,047,930900,3,2021,ACS 2021,370479309003
1140,37,047,930900,4,2021,ACS 2021,370479309004
2197,37,047,931000,1,2021,ACS 2021,370479310001
1143,37,047,931000,2,2021,ACS 2021,370479310002
2133,37,047,931000,3,2021,ACS 2021,370479310003
1068,37,047,931100,1,2021,ACS 2021,370479311001
1380,37,047,931100,2,2021,ACS 2021,370479311002
587,37,047,931100,3,2021,ACS 2021,370479311003
829,37,047,931201,1,2021,ACS 2021,370479312011
815,37,047,931201,2,2021,ACS 2021,370479312012
2072,37,047,931201,3,2021,ACS 2021,370479312013
1036,37,047,931201,4,2021,ACS 2021,370479312014
810,37,047,931202,1,2021,ACS 2021,370479312021
497,37,047,931202,2,2021,ACS 2021,370479312022
1112,37,047,931301,1,2021,ACS 2021,370479313011
1121,37,047,931301,2,2021,ACS 2021,370479313012
1254,37,047,931302,1,2021,ACS 2021,370479313021
1214,37,047,931302,2,2021,ACS 2021,370479313022
1089,37,047,931302,3,2021,ACS 2021,370479313023
1342,37,049,960101,1,2021,ACS 2021,370499601011
2331,37,049,960101,2,2021,ACS 2021,370499601012
794,37,049,960102,1,2021,ACS 2021,370499601021
666,37,049,960102,2,2021,ACS 2021,370499601022
2544,37,049,960102,3,2021,ACS 2021,370499601023
529,37,049,960102,4,2021,ACS 2021,370499601024
1278,37,049,960201,1,2021,ACS 2021,370499602011
2170,37,049,960201,2,2021,ACS 2021,370499602012
1456,37,049,960202,1,2021,ACS 2021,370499602021
1419,37,049,960202,2,2021,ACS 2021,370499602022
1226,37,049,960202,3,2021,ACS 2021,370499602023
1530,37,049,960301,1,2021,ACS 2021,370499603011
766,37,049,960301,2,2021,ACS 2021,370499603012
867,37,049,960302,1,2021,ACS 2021,370499603021
2038,37,049,960302,2,2021,ACS 2021,370499603022
839,37,049,960302,3,2021,ACS 2021,370499603023
1172,37,049,960401,1,2021,ACS 2021,370499604011
3152,37,049,960401,2,2021,ACS 2021,370499604012
1619,37,049,960402,1,2021,ACS 2021,370499604021
1321,37,049,960402,2,2021,ACS 2021,370499604022
1494,37,049,960402,3,2021,ACS 2021,370499604023
711,37,049,960403,1,2021,ACS 2021,370499604031
2364,37,049,960403,2,2021,ACS 2021,370499604032
977,37,049,960403,3,2021,ACS 2021,370499604033
1537,37,049,960404,1,2021,ACS 2021,370499604041
1402,37,049,960404,2,2021,ACS 2021,370499604042
1597,37,049,960501,1,2021,ACS 2021,370499605011
808,37,049,960501,2,2021,ACS 2021,370499605012
1294,37,049,960501,3,2021,ACS 2021,370499605013
648,37,049,960502,1,2021,ACS 2021,370499605021
3394,37,049,960502,2,2021,ACS 2021,370499605022
2279,37,049,960600,1,2021,ACS 2021,370499606001
885,37,049,960600,2,2021,ACS 2021,370499606002
1860,37,049,960600,3,2021,ACS 2021,370499606003
1878,37,049,960600,4,2021,ACS 2021,370499606004
1013,37,049,960700,1,2021,ACS 2021,370499607001
738,37,049,960700,2,2021,ACS 2021,370499607002
569,37,049,960800,1,2021,ACS 2021,370499608001
919,37,049,960800,2,2021,ACS 2021,370499608002
608,37,049,960800,3,2021,ACS 2021,370499608003
414,37,049,960800,4,2021,ACS 2021,370499608004
742,37,049,960900,1,2021,ACS 2021,370499609001
1073,37,049,960900,2,2021,ACS 2021,370499609002
143,37,049,960900,3,2021,ACS 2021,370499609003
2432,37,049,961002,1,2021,ACS 2021,370499610021
912,37,049,961002,2,2021,ACS 2021,370499610022
516,37,049,961002,3,2021,ACS 2021,370499610023
543,37,049,961002,4,2021,ACS 2021,370499610024
1079,37,049,961003,1,2021,ACS 2021,370499610031
2726,37,049,961003,2,2021,ACS 2021,370499610032
2374,37,049,961003,3,2021,ACS 2021,370499610033
266,37,049,961004,1,2021,ACS 2021,370499610041
2729,37,049,961004,2,2021,ACS 2021,370499610042
1457,37,049,961004,3,2021,ACS 2021,370499610043
2755,37,049,961101,1,2021,ACS 2021,370499611011
3236,37,049,961101,2,2021,ACS 2021,370499611012
1820,37,049,961102,1,2021,ACS 2021,370499611021
1610,37,049,961102,2,2021,ACS 2021,370499611022
1280,37,049,961201,1,2021,ACS 2021,370499612011
982,37,049,961201,2,2021,ACS 2021,370499612012
597,37,049,961201,3,2021,ACS 2021,370499612013
4300,37,049,961202,1,2021,ACS 2021,370499612021
1191,37,049,961301,1,2021,ACS 2021,370499613011
1478,37,049,961301,2,2021,ACS 2021,370499613012
651,37,049,961301,3,2021,ACS 2021,370499613013
1529,37,049,961302,1,2021,ACS 2021,370499613021
1096,37,049,961302,2,2021,ACS 2021,370499613022
1126,37,049,961302,3,2021,ACS 2021,370499613023
1039,37,049,961303,1,2021,ACS 2021,370499613031
1598,37,049,961303,2,2021,ACS 2021,370499613032
1677,37,049,961303,3,2021,ACS 2021,370499613033
246,37,051,000200,1,2021,ACS 2021,370510002001
1202,37,051,000200,2,2021,ACS 2021,370510002002
692,37,051,000200,3,2021,ACS 2021,370510002003
1403,37,051,000500,1,2021,ACS 2021,370510005001
509,37,051,000500,2,2021,ACS 2021,370510005002
361,37,051,000500,3,2021,ACS 2021,370510005003
1241,37,051,000600,1,2021,ACS 2021,370510006001
964,37,051,000600,2,2021,ACS 2021,370510006002
1867,37,051,000600,3,2021,ACS 2021,370510006003
516,37,051,000600,4,2021,ACS 2021,370510006004
710,37,051,000600,5,2021,ACS 2021,370510006005
2230,37,051,000701,1,2021,ACS 2021,370510007011
1190,37,051,000701,2,2021,ACS 2021,370510007012
2015,37,051,000701,3,2021,ACS 2021,370510007013
1304,37,051,000702,1,2021,ACS 2021,370510007021
897,37,051,000702,2,2021,ACS 2021,370510007022
772,37,051,000800,1,2021,ACS 2021,370510008001
857,37,051,000800,2,2021,ACS 2021,370510008002
1008,37,051,000800,3,2021,ACS 2021,370510008003
879,37,051,000900,1,2021,ACS 2021,370510009001
605,37,051,000900,2,2021,ACS 2021,370510009002
891,37,051,000900,3,2021,ACS 2021,370510009003
625,37,051,000900,4,2021,ACS 2021,370510009004
503,37,051,000900,5,2021,ACS 2021,370510009005
731,37,051,000900,6,2021,ACS 2021,370510009006
1050,37,051,001000,1,2021,ACS 2021,370510010001
1327,37,051,001000,2,2021,ACS 2021,370510010002
1051,37,051,001100,1,2021,ACS 2021,370510011001
890,37,051,001100,2,2021,ACS 2021,370510011002
1750,37,051,001100,3,2021,ACS 2021,370510011003
1344,37,051,001200,1,2021,ACS 2021,370510012001
761,37,051,001200,2,2021,ACS 2021,370510012002
813,37,051,001200,3,2021,ACS 2021,370510012003
1685,37,051,001200,4,2021,ACS 2021,370510012004
668,37,051,001200,5,2021,ACS 2021,370510012005
531,37,051,001401,1,2021,ACS 2021,370510014011
1386,37,051,001401,2,2021,ACS 2021,370510014012
1553,37,051,001401,3,2021,ACS 2021,370510014013
1165,37,051,001402,1,2021,ACS 2021,370510014021
1138,37,051,001402,2,2021,ACS 2021,370510014022
1161,37,051,001500,1,2021,ACS 2021,370510015001
1698,37,051,001500,2,2021,ACS 2021,370510015002
2091,37,051,001603,1,2021,ACS 2021,370510016031
890,37,051,001603,2,2021,ACS 2021,370510016032
767,37,051,001603,3,2021,ACS 2021,370510016033
1324,37,051,001604,1,2021,ACS 2021,370510016041
2346,37,051,001604,2,2021,ACS 2021,370510016042
2831,37,051,001604,3,2021,ACS 2021,370510016043
1578,37,051,001604,4,2021,ACS 2021,370510016044
1942,37,051,001605,1,2021,ACS 2021,370510016051
997,37,051,001605,2,2021,ACS 2021,370510016052
1016,37,051,001605,3,2021,ACS 2021,370510016053
1703,37,051,001606,1,2021,ACS 2021,370510016061
2382,37,051,001606,2,2021,ACS 2021,370510016062
1869,37,051,001701,1,2021,ACS 2021,370510017011
931,37,051,001701,2,2021,ACS 2021,370510017012
1877,37,051,001702,1,2021,ACS 2021,370510017021
2360,37,051,001702,2,2021,ACS 2021,370510017022
1369,37,051,001702,3,2021,ACS 2021,370510017023
1339,37,051,001800,1,2021,ACS 2021,370510018001
989,37,051,001800,2,2021,ACS 2021,370510018002
899,37,051,001901,1,2021,ACS 2021,370510019011
1213,37,051,001901,2,2021,ACS 2021,370510019012
1970,37,051,001902,1,2021,ACS 2021,370510019021
2536,37,051,001902,2,2021,ACS 2021,370510019022
1236,37,051,001903,1,2021,ACS 2021,370510019031
1231,37,051,001903,2,2021,ACS 2021,370510019032
551,37,051,001903,3,2021,ACS 2021,370510019033
827,37,051,001903,4,2021,ACS 2021,370510019034
1808,37,051,002001,1,2021,ACS 2021,370510020011
1498,37,051,002001,2,2021,ACS 2021,370510020012
412,37,051,002002,1,2021,ACS 2021,370510020021
1940,37,051,002002,2,2021,ACS 2021,370510020022
1261,37,051,002002,3,2021,ACS 2021,370510020023
1390,37,051,002002,4,2021,ACS 2021,370510020024
1355,37,051,002100,1,2021,ACS 2021,370510021001
1330,37,051,002100,2,2021,ACS 2021,370510021002
1168,37,051,002100,3,2021,ACS 2021,370510021003
1316,37,051,002200,1,2021,ACS 2021,370510022001
1152,37,051,002200,2,2021,ACS 2021,370510022002
1224,37,051,002301,1,2021,ACS 2021,370510023011
933,37,051,002301,2,2021,ACS 2021,370510023012
1132,37,051,002301,3,2021,ACS 2021,370510023013
570,37,051,002302,1,2021,ACS 2021,370510023021
514,37,051,002302,2,2021,ACS 2021,370510023022
743,37,051,002401,1,2021,ACS 2021,370510024011
663,37,051,002401,2,2021,ACS 2021,370510024012
660,37,051,002402,1,2021,ACS 2021,370510024021
2376,37,051,002402,2,2021,ACS 2021,370510024022
1429,37,051,002501,1,2021,ACS 2021,370510025011
920,37,051,002501,2,2021,ACS 2021,370510025012
1886,37,051,002501,3,2021,ACS 2021,370510025013
3268,37,051,002501,4,2021,ACS 2021,370510025014
1634,37,051,002503,1,2021,ACS 2021,370510025031
1546,37,051,002503,2,2021,ACS 2021,370510025032
1293,37,051,002503,3,2021,ACS 2021,370510025033
1464,37,051,002504,1,2021,ACS 2021,370510025041
3341,37,051,002504,2,2021,ACS 2021,370510025042
2705,37,051,002504,3,2021,ACS 2021,370510025043
2222,37,051,002505,1,2021,ACS 2021,370510025051
1855,37,051,002505,2,2021,ACS 2021,370510025052
1239,37,051,002506,1,2021,ACS 2021,370510025061
1521,37,051,002506,2,2021,ACS 2021,370510025062
750,37,051,002506,3,2021,ACS 2021,370510025063
1386,37,051,002600,1,2021,ACS 2021,370510026001
1987,37,051,002600,2,2021,ACS 2021,370510026002
1733,37,051,002600,3,2021,ACS 2021,370510026003
1544,37,051,002701,1,2021,ACS 2021,370510027011
1040,37,051,002701,2,2021,ACS 2021,370510027012
1355,37,051,002702,1,2021,ACS 2021,370510027021
1662,37,051,002702,2,2021,ACS 2021,370510027022
1525,37,051,002702,3,2021,ACS 2021,370510027023
1357,37,051,002702,4,2021,ACS 2021,370510027024
1819,37,051,002801,1,2021,ACS 2021,370510028011
2546,37,051,002801,2,2021,ACS 2021,370510028012
1207,37,051,002802,1,2021,ACS 2021,370510028021
1486,37,051,002802,2,2021,ACS 2021,370510028022
1453,37,051,002900,1,2021,ACS 2021,370510029001
1534,37,051,002900,2,2021,ACS 2021,370510029002
507,37,051,002900,3,2021,ACS 2021,370510029003
1377,37,051,002900,4,2021,ACS 2021,370510029004
1143,37,051,003002,1,2021,ACS 2021,370510030021
1533,37,051,003002,2,2021,ACS 2021,370510030022
3186,37,051,003003,1,2021,ACS 2021,370510030031
916,37,051,003003,2,2021,ACS 2021,370510030032
2972,37,051,003003,3,2021,ACS 2021,370510030033
2168,37,051,003004,1,2021,ACS 2021,370510030041
2808,37,051,003004,2,2021,ACS 2021,370510030042
1990,37,051,003004,3,2021,ACS 2021,370510030043
514,37,051,003102,1,2021,ACS 2021,370510031021
2719,37,051,003102,2,2021,ACS 2021,370510031022
2821,37,051,003102,3,2021,ACS 2021,370510031023
1346,37,051,003103,1,2021,ACS 2021,370510031031
3011,37,051,003103,2,2021,ACS 2021,370510031032
1840,37,051,003103,3,2021,ACS 2021,370510031033
2348,37,051,003105,1,2021,ACS 2021,370510031051
2479,37,051,003105,2,2021,ACS 2021,370510031052
450,37,051,003106,1,2021,ACS 2021,370510031061
1751,37,051,003106,2,2021,ACS 2021,370510031062
877,37,051,003203,1,2021,ACS 2021,370510032031
2401,37,051,003203,2,2021,ACS 2021,370510032032
590,37,051,003203,3,2021,ACS 2021,370510032033
585,37,051,003203,4,2021,ACS 2021,370510032034
1890,37,051,003205,1,2021,ACS 2021,370510032051
1922,37,051,003205,2,2021,ACS 2021,370510032052
773,37,051,003205,3,2021,ACS 2021,370510032053
2241,37,051,003206,1,2021,ACS 2021,370510032061
2204,37,051,003206,2,2021,ACS 2021,370510032062
1584,37,051,003206,3,2021,ACS 2021,370510032063
4371,37,051,003207,1,2021,ACS 2021,370510032071
1808,37,051,003207,2,2021,ACS 2021,370510032072
1517,37,051,003207,3,2021,ACS 2021,370510032073
1480,37,051,003208,1,2021,ACS 2021,370510032081
995,37,051,003208,2,2021,ACS 2021,370510032082
1755,37,051,003208,3,2021,ACS 2021,370510032083
1104,37,051,003209,1,2021,ACS 2021,370510032091
3067,37,051,003209,2,2021,ACS 2021,370510032092
2404,37,051,003302,1,2021,ACS 2021,370510033021
1634,37,051,003302,2,2021,ACS 2021,370510033022
1683,37,051,003302,3,2021,ACS 2021,370510033023
1318,37,051,003304,1,2021,ACS 2021,370510033041
1036,37,051,003304,2,2021,ACS 2021,370510033042
3071,37,051,003304,3,2021,ACS 2021,370510033043
759,37,051,003304,4,2021,ACS 2021,370510033044
1014,37,051,003304,5,2021,ACS 2021,370510033045
380,37,051,003304,6,2021,ACS 2021,370510033046
436,37,051,003307,1,2021,ACS 2021,370510033071
1602,37,051,003307,2,2021,ACS 2021,370510033072
1117,37,051,003307,3,2021,ACS 2021,370510033073
723,37,051,003307,4,2021,ACS 2021,370510033074
952,37,051,003310,1,2021,ACS 2021,370510033101
663,37,051,003310,2,2021,ACS 2021,370510033102
1798,37,051,003310,3,2021,ACS 2021,370510033103
1971,37,051,003310,4,2021,ACS 2021,370510033104
821,37,051,003311,1,2021,ACS 2021,370510033111
2043,37,051,003311,2,2021,ACS 2021,370510033112
1110,37,051,003312,1,2021,ACS 2021,370510033121
3142,37,051,003312,2,2021,ACS 2021,370510033122
1769,37,051,003312,3,2021,ACS 2021,370510033123
1732,37,051,003312,4,2021,ACS 2021,370510033124
4713,37,051,003313,1,2021,ACS 2021,370510033131
3312,37,051,003313,2,2021,ACS 2021,370510033132
2204,37,051,003314,1,2021,ACS 2021,370510033141
1946,37,051,003314,2,2021,ACS 2021,370510033142
3482,37,051,003314,3,2021,ACS 2021,370510033143
1645,37,051,003315,1,2021,ACS 2021,370510033151
2454,37,051,003315,2,2021,ACS 2021,370510033152
782,37,051,003315,3,2021,ACS 2021,370510033153
573,37,051,003316,1,2021,ACS 2021,370510033161
1358,37,051,003316,2,2021,ACS 2021,370510033162
1494,37,051,003317,1,2021,ACS 2021,370510033171
1836,37,051,003317,2,2021,ACS 2021,370510033172
1550,37,051,003318,1,2021,ACS 2021,370510033181
1177,37,051,003318,2,2021,ACS 2021,370510033182
0,37,051,003401,1,2021,ACS 2021,370510034011
1525,37,051,003401,2,2021,ACS 2021,370510034012
1393,37,051,003401,3,2021,ACS 2021,370510034013
1566,37,051,003403,1,2021,ACS 2021,370510034031
870,37,051,003403,2,2021,ACS 2021,370510034032
1399,37,051,003403,3,2021,ACS 2021,370510034033
2166,37,051,003404,1,2021,ACS 2021,370510034041
602,37,051,003404,2,2021,ACS 2021,370510034042
1853,37,051,003408,1,2021,ACS 2021,370510034081
1634,37,051,003408,2,2021,ACS 2021,370510034082
1167,37,051,003408,3,2021,ACS 2021,370510034083
5382,37,051,003409,1,2021,ACS 2021,370510034091
1901,37,051,003410,1,2021,ACS 2021,370510034101
2341,37,051,003410,2,2021,ACS 2021,370510034102
1215,37,051,003501,1,2021,ACS 2021,370510035011
306,37,051,003501,2,2021,ACS 2021,370510035012
1636,37,051,003501,3,2021,ACS 2021,370510035013
664,37,051,003502,1,2021,ACS 2021,370510035021
690,37,051,003502,2,2021,ACS 2021,370510035022
1603,37,051,003601,1,2021,ACS 2021,370510036011
582,37,051,003601,2,2021,ACS 2021,370510036012
618,37,051,003601,3,2021,ACS 2021,370510036013
543,37,051,003602,1,2021,ACS 2021,370510036021
309,37,051,003602,2,2021,ACS 2021,370510036022
1417,37,051,003602,3,2021,ACS 2021,370510036023
1982,37,051,003700,1,2021,ACS 2021,370510037001
1733,37,051,003700,2,2021,ACS 2021,370510037002
1241,37,051,003700,3,2021,ACS 2021,370510037003
2332,37,051,003700,4,2021,ACS 2021,370510037004
751,37,051,003800,1,2021,ACS 2021,370510038001
876,37,051,003800,2,2021,ACS 2021,370510038002
610,37,051,003800,3,2021,ACS 2021,370510038003
0,37,051,980100,1,2021,ACS 2021,370519801001
523,37,051,980200,1,2021,ACS 2021,370519802001
1219,37,053,110101,1,2021,ACS 2021,370531101011
1489,37,053,110102,1,2021,ACS 2021,370531101021
3798,37,053,110201,1,2021,ACS 2021,370531102011
1498,37,053,110201,2,2021,ACS 2021,370531102012
1047,37,053,110202,1,2021,ACS 2021,370531102021
2374,37,053,110202,2,2021,ACS 2021,370531102022
1944,37,053,110301,1,2021,ACS 2021,370531103011
3101,37,053,110301,2,2021,ACS 2021,370531103012
2121,37,053,110302,1,2021,ACS 2021,370531103021
1167,37,053,110302,2,2021,ACS 2021,370531103022
1669,37,053,110401,1,2021,ACS 2021,370531104011
770,37,053,110401,2,2021,ACS 2021,370531104012
1128,37,053,110401,3,2021,ACS 2021,370531104013
836,37,053,110403,1,2021,ACS 2021,370531104031
1376,37,053,110403,2,2021,ACS 2021,370531104032
0,37,053,110404,0,2021,ACS 2021,370531104040
2038,37,053,110404,1,2021,ACS 2021,370531104041
0,37,053,990100,0,2021,ACS 2021,370539901000
1545,37,055,970101,1,2021,ACS 2021,370559701011
2019,37,055,970101,2,2021,ACS 2021,370559701012
659,37,055,970101,3,2021,ACS 2021,370559701013
0,37,055,970102,0,2021,ACS 2021,370559701020
1636,37,055,970102,1,2021,ACS 2021,370559701021
2028,37,055,970102,2,2021,ACS 2021,370559701022
1028,37,055,970200,1,2021,ACS 2021,370559702001
1297,37,055,970200,2,2021,ACS 2021,370559702002
1565,37,055,970200,3,2021,ACS 2021,370559702003
1318,37,055,970200,4,2021,ACS 2021,370559702004
0,37,055,970301,0,2021,ACS 2021,370559703010
2180,37,055,970301,1,2021,ACS 2021,370559703011
1957,37,055,970301,2,2021,ACS 2021,370559703012
2196,37,055,970302,1,2021,ACS 2021,370559703021
613,37,055,970302,2,2021,ACS 2021,370559703022
0,37,055,970400,0,2021,ACS 2021,370559704000
1342,37,055,970400,1,2021,ACS 2021,370559704001
1387,37,055,970400,2,2021,ACS 2021,370559704002
373,37,055,970400,3,2021,ACS 2021,370559704003
0,37,055,970501,0,2021,ACS 2021,370559705010
1040,37,055,970501,1,2021,ACS 2021,370559705011
725,37,055,970502,1,2021,ACS 2021,370559705021
618,37,055,970502,2,2021,ACS 2021,370559705022
820,37,055,970502,3,2021,ACS 2021,370559705023
1357,37,055,970502,4,2021,ACS 2021,370559705024
0,37,055,970601,0,2021,ACS 2021,370559706010
1722,37,055,970601,1,2021,ACS 2021,370559706011
1370,37,055,970601,2,2021,ACS 2021,370559706012
2253,37,055,970601,3,2021,ACS 2021,370559706013
1641,37,055,970601,4,2021,ACS 2021,370559706014
0,37,055,970602,0,2021,ACS 2021,370559706020
2029,37,055,970602,1,2021,ACS 2021,370559706021
0,37,055,990100,0,2021,ACS 2021,370559901000
0,37,055,990200,0,2021,ACS 2021,370559902000
595,37,057,060101,1,2021,ACS 2021,370570601011
834,37,057,060101,2,2021,ACS 2021,370570601012
2363,37,057,060101,3,2021,ACS 2021,370570601013
2118,37,057,060101,4,2021,ACS 2021,370570601014
1553,37,057,060103,1,2021,ACS 2021,370570601031
772,37,057,060103,2,2021,ACS 2021,370570601032
3662,37,057,060104,1,2021,ACS 2021,370570601041
1416,37,057,060104,2,2021,ACS 2021,370570601042
1323,37,057,060104,3,2021,ACS 2021,370570601043
1321,37,057,060201,1,2021,ACS 2021,370570602011
1334,37,057,060201,2,2021,ACS 2021,370570602012
1012,37,057,060201,3,2021,ACS 2021,370570602013
733,37,057,060201,4,2021,ACS 2021,370570602014
2481,37,057,060202,1,2021,ACS 2021,370570602021
1719,37,057,060203,1,2021,ACS 2021,370570602031
2185,37,057,060203,2,2021,ACS 2021,370570602032
2254,37,057,060203,3,2021,ACS 2021,370570602033
1837,37,057,060301,1,2021,ACS 2021,370570603011
930,37,057,060301,2,2021,ACS 2021,370570603012
1901,37,057,060301,3,2021,ACS 2021,370570603013
1483,37,057,060302,1,2021,ACS 2021,370570603021
903,37,057,060302,2,2021,ACS 2021,370570603022
2161,37,057,060302,3,2021,ACS 2021,370570603023
1810,37,057,060303,1,2021,ACS 2021,370570603031
1063,37,057,060303,2,2021,ACS 2021,370570603032
933,37,057,060303,3,2021,ACS 2021,370570603033
2761,37,057,060304,1,2021,ACS 2021,370570603041
815,37,057,060304,2,2021,ACS 2021,370570603042
2125,37,057,060400,1,2021,ACS 2021,370570604001
1544,37,057,060400,2,2021,ACS 2021,370570604002
1531,37,057,060400,3,2021,ACS 2021,370570604003
1054,37,057,060500,1,2021,ACS 2021,370570605001
1827,37,057,060500,2,2021,ACS 2021,370570605002
415,37,057,060500,3,2021,ACS 2021,370570605003
1857,37,057,060500,4,2021,ACS 2021,370570605004
2312,37,057,060601,1,2021,ACS 2021,370570606011
2149,37,057,060601,2,2021,ACS 2021,370570606012
2135,37,057,060602,1,2021,ACS 2021,370570606021
1043,37,057,060602,2,2021,ACS 2021,370570606022
2545,37,057,060700,1,2021,ACS 2021,370570607001
1003,37,057,060700,2,2021,ACS 2021,370570607002
1284,37,057,060700,3,2021,ACS 2021,370570607003
1298,37,057,060700,4,2021,ACS 2021,370570607004
1871,37,057,060800,1,2021,ACS 2021,370570608001
544,37,057,060800,2,2021,ACS 2021,370570608002
1704,37,057,060800,3,2021,ACS 2021,370570608003
1252,37,057,060900,1,2021,ACS 2021,370570609001
1532,37,057,060900,2,2021,ACS 2021,370570609002
544,37,057,060900,3,2021,ACS 2021,370570609003
534,37,057,060900,4,2021,ACS 2021,370570609004
872,37,057,060900,5,2021,ACS 2021,370570609005
1270,37,057,061000,1,2021,ACS 2021,370570610001
647,37,057,061000,2,2021,ACS 2021,370570610002
1620,37,057,061000,3,2021,ACS 2021,370570610003
1322,37,057,061000,4,2021,ACS 2021,370570610004
843,37,057,061101,1,2021,ACS 2021,370570611011
1758,37,057,061101,2,2021,ACS 2021,370570611012
916,37,057,061102,1,2021,ACS 2021,370570611021
2181,37,057,061102,2,2021,ACS 2021,370570611022
2301,37,057,061102,3,2021,ACS 2021,370570611023
1267,37,057,061202,1,2021,ACS 2021,370570612021
1383,37,057,061202,2,2021,ACS 2021,370570612022
2096,37,057,061203,1,2021,ACS 2021,370570612031
2192,37,057,061203,2,2021,ACS 2021,370570612032
1992,37,057,061204,1,2021,ACS 2021,370570612041
420,37,057,061204,2,2021,ACS 2021,370570612042
1592,37,057,061300,1,2021,ACS 2021,370570613001
1061,37,057,061300,2,2021,ACS 2021,370570613002
1199,37,057,061400,1,2021,ACS 2021,370570614001
754,37,057,061400,2,2021,ACS 2021,370570614002
1399,37,057,061400,3,2021,ACS 2021,370570614003
2341,37,057,061501,1,2021,ACS 2021,370570615011
917,37,057,061501,2,2021,ACS 2021,370570615012
1380,37,057,061501,3,2021,ACS 2021,370570615013
806,37,057,061502,1,2021,ACS 2021,370570615021
757,37,057,061502,2,2021,ACS 2021,370570615022
1163,37,057,061502,3,2021,ACS 2021,370570615023
726,37,057,061600,1,2021,ACS 2021,370570616001
1440,37,057,061600,2,2021,ACS 2021,370570616002
752,37,057,061600,3,2021,ACS 2021,370570616003
1552,37,057,061701,1,2021,ACS 2021,370570617011
3003,37,057,061701,2,2021,ACS 2021,370570617012
889,37,057,061703,1,2021,ACS 2021,370570617031
2036,37,057,061703,2,2021,ACS 2021,370570617032
1748,37,057,061703,3,2021,ACS 2021,370570617033
978,37,057,061704,1,2021,ACS 2021,370570617041
3264,37,057,061704,2,2021,ACS 2021,370570617042
1495,37,057,061705,1,2021,ACS 2021,370570617051
2240,37,057,061705,2,2021,ACS 2021,370570617052
2105,37,057,061803,1,2021,ACS 2021,370570618031
1036,37,057,061803,2,2021,ACS 2021,370570618032
841,37,057,061805,1,2021,ACS 2021,370570618051
1876,37,057,061805,2,2021,ACS 2021,370570618052
957,37,057,061806,1,2021,ACS 2021,370570618061
1654,37,057,061806,2,2021,ACS 2021,370570618062
732,37,057,061806,3,2021,ACS 2021,370570618063
886,37,057,061807,1,2021,ACS 2021,370570618071
1752,37,057,061807,2,2021,ACS 2021,370570618072
1024,37,057,061808,1,2021,ACS 2021,370570618081
1468,37,057,061808,2,2021,ACS 2021,370570618082
1908,37,057,061808,3,2021,ACS 2021,370570618083
1148,37,057,061902,1,2021,ACS 2021,370570619021
1657,37,057,061902,2,2021,ACS 2021,370570619022
2436,37,057,061902,3,2021,ACS 2021,370570619023
1727,37,057,061903,1,2021,ACS 2021,370570619031
1166,37,057,061903,2,2021,ACS 2021,370570619032
1091,37,057,061904,1,2021,ACS 2021,370570619041
1428,37,057,061904,2,2021,ACS 2021,370570619042
1656,37,057,062001,1,2021,ACS 2021,370570620011
1203,37,057,062001,2,2021,ACS 2021,370570620012
1520,37,057,062001,3,2021,ACS 2021,370570620013
642,37,057,062002,1,2021,ACS 2021,370570620021
879,37,057,062002,2,2021,ACS 2021,370570620022
362,37,057,062002,3,2021,ACS 2021,370570620023
1901,37,057,062002,4,2021,ACS 2021,370570620024
3215,37,059,080101,1,2021,ACS 2021,370590801011
1222,37,059,080101,2,2021,ACS 2021,370590801012
2084,37,059,080102,1,2021,ACS 2021,370590801021
1499,37,059,080102,2,2021,ACS 2021,370590801022
2842,37,059,080200,1,2021,ACS 2021,370590802001
1060,37,059,080200,2,2021,ACS 2021,370590802002
840,37,059,080200,3,2021,ACS 2021,370590802003
636,37,059,080200,4,2021,ACS 2021,370590802004
2379,37,059,080301,1,2021,ACS 2021,370590803011
3142,37,059,080301,2,2021,ACS 2021,370590803012
2587,37,059,080302,1,2021,ACS 2021,370590803021
1004,37,059,080302,2,2021,ACS 2021,370590803022
1937,37,059,080400,1,2021,ACS 2021,370590804001
1981,37,059,080400,2,2021,ACS 2021,370590804002
474,37,059,080400,3,2021,ACS 2021,370590804003
896,37,059,080400,4,2021,ACS 2021,370590804004
1272,37,059,080500,1,2021,ACS 2021,370590805001
2227,37,059,080500,2,2021,ACS 2021,370590805002
1366,37,059,080500,3,2021,ACS 2021,370590805003
989,37,059,080600,1,2021,ACS 2021,370590806001
1144,37,059,080600,2,2021,ACS 2021,370590806002
2080,37,059,080600,3,2021,ACS 2021,370590806003
868,37,059,080701,1,2021,ACS 2021,370590807011
1160,37,059,080701,2,2021,ACS 2021,370590807012
1165,37,059,080701,3,2021,ACS 2021,370590807013
1157,37,059,080702,1,2021,ACS 2021,370590807021
1317,37,059,080702,2,2021,ACS 2021,370590807022
1329,37,061,090101,1,2021,ACS 2021,370610901011
1428,37,061,090101,2,2021,ACS 2021,370610901012
294,37,061,090101,3,2021,ACS 2021,370610901013
1006,37,061,090102,1,2021,ACS 2021,370610901021
516,37,061,090102,2,2021,ACS 2021,370610901022
1336,37,061,090102,3,2021,ACS 2021,370610901023
208,37,061,090103,1,2021,ACS 2021,370610901031
1140,37,061,090103,2,2021,ACS 2021,370610901032
652,37,061,090201,1,2021,ACS 2021,370610902011
843,37,061,090201,2,2021,ACS 2021,370610902012
1009,37,061,090202,1,2021,ACS 2021,370610902021
1550,37,061,090202,2,2021,ACS 2021,370610902022
605,37,061,090301,1,2021,ACS 2021,370610903011
796,37,061,090301,2,2021,ACS 2021,370610903012
408,37,061,090301,3,2021,ACS 2021,370610903013
913,37,061,090301,4,2021,ACS 2021,370610903014
1238,37,061,090302,1,2021,ACS 2021,370610903021
549,37,061,090302,2,2021,ACS 2021,370610903022
628,37,061,090302,3,2021,ACS 2021,370610903023
723,37,061,090401,1,2021,ACS 2021,370610904011
569,37,061,090401,2,2021,ACS 2021,370610904012
937,37,061,090401,3,2021,ACS 2021,370610904013
831,37,061,090402,1,2021,ACS 2021,370610904021
1723,37,061,090402,2,2021,ACS 2021,370610904022
446,37,061,090402,3,2021,ACS 2021,370610904023
785,37,061,090503,1,2021,ACS 2021,370610905031
638,37,061,090503,2,2021,ACS 2021,370610905032
587,37,061,090503,3,2021,ACS 2021,370610905033
942,37,061,090503,4,2021,ACS 2021,370610905034
715,37,061,090504,1,2021,ACS 2021,370610905041
637,37,061,090504,2,2021,ACS 2021,370610905042
686,37,061,090505,1,2021,ACS 2021,370610905051
788,37,061,090505,2,2021,ACS 2021,370610905052
959,37,061,090505,3,2021,ACS 2021,370610905053
1115,37,061,090506,1,2021,ACS 2021,370610905061
1066,37,061,090506,2,2021,ACS 2021,370610905062
972,37,061,090600,1,2021,ACS 2021,370610906001
781,37,061,090600,2,2021,ACS 2021,370610906002
1052,37,061,090600,3,2021,ACS 2021,370610906003
1009,37,061,090703,1,2021,ACS 2021,370610907031
602,37,061,090703,2,2021,ACS 2021,370610907032
229,37,061,090704,1,2021,ACS 2021,370610907041
1022,37,061,090704,2,2021,ACS 2021,370610907042
614,37,061,090704,3,2021,ACS 2021,370610907043
905,37,061,090705,1,2021,ACS 2021,370610907051
381,37,061,090705,2,2021,ACS 2021,370610907052
1370,37,061,090705,3,2021,ACS 2021,370610907053
1501,37,061,090706,1,2021,ACS 2021,370610907061
775,37,061,090706,2,2021,ACS 2021,370610907062
707,37,061,090706,3,2021,ACS 2021,370610907063
1473,37,061,090801,1,2021,ACS 2021,370610908011
1135,37,061,090801,2,2021,ACS 2021,370610908012
634,37,061,090801,3,2021,ACS 2021,370610908013
870,37,061,090803,1,2021,ACS 2021,370610908031
303,37,061,090803,2,2021,ACS 2021,370610908032
1434,37,061,090804,1,2021,ACS 2021,370610908041
1472,37,061,090804,2,2021,ACS 2021,370610908042
1193,37,063,000101,1,2021,ACS 2021,370630001011
2727,37,063,000101,2,2021,ACS 2021,370630001012
1807,37,063,000102,1,2021,ACS 2021,370630001021
759,37,063,000102,2,2021,ACS 2021,370630001022
603,37,063,000102,3,2021,ACS 2021,370630001023
570,37,063,000102,4,2021,ACS 2021,370630001024
1221,37,063,000200,1,2021,ACS 2021,370630002001
1532,37,063,000200,2,2021,ACS 2021,370630002002
652,37,063,000200,3,2021,ACS 2021,370630002003
1340,37,063,000301,1,2021,ACS 2021,370630003011
569,37,063,000301,2,2021,ACS 2021,370630003012
994,37,063,000301,3,2021,ACS 2021,370630003013
1136,37,063,000302,1,2021,ACS 2021,370630003021
1040,37,063,000302,2,2021,ACS 2021,370630003022
1434,37,063,000302,3,2021,ACS 2021,370630003023
846,37,063,000401,1,2021,ACS 2021,370630004011
776,37,063,000401,2,2021,ACS 2021,370630004012
879,37,063,000401,3,2021,ACS 2021,370630004013
1361,37,063,000402,1,2021,ACS 2021,370630004021
1307,37,063,000402,2,2021,ACS 2021,370630004022
747,37,063,000500,1,2021,ACS 2021,370630005001
1033,37,063,000500,2,2021,ACS 2021,370630005002
1010,37,063,000500,3,2021,ACS 2021,370630005003
1732,37,063,000500,4,2021,ACS 2021,370630005004
632,37,063,000600,1,2021,ACS 2021,370630006001
1447,37,063,000600,2,2021,ACS 2021,370630006002
3274,37,063,000600,3,2021,ACS 2021,370630006003
1462,37,063,000700,1,2021,ACS 2021,370630007001
1226,37,063,000700,2,2021,ACS 2021,370630007002
1254,37,063,000700,3,2021,ACS 2021,370630007003
810,37,063,000900,1,2021,ACS 2021,370630009001
941,37,063,000900,2,2021,ACS 2021,370630009002
836,37,063,001001,1,2021,ACS 2021,370630010011
1829,37,063,001001,2,2021,ACS 2021,370630010012
638,37,063,001001,3,2021,ACS 2021,370630010013
369,37,063,001001,4,2021,ACS 2021,370630010014
1083,37,063,001002,1,2021,ACS 2021,370630010021
605,37,063,001002,2,2021,ACS 2021,370630010022
1377,37,063,001002,3,2021,ACS 2021,370630010023
1280,37,063,001002,4,2021,ACS 2021,370630010024
1193,37,063,001002,5,2021,ACS 2021,370630010025
1382,37,063,001100,1,2021,ACS 2021,370630011001
517,37,063,001100,2,2021,ACS 2021,370630011002
1203,37,063,001100,3,2021,ACS 2021,370630011003
1191,37,063,001301,1,2021,ACS 2021,370630013011
766,37,063,001301,2,2021,ACS 2021,370630013012
2309,37,063,001303,1,2021,ACS 2021,370630013031
2228,37,063,001303,2,2021,ACS 2021,370630013032
1389,37,063,001304,1,2021,ACS 2021,370630013041
1188,37,063,001304,2,2021,ACS 2021,370630013042
636,37,063,001400,1,2021,ACS 2021,370630014001
1937,37,063,001400,2,2021,ACS 2021,370630014002
3559,37,063,001501,1,2021,ACS 2021,370630015011
1909,37,063,001503,1,2021,ACS 2021,370630015031
960,37,063,001504,1,2021,ACS 2021,370630015041
1233,37,063,001504,2,2021,ACS 2021,370630015042
1754,37,063,001505,1,2021,ACS 2021,370630015051
1253,37,063,001505,2,2021,ACS 2021,370630015052
915,37,063,001505,3,2021,ACS 2021,370630015053
1341,37,063,001601,1,2021,ACS 2021,370630016011
1196,37,063,001601,2,2021,ACS 2021,370630016012
804,37,063,001601,3,2021,ACS 2021,370630016013
1094,37,063,001601,4,2021,ACS 2021,370630016014
749,37,063,001601,5,2021,ACS 2021,370630016015
0,37,063,001601,6,2021,ACS 2021,370630016016
484,37,063,001603,1,2021,ACS 2021,370630016031
1211,37,063,001603,2,2021,ACS 2021,370630016032
1208,37,063,001603,3,2021,ACS 2021,370630016033
1457,37,063,001603,4,2021,ACS 2021,370630016034
2115,37,063,001603,5,2021,ACS 2021,370630016035
779,37,063,001603,6,2021,ACS 2021,370630016036
1509,37,063,001604,1,2021,ACS 2021,370630016041
382,37,063,001604,2,2021,ACS 2021,370630016042
674,37,063,001604,3,2021,ACS 2021,370630016043
1172,37,063,001604,4,2021,ACS 2021,370630016044
881,37,063,001604,5,2021,ACS 2021,370630016045
1280,37,063,001604,6,2021,ACS 2021,370630016046
693,37,063,001604,7,2021,ACS 2021,370630016047
742,37,063,001705,1,2021,ACS 2021,370630017051
1402,37,063,001705,2,2021,ACS 2021,370630017052
836,37,063,001705,3,2021,ACS 2021,370630017053
1133,37,063,001705,4,2021,ACS 2021,370630017054
1544,37,063,001705,5,2021,ACS 2021,370630017055
2105,37,063,001706,1,2021,ACS 2021,370630017061
1205,37,063,001706,2,2021,ACS 2021,370630017062
699,37,063,001706,3,2021,ACS 2021,370630017063
1210,37,063,001706,4,2021,ACS 2021,370630017064
455,37,063,001708,1,2021,ACS 2021,370630017081
2557,37,063,001708,2,2021,ACS 2021,370630017082
791,37,063,001708,3,2021,ACS 2021,370630017083
1246,37,063,001708,4,2021,ACS 2021,370630017084
1465,37,063,001709,1,2021,ACS 2021,370630017091
1011,37,063,001709,2,2021,ACS 2021,370630017092
644,37,063,001709,3,2021,ACS 2021,370630017093
1030,37,063,001709,4,2021,ACS 2021,370630017094
1234,37,063,001709,5,2021,ACS 2021,370630017095
1474,37,063,001709,6,2021,ACS 2021,370630017096
400,37,063,001709,7,2021,ACS 2021,370630017097
1776,37,063,001710,1,2021,ACS 2021,370630017101
2125,37,063,001710,2,2021,ACS 2021,370630017102
946,37,063,001710,3,2021,ACS 2021,370630017103
1926,37,063,001711,1,2021,ACS 2021,370630017111
1100,37,063,001711,2,2021,ACS 2021,370630017112
1388,37,063,001711,3,2021,ACS 2021,370630017113
1003,37,063,001712,1,2021,ACS 2021,370630017121
1283,37,063,001712,2,2021,ACS 2021,370630017122
1139,37,063,001712,3,2021,ACS 2021,370630017123
1539,37,063,001712,4,2021,ACS 2021,370630017124
1019,37,063,001713,1,2021,ACS 2021,370630017131
439,37,063,001713,2,2021,ACS 2021,370630017132
1260,37,063,001713,3,2021,ACS 2021,370630017133
541,37,063,001713,4,2021,ACS 2021,370630017134
2046,37,063,001801,1,2021,ACS 2021,370630018011
1194,37,063,001801,2,2021,ACS 2021,370630018012
952,37,063,001801,3,2021,ACS 2021,370630018013
150,37,063,001801,4,2021,ACS 2021,370630018014
661,37,063,001801,5,2021,ACS 2021,370630018015
1471,37,063,001801,6,2021,ACS 2021,370630018016
2493,37,063,001801,7,2021,ACS 2021,370630018017
1424,37,063,001802,1,2021,ACS 2021,370630018021
3025,37,063,001802,2,2021,ACS 2021,370630018022
2277,37,063,001802,3,2021,ACS 2021,370630018023
405,37,063,001802,4,2021,ACS 2021,370630018024
2782,37,063,001806,1,2021,ACS 2021,370630018061
569,37,063,001806,2,2021,ACS 2021,370630018062
1640,37,063,001806,3,2021,ACS 2021,370630018063
1248,37,063,001806,4,2021,ACS 2021,370630018064
1396,37,063,001806,5,2021,ACS 2021,370630018065
2052,37,063,001808,1,2021,ACS 2021,370630018081
3051,37,063,001808,2,2021,ACS 2021,370630018082
2024,37,063,001808,3,2021,ACS 2021,370630018083
3907,37,063,001808,4,2021,ACS 2021,370630018084
1022,37,063,001809,1,2021,ACS 2021,370630018091
2283,37,063,001809,2,2021,ACS 2021,370630018092
1054,37,063,001809,3,2021,ACS 2021,370630018093
620,37,063,001809,4,2021,ACS 2021,370630018094
1959,37,063,001809,5,2021,ACS 2021,370630018095
1318,37,063,001810,1,2021,ACS 2021,370630018101
973,37,063,001810,2,2021,ACS 2021,370630018102
1703,37,063,001810,3,2021,ACS 2021,370630018103
1632,37,063,001811,1,2021,ACS 2021,370630018111
807,37,063,001811,2,2021,ACS 2021,370630018112
909,37,063,001811,3,2021,ACS 2021,370630018113
859,37,063,001811,4,2021,ACS 2021,370630018114
1219,37,063,001811,5,2021,ACS 2021,370630018115
826,37,063,001811,6,2021,ACS 2021,370630018116
2016,37,063,001900,1,2021,ACS 2021,370630019001
608,37,063,001900,2,2021,ACS 2021,370630019002
2361,37,063,001900,3,2021,ACS 2021,370630019003
626,37,063,001900,4,2021,ACS 2021,370630019004
900,37,063,002007,1,2021,ACS 2021,370630020071
929,37,063,002007,2,2021,ACS 2021,370630020072
548,37,063,002007,3,2021,ACS 2021,370630020073
1299,37,063,002007,4,2021,ACS 2021,370630020074
1508,37,063,002007,5,2021,ACS 2021,370630020075
1837,37,063,002008,1,2021,ACS 2021,370630020081
769,37,063,002008,2,2021,ACS 2021,370630020082
1178,37,063,002008,3,2021,ACS 2021,370630020083
2487,37,063,002009,1,2021,ACS 2021,370630020091
1490,37,063,002009,2,2021,ACS 2021,370630020092
1062,37,063,002009,3,2021,ACS 2021,370630020093
835,37,063,002013,1,2021,ACS 2021,370630020131
954,37,063,002013,2,2021,ACS 2021,370630020132
1796,37,063,002013,3,2021,ACS 2021,370630020133
1186,37,063,002013,4,2021,ACS 2021,370630020134
2591,37,063,002015,1,2021,ACS 2021,370630020151
648,37,063,002015,2,2021,ACS 2021,370630020152
985,37,063,002015,3,2021,ACS 2021,370630020153
1004,37,063,002015,4,2021,ACS 2021,370630020154
1621,37,063,002019,1,2021,ACS 2021,370630020191
1737,37,063,002019,2,2021,ACS 2021,370630020192
1311,37,063,002019,3,2021,ACS 2021,370630020193
2528,37,063,002020,1,2021,ACS 2021,370630020201
1601,37,063,002020,2,2021,ACS 2021,370630020202
2173,37,063,002020,3,2021,ACS 2021,370630020203
3031,37,063,002020,4,2021,ACS 2021,370630020204
1923,37,063,002021,1,2021,ACS 2021,370630020211
1611,37,063,002021,2,2021,ACS 2021,370630020212
1302,37,063,002021,3,2021,ACS 2021,370630020213
1354,37,063,002022,1,2021,ACS 2021,370630020221
1622,37,063,002022,2,2021,ACS 2021,370630020222
1274,37,063,002022,3,2021,ACS 2021,370630020223
1219,37,063,002023,1,2021,ACS 2021,370630020231
884,37,063,002023,2,2021,ACS 2021,370630020232
828,37,063,002023,3,2021,ACS 2021,370630020233
1233,37,063,002024,1,2021,ACS 2021,370630020241
1065,37,063,002024,2,2021,ACS 2021,370630020242
444,37,063,002024,3,2021,ACS 2021,370630020243
875,37,063,002024,4,2021,ACS 2021,370630020244
1301,37,063,002024,5,2021,ACS 2021,370630020245
909,37,063,002024,6,2021,ACS 2021,370630020246
2536,37,063,002025,1,2021,ACS 2021,370630020251
1563,37,063,002025,2,2021,ACS 2021,370630020252
1254,37,063,002025,3,2021,ACS 2021,370630020253
1299,37,063,002025,4,2021,ACS 2021,370630020254
3462,37,063,002026,1,2021,ACS 2021,370630020261
3808,37,063,002026,2,2021,ACS 2021,370630020262
1913,37,063,002026,3,2021,ACS 2021,370630020263
2175,37,063,002029,1,2021,ACS 2021,370630020291
1524,37,063,002029,2,2021,ACS 2021,370630020292
319,37,063,002029,3,2021,ACS 2021,370630020293
1347,37,063,002030,1,2021,ACS 2021,370630020301
2650,37,063,002030,2,2021,ACS 2021,370630020302
1548,37,063,002031,1,2021,ACS 2021,370630020311
895,37,063,002031,2,2021,ACS 2021,370630020312
1329,37,063,002032,1,2021,ACS 2021,370630020321
1008,37,063,002032,2,2021,ACS 2021,370630020322
368,37,063,002032,3,2021,ACS 2021,370630020323
942,37,063,002033,1,2021,ACS 2021,370630020331
1605,37,063,002033,2,2021,ACS 2021,370630020332
1373,37,063,002033,3,2021,ACS 2021,370630020333
2307,37,063,002034,1,2021,ACS 2021,370630020341
2494,37,063,002034,2,2021,ACS 2021,370630020342
1759,37,063,002034,3,2021,ACS 2021,370630020343
1983,37,063,002035,1,2021,ACS 2021,370630020351
946,37,063,002035,2,2021,ACS 2021,370630020352
2400,37,063,002035,3,2021,ACS 2021,370630020353
1079,37,063,002035,4,2021,ACS 2021,370630020354
1000,37,063,002036,1,2021,ACS 2021,370630020361
529,37,063,002036,2,2021,ACS 2021,370630020362
1147,37,063,002036,3,2021,ACS 2021,370630020363
3106,37,063,002037,1,2021,ACS 2021,370630020371
2207,37,063,002037,2,2021,ACS 2021,370630020372
1088,37,063,002038,1,2021,ACS 2021,370630020381
2318,37,063,002038,2,2021,ACS 2021,370630020382
2395,37,063,002038,3,2021,ACS 2021,370630020383
1005,37,063,002100,1,2021,ACS 2021,370630021001
621,37,063,002100,2,2021,ACS 2021,370630021002
527,37,063,002100,3,2021,ACS 2021,370630021003
3637,37,063,002100,4,2021,ACS 2021,370630021004
491,37,063,002100,5,2021,ACS 2021,370630021005
1078,37,063,002100,6,2021,ACS 2021,370630021006
1733,37,063,002100,7,2021,ACS 2021,370630021007
0,37,063,002100,8,2021,ACS 2021,370630021008
1065,37,063,002200,1,2021,ACS 2021,370630022001
1345,37,063,002200,2,2021,ACS 2021,370630022002
2005,37,063,002300,1,2021,ACS 2021,370630023001
0,37,063,980100,1,2021,ACS 2021,370639801001
860,37,065,020200,1,2021,ACS 2021,370650202001
1262,37,065,020200,2,2021,ACS 2021,370650202002
417,37,065,020200,3,2021,ACS 2021,370650202003
1676,37,065,020200,4,2021,ACS 2021,370650202004
1321,37,065,020200,5,2021,ACS 2021,370650202005
1208,37,065,020300,1,2021,ACS 2021,370650203001
1687,37,065,020300,2,2021,ACS 2021,370650203002
1540,37,065,020300,3,2021,ACS 2021,370650203003
736,37,065,020300,4,2021,ACS 2021,370650203004
572,37,065,020400,1,2021,ACS 2021,370650204001
398,37,065,020400,2,2021,ACS 2021,370650204002
461,37,065,020400,3,2021,ACS 2021,370650204003
876,37,065,020400,4,2021,ACS 2021,370650204004
1789,37,065,020400,5,2021,ACS 2021,370650204005
488,37,065,020600,1,2021,ACS 2021,370650206001
1216,37,065,020600,2,2021,ACS 2021,370650206002
498,37,065,020600,3,2021,ACS 2021,370650206003
902,37,065,020700,1,2021,ACS 2021,370650207001
905,37,065,020700,2,2021,ACS 2021,370650207002
616,37,065,020800,1,2021,ACS 2021,370650208001
915,37,065,020800,2,2021,ACS 2021,370650208002
1611,37,065,020800,3,2021,ACS 2021,370650208003
608,37,065,020900,1,2021,ACS 2021,370650209001
1168,37,065,020900,2,2021,ACS 2021,370650209002
200,37,065,020900,3,2021,ACS 2021,370650209003
821,37,065,021000,1,2021,ACS 2021,370650210001
856,37,065,021000,2,2021,ACS 2021,370650210002
375,37,065,021000,3,2021,ACS 2021,370650210003
997,37,065,021000,4,2021,ACS 2021,370650210004
1973,37,065,021100,1,2021,ACS 2021,370650211001
390,37,065,021100,2,2021,ACS 2021,370650211002
1528,37,065,021100,3,2021,ACS 2021,370650211003
2049,37,065,021200,1,2021,ACS 2021,370650212001
1401,37,065,021200,2,2021,ACS 2021,370650212002
543,37,065,021200,3,2021,ACS 2021,370650212003
953,37,065,021200,4,2021,ACS 2021,370650212004
1448,37,065,021300,1,2021,ACS 2021,370650213001
1876,37,065,021300,2,2021,ACS 2021,370650213002
1396,37,065,021300,3,2021,ACS 2021,370650213003
1845,37,065,021400,1,2021,ACS 2021,370650214001
1702,37,065,021400,2,2021,ACS 2021,370650214002
951,37,065,021500,1,2021,ACS 2021,370650215001
936,37,065,021500,2,2021,ACS 2021,370650215002
1099,37,065,021500,3,2021,ACS 2021,370650215003
892,37,065,021600,1,2021,ACS 2021,370650216001
601,37,065,021600,2,2021,ACS 2021,370650216002
1047,37,065,021600,3,2021,ACS 2021,370650216003
662,37,067,000100,1,2021,ACS 2021,370670001001
2352,37,067,000100,2,2021,ACS 2021,370670001002
1144,37,067,000200,1,2021,ACS 2021,370670002001
635,37,067,000301,1,2021,ACS 2021,370670003011
1354,37,067,000301,2,2021,ACS 2021,370670003012
1530,37,067,000302,1,2021,ACS 2021,370670003021
573,37,067,000400,1,2021,ACS 2021,370670004001
919,37,067,000400,2,2021,ACS 2021,370670004002
1985,37,067,000400,3,2021,ACS 2021,370670004003
177,37,067,000500,1,2021,ACS 2021,370670005001
643,37,067,000500,2,2021,ACS 2021,370670005002
1349,37,067,000500,3,2021,ACS 2021,370670005003
1767,37,067,000600,1,2021,ACS 2021,370670006001
994,37,067,000600,2,2021,ACS 2021,370670006002
731,37,067,000700,1,2021,ACS 2021,370670007001
1139,37,067,000700,2,2021,ACS 2021,370670007002
3458,37,067,000801,1,2021,ACS 2021,370670008011
467,37,067,000802,1,2021,ACS 2021,370670008021
2064,37,067,000802,2,2021,ACS 2021,370670008022
747,37,067,000900,1,2021,ACS 2021,370670009001
1412,37,067,000900,2,2021,ACS 2021,370670009002
372,37,067,000900,3,2021,ACS 2021,370670009003
1029,37,067,000900,4,2021,ACS 2021,370670009004
875,37,067,001000,1,2021,ACS 2021,370670010001
1491,37,067,001000,2,2021,ACS 2021,370670010002
1368,37,067,001000,3,2021,ACS 2021,370670010003
686,37,067,001000,4,2021,ACS 2021,370670010004
1033,37,067,001100,1,2021,ACS 2021,370670011001
730,37,067,001100,2,2021,ACS 2021,370670011002
866,37,067,001100,3,2021,ACS 2021,370670011003
1959,37,067,001200,1,2021,ACS 2021,370670012001
1285,37,067,001300,1,2021,ACS 2021,370670013001
2699,37,067,001300,2,2021,ACS 2021,370670013002
814,37,067,001300,3,2021,ACS 2021,370670013003
2465,37,067,001400,1,2021,ACS 2021,370670014001
1587,37,067,001400,2,2021,ACS 2021,370670014002
2802,37,067,001500,1,2021,ACS 2021,370670015001
1311,37,067,001500,2,2021,ACS 2021,370670015002
662,37,067,001500,3,2021,ACS 2021,370670015003
1524,37,067,001601,1,2021,ACS 2021,370670016011
1401,37,067,001601,2,2021,ACS 2021,370670016012
659,37,067,001601,3,2021,ACS 2021,370670016013
905,37,067,001602,1,2021,ACS 2021,370670016021
1539,37,067,001602,2,2021,ACS 2021,370670016022
943,37,067,001700,1,2021,ACS 2021,370670017001
667,37,067,001700,2,2021,ACS 2021,370670017002
2987,37,067,001700,3,2021,ACS 2021,370670017003
1085,37,067,001700,4,2021,ACS 2021,370670017004
1634,37,067,001800,1,2021,ACS 2021,370670018001
798,37,067,001800,2,2021,ACS 2021,370670018002
884,37,067,001800,3,2021,ACS 2021,370670018003
961,37,067,001800,4,2021,ACS 2021,370670018004
1675,37,067,001901,1,2021,ACS 2021,370670019011
1146,37,067,001902,1,2021,ACS 2021,370670019021
978,37,067,001902,2,2021,ACS 2021,370670019022
1027,37,067,002001,1,2021,ACS 2021,370670020011
1301,37,067,002001,2,2021,ACS 2021,370670020012
2186,37,067,002002,1,2021,ACS 2021,370670020021
2101,37,067,002002,2,2021,ACS 2021,370670020022
1012,37,067,002100,1,2021,ACS 2021,370670021001
1221,37,067,002100,2,2021,ACS 2021,370670021002
836,37,067,002200,1,2021,ACS 2021,370670022001
1235,37,067,002200,2,2021,ACS 2021,370670022002
1509,37,067,002200,3,2021,ACS 2021,370670022003
967,37,067,002501,1,2021,ACS 2021,370670025011
665,37,067,002501,2,2021,ACS 2021,370670025012
1074,37,067,002501,3,2021,ACS 2021,370670025013
1557,37,067,002502,1,2021,ACS 2021,370670025021
1602,37,067,002502,2,2021,ACS 2021,370670025022
2113,37,067,002601,1,2021,ACS 2021,370670026011
732,37,067,002601,2,2021,ACS 2021,370670026012
742,37,067,002604,1,2021,ACS 2021,370670026041
1697,37,067,002604,2,2021,ACS 2021,370670026042
2058,37,067,002604,3,2021,ACS 2021,370670026043
1206,37,067,002604,4,2021,ACS 2021,370670026044
1930,37,067,002605,1,2021,ACS 2021,370670026051
1582,37,067,002606,1,2021,ACS 2021,370670026061
932,37,067,002606,2,2021,ACS 2021,370670026062
1382,37,067,002606,3,2021,ACS 2021,370670026063
2613,37,067,002701,1,2021,ACS 2021,370670027011
3003,37,067,002701,2,2021,ACS 2021,370670027012
1596,37,067,002701,3,2021,ACS 2021,370670027013
1113,37,067,002702,1,2021,ACS 2021,370670027021
963,37,067,002702,2,2021,ACS 2021,370670027022
1226,37,067,002702,3,2021,ACS 2021,370670027023
822,37,067,002702,4,2021,ACS 2021,370670027024
639,37,067,002702,5,2021,ACS 2021,370670027025
1368,37,067,002704,1,2021,ACS 2021,370670027041
824,37,067,002704,2,2021,ACS 2021,370670027042
1379,37,067,002705,1,2021,ACS 2021,370670027051
1061,37,067,002705,2,2021,ACS 2021,370670027052
446,37,067,002705,3,2021,ACS 2021,370670027053
1369,37,067,002801,1,2021,ACS 2021,370670028011
644,37,067,002801,2,2021,ACS 2021,370670028012
2812,37,067,002801,3,2021,ACS 2021,370670028013
1072,37,067,002804,1,2021,ACS 2021,370670028041
1323,37,067,002804,2,2021,ACS 2021,370670028042
1695,37,067,002804,3,2021,ACS 2021,370670028043
581,37,067,002806,1,2021,ACS 2021,370670028061
2288,37,067,002806,2,2021,ACS 2021,370670028062
2614,37,067,002807,1,2021,ACS 2021,370670028071
1146,37,067,002807,2,2021,ACS 2021,370670028072
1474,37,067,002807,3,2021,ACS 2021,370670028073
2507,37,067,002808,1,2021,ACS 2021,370670028081
1527,37,067,002808,2,2021,ACS 2021,370670028082
3236,37,067,002809,1,2021,ACS 2021,370670028091
1381,37,067,002901,1,2021,ACS 2021,370670029011
1207,37,067,002901,2,2021,ACS 2021,370670029012
2227,37,067,002901,3,2021,ACS 2021,370670029013
950,37,067,002903,1,2021,ACS 2021,370670029031
1554,37,067,002903,2,2021,ACS 2021,370670029032
1501,37,067,002903,3,2021,ACS 2021,370670029033
1958,37,067,002904,1,2021,ACS 2021,370670029041
1230,37,067,003002,1,2021,ACS 2021,370670030021
1725,37,067,003002,2,2021,ACS 2021,370670030022
1458,37,067,003002,3,2021,ACS 2021,370670030023
1520,37,067,003003,1,2021,ACS 2021,370670030031
2318,37,067,003003,2,2021,ACS 2021,370670030032
1556,37,067,003004,1,2021,ACS 2021,370670030041
2126,37,067,003004,2,2021,ACS 2021,370670030042
1248,37,067,003103,1,2021,ACS 2021,370670031031
2033,37,067,003103,2,2021,ACS 2021,370670031032
2172,37,067,003103,3,2021,ACS 2021,370670031033
1562,37,067,003105,1,2021,ACS 2021,370670031051
2028,37,067,003105,2,2021,ACS 2021,370670031052
745,37,067,003106,1,2021,ACS 2021,370670031061
1176,37,067,003106,2,2021,ACS 2021,370670031062
1667,37,067,003106,3,2021,ACS 2021,370670031063
1289,37,067,003107,1,2021,ACS 2021,370670031071
2768,37,067,003107,2,2021,ACS 2021,370670031072
2784,37,067,003108,1,2021,ACS 2021,370670031081
1085,37,067,003108,2,2021,ACS 2021,370670031082
1547,37,067,003201,1,2021,ACS 2021,370670032011
975,37,067,003201,2,2021,ACS 2021,370670032012
2293,37,067,003201,3,2021,ACS 2021,370670032013
461,37,067,003201,4,2021,ACS 2021,370670032014
1063,37,067,003202,1,2021,ACS 2021,370670032021
360,37,067,003202,2,2021,ACS 2021,370670032022
2939,37,067,003202,3,2021,ACS 2021,370670032023
2299,37,067,003307,1,2021,ACS 2021,370670033071
1742,37,067,003307,2,2021,ACS 2021,370670033072
3342,37,067,003308,1,2021,ACS 2021,370670033081
3011,37,067,003308,2,2021,ACS 2021,370670033082
357,37,067,003308,3,2021,ACS 2021,370670033083
1819,37,067,003308,4,2021,ACS 2021,370670033084
546,37,067,003309,1,2021,ACS 2021,370670033091
1875,37,067,003309,2,2021,ACS 2021,370670033092
2460,37,067,003309,3,2021,ACS 2021,370670033093
2981,37,067,003310,1,2021,ACS 2021,370670033101
1772,37,067,003310,2,2021,ACS 2021,370670033102
2074,37,067,003311,1,2021,ACS 2021,370670033111
1294,37,067,003312,1,2021,ACS 2021,370670033121
2727,37,067,003312,2,2021,ACS 2021,370670033122
1373,37,067,003313,1,2021,ACS 2021,370670033131
1212,37,067,003314,1,2021,ACS 2021,370670033141
2119,37,067,003314,2,2021,ACS 2021,370670033142
1237,37,067,003315,1,2021,ACS 2021,370670033151
1039,37,067,003315,2,2021,ACS 2021,370670033152
1183,37,067,003315,3,2021,ACS 2021,370670033153
700,37,067,003402,1,2021,ACS 2021,370670034021
2461,37,067,003402,2,2021,ACS 2021,370670034022
1733,37,067,003403,1,2021,ACS 2021,370670034031
800,37,067,003403,2,2021,ACS 2021,370670034032
2441,37,067,003404,1,2021,ACS 2021,370670034041
1912,37,067,003404,2,2021,ACS 2021,370670034042
1283,37,067,003500,1,2021,ACS 2021,370670035001
1129,37,067,003500,2,2021,ACS 2021,370670035002
2376,37,067,003500,3,2021,ACS 2021,370670035003
1934,37,067,003500,4,2021,ACS 2021,370670035004
1278,37,067,003500,5,2021,ACS 2021,370670035005
945,37,067,003600,1,2021,ACS 2021,370670036001
2057,37,067,003600,2,2021,ACS 2021,370670036002
1707,37,067,003600,3,2021,ACS 2021,370670036003
2870,37,067,003600,4,2021,ACS 2021,370670036004
479,37,067,003701,1,2021,ACS 2021,370670037011
2000,37,067,003701,2,2021,ACS 2021,370670037012
2016,37,067,003701,3,2021,ACS 2021,370670037013
907,37,067,003702,1,2021,ACS 2021,370670037021
2103,37,067,003702,2,2021,ACS 2021,370670037022
1941,37,067,003702,3,2021,ACS 2021,370670037023
878,37,067,003702,4,2021,ACS 2021,370670037024
2629,37,067,003703,1,2021,ACS 2021,370670037031
1244,37,067,003703,2,2021,ACS 2021,370670037032
1935,37,067,003703,3,2021,ACS 2021,370670037033
1244,37,067,003703,4,2021,ACS 2021,370670037034
1418,37,067,003703,5,2021,ACS 2021,370670037035
2674,37,067,003803,1,2021,ACS 2021,370670038031
1240,37,067,003803,2,2021,ACS 2021,370670038032
756,37,067,003803,3,2021,ACS 2021,370670038033
1307,37,067,003804,1,2021,ACS 2021,370670038041
1640,37,067,003804,2,2021,ACS 2021,370670038042
786,37,067,003804,3,2021,ACS 2021,370670038043
744,37,067,003804,4,2021,ACS 2021,370670038044
2224,37,067,003805,1,2021,ACS 2021,370670038051
1670,37,067,003805,2,2021,ACS 2021,370670038052
1145,37,067,003805,3,2021,ACS 2021,370670038053
1501,37,067,003805,4,2021,ACS 2021,370670038054
1641,37,067,003806,1,2021,ACS 2021,370670038061
1959,37,067,003806,2,2021,ACS 2021,370670038062
2260,37,067,003903,1,2021,ACS 2021,370670039031
1907,37,067,003903,2,2021,ACS 2021,370670039032
1808,37,067,003904,1,2021,ACS 2021,370670039041
1502,37,067,003904,2,2021,ACS 2021,370670039042
1665,37,067,003904,3,2021,ACS 2021,370670039043
1181,37,067,003904,4,2021,ACS 2021,370670039044
2311,37,067,003905,1,2021,ACS 2021,370670039051
1320,37,067,003905,2,2021,ACS 2021,370670039052
899,37,067,003905,3,2021,ACS 2021,370670039053
1210,37,067,003906,1,2021,ACS 2021,370670039061
613,37,067,003906,2,2021,ACS 2021,370670039062
1906,37,067,003906,3,2021,ACS 2021,370670039063
1720,37,067,003908,1,2021,ACS 2021,370670039081
1927,37,067,003908,2,2021,ACS 2021,370670039082
1502,37,067,003909,1,2021,ACS 2021,370670039091
1052,37,067,003909,2,2021,ACS 2021,370670039092
1261,37,067,003909,3,2021,ACS 2021,370670039093
1213,37,067,004005,1,2021,ACS 2021,370670040051
2595,37,067,004005,2,2021,ACS 2021,370670040052
826,37,067,004005,3,2021,ACS 2021,370670040053
2315,37,067,004007,1,2021,ACS 2021,370670040071
2041,37,067,004007,2,2021,ACS 2021,370670040072
1150,37,067,004007,3,2021,ACS 2021,370670040073
2530,37,067,004007,4,2021,ACS 2021,370670040074
2184,37,067,004009,1,2021,ACS 2021,370670040091
2511,37,067,004009,2,2021,ACS 2021,370670040092
2898,37,067,004010,1,2021,ACS 2021,370670040101
1743,37,067,004010,2,2021,ACS 2021,370670040102
1792,37,067,004011,1,2021,ACS 2021,370670040111
1005,37,067,004011,2,2021,ACS 2021,370670040112
2227,37,067,004011,3,2021,ACS 2021,370670040113
967,37,067,004011,4,2021,ACS 2021,370670040114
2007,37,067,004012,1,2021,ACS 2021,370670040121
1944,37,067,004012,2,2021,ACS 2021,370670040122
549,37,067,004012,3,2021,ACS 2021,370670040123
1246,37,067,004012,4,2021,ACS 2021,370670040124
1782,37,067,004013,1,2021,ACS 2021,370670040131
1948,37,067,004013,2,2021,ACS 2021,370670040132
1313,37,067,004014,1,2021,ACS 2021,370670040141
1100,37,067,004014,2,2021,ACS 2021,370670040142
1100,37,067,004014,3,2021,ACS 2021,370670040143
1498,37,067,004015,1,2021,ACS 2021,370670040151
1630,37,067,004015,2,2021,ACS 2021,370670040152
1652,37,067,004015,3,2021,ACS 2021,370670040153
1224,37,067,004102,1,2021,ACS 2021,370670041021
1599,37,067,004102,2,2021,ACS 2021,370670041022
2462,37,067,004103,1,2021,ACS 2021,370670041031
2304,37,067,004103,2,2021,ACS 2021,370670041032
2714,37,067,004104,1,2021,ACS 2021,370670041041
659,37,067,004104,2,2021,ACS 2021,370670041042
806,37,067,004104,3,2021,ACS 2021,370670041043
1641,37,069,060100,1,2021,ACS 2021,370690601001
1569,37,069,060100,2,2021,ACS 2021,370690601002
1136,37,069,060100,3,2021,ACS 2021,370690601003
834,37,069,060100,4,2021,ACS 2021,370690601004
2252,37,069,060200,1,2021,ACS 2021,370690602001
1047,37,069,060200,2,2021,ACS 2021,370690602002
2292,37,069,060301,1,2021,ACS 2021,370690603011
1342,37,069,060301,2,2021,ACS 2021,370690603012
969,37,069,060301,3,2021,ACS 2021,370690603013
908,37,069,060301,4,2021,ACS 2021,370690603014
966,37,069,060302,1,2021,ACS 2021,370690603021
1287,37,069,060302,2,2021,ACS 2021,370690603022
1783,37,069,060401,1,2021,ACS 2021,370690604011
1197,37,069,060401,2,2021,ACS 2021,370690604012
1050,37,069,060403,1,2021,ACS 2021,370690604031
1430,37,069,060403,2,2021,ACS 2021,370690604032
398,37,069,060404,1,2021,ACS 2021,370690604041
1726,37,069,060404,2,2021,ACS 2021,370690604042
3478,37,069,060501,1,2021,ACS 2021,370690605011
2681,37,069,060501,2,2021,ACS 2021,370690605012
2534,37,069,060501,3,2021,ACS 2021,370690605013
2696,37,069,060502,1,2021,ACS 2021,370690605021
2792,37,069,060502,2,2021,ACS 2021,370690605022
3698,37,069,060502,3,2021,ACS 2021,370690605023
2457,37,069,060601,1,2021,ACS 2021,370690606011
775,37,069,060601,2,2021,ACS 2021,370690606012
4128,37,069,060602,1,2021,ACS 2021,370690606021
1257,37,069,060602,2,2021,ACS 2021,370690606022
1462,37,069,060602,3,2021,ACS 2021,370690606023
1353,37,069,060701,1,2021,ACS 2021,370690607011
481,37,069,060702,1,2021,ACS 2021,370690607021
1882,37,069,060702,2,2021,ACS 2021,370690607022
681,37,069,060703,1,2021,ACS 2021,370690607031
477,37,069,060703,2,2021,ACS 2021,370690607032
1330,37,069,060703,3,2021,ACS 2021,370690607033
1785,37,069,060801,1,2021,ACS 2021,370690608011
2528,37,069,060801,2,2021,ACS 2021,370690608012
2007,37,069,060802,1,2021,ACS 2021,370690608021
1386,37,069,060802,2,2021,ACS 2021,370690608022
1138,37,069,060802,3,2021,ACS 2021,370690608023
765,37,069,060802,4,2021,ACS 2021,370690608024
789,37,071,030103,1,2021,ACS 2021,370710301031
515,37,071,030103,2,2021,ACS 2021,370710301032
1709,37,071,030104,1,2021,ACS 2021,370710301041
421,37,071,030104,2,2021,ACS 2021,370710301042
3178,37,071,030105,1,2021,ACS 2021,370710301051
1113,37,071,030106,1,2021,ACS 2021,370710301061
1297,37,071,030205,1,2021,ACS 2021,370710302051
1277,37,071,030205,2,2021,ACS 2021,370710302052
1565,37,071,030205,3,2021,ACS 2021,370710302053
1031,37,071,030206,1,2021,ACS 2021,370710302061
1444,37,071,030206,2,2021,ACS 2021,370710302062
607,37,071,030207,1,2021,ACS 2021,370710302071
403,37,071,030207,2,2021,ACS 2021,370710302072
605,37,071,030208,1,2021,ACS 2021,370710302081
916,37,071,030209,1,2021,ACS 2021,370710302091
872,37,071,030209,2,2021,ACS 2021,370710302092
757,37,071,030301,1,2021,ACS 2021,370710303011
758,37,071,030301,2,2021,ACS 2021,370710303012
1015,37,071,030301,3,2021,ACS 2021,370710303013
630,37,071,030302,1,2021,ACS 2021,370710303021
583,37,071,030302,2,2021,ACS 2021,370710303022
1116,37,071,030302,3,2021,ACS 2021,370710303023
1289,37,071,030401,1,2021,ACS 2021,370710304011
1019,37,071,030401,2,2021,ACS 2021,370710304012
2028,37,071,030401,3,2021,ACS 2021,370710304013
1549,37,071,030403,1,2021,ACS 2021,370710304031
809,37,071,030403,2,2021,ACS 2021,370710304032
775,37,071,030404,1,2021,ACS 2021,370710304041
1419,37,071,030404,2,2021,ACS 2021,370710304042
1429,37,071,030501,1,2021,ACS 2021,370710305011
1309,37,071,030501,2,2021,ACS 2021,370710305012
806,37,071,030503,1,2021,ACS 2021,370710305031
1256,37,071,030503,2,2021,ACS 2021,370710305032
761,37,071,030504,1,2021,ACS 2021,370710305041
675,37,071,030504,2,2021,ACS 2021,370710305042
765,37,071,030601,1,2021,ACS 2021,370710306011
1549,37,071,030601,2,2021,ACS 2021,370710306012
1542,37,071,030602,1,2021,ACS 2021,370710306021
1014,37,071,030602,2,2021,ACS 2021,370710306022
1898,37,071,030700,1,2021,ACS 2021,370710307001
748,37,071,030700,2,2021,ACS 2021,370710307002
1035,37,071,030700,3,2021,ACS 2021,370710307003
1100,37,071,030801,1,2021,ACS 2021,370710308011
674,37,071,030801,2,2021,ACS 2021,370710308012
880,37,071,030802,1,2021,ACS 2021,370710308021
1184,37,071,030802,2,2021,ACS 2021,370710308022
973,37,071,030802,3,2021,ACS 2021,370710308023
864,37,071,030802,4,2021,ACS 2021,370710308024
1245,37,071,030901,1,2021,ACS 2021,370710309011
695,37,071,030901,2,2021,ACS 2021,370710309012
774,37,071,030901,3,2021,ACS 2021,370710309013
1483,37,071,030902,1,2021,ACS 2021,370710309021
1210,37,071,030902,2,2021,ACS 2021,370710309022
2205,37,071,030902,3,2021,ACS 2021,370710309023
869,37,071,031001,1,2021,ACS 2021,370710310011
971,37,071,031001,2,2021,ACS 2021,370710310012
1232,37,071,031001,3,2021,ACS 2021,370710310013
1549,37,071,031004,1,2021,ACS 2021,370710310041
1476,37,071,031004,2,2021,ACS 2021,370710310042
2346,37,071,031005,1,2021,ACS 2021,370710310051
1481,37,071,031006,1,2021,ACS 2021,370710310061
962,37,071,031101,1,2021,ACS 2021,370710311011
1478,37,071,031101,2,2021,ACS 2021,370710311012
965,37,071,031101,3,2021,ACS 2021,370710311013
1023,37,071,031102,1,2021,ACS 2021,370710311021
1212,37,071,031102,2,2021,ACS 2021,370710311022
414,37,071,031202,1,2021,ACS 2021,370710312021
2125,37,071,031202,2,2021,ACS 2021,370710312022
1801,37,071,031203,1,2021,ACS 2021,370710312031
1661,37,071,031204,1,2021,ACS 2021,370710312041
1202,37,071,031301,1,2021,ACS 2021,370710313011
3295,37,071,031301,2,2021,ACS 2021,370710313012
1480,37,071,031303,1,2021,ACS 2021,370710313031
462,37,071,031303,2,2021,ACS 2021,370710313032
1780,37,071,031304,1,2021,ACS 2021,370710313041
1036,37,071,031304,2,2021,ACS 2021,370710313042
1761,37,071,031401,1,2021,ACS 2021,370710314011
1161,37,071,031401,2,2021,ACS 2021,370710314012
1056,37,071,031402,1,2021,ACS 2021,370710314021
1407,37,071,031402,2,2021,ACS 2021,370710314022
2630,37,071,031500,1,2021,ACS 2021,370710315001
1677,37,071,031500,2,2021,ACS 2021,370710315002
598,37,071,031600,1,2021,ACS 2021,370710316001
1196,37,071,031600,2,2021,ACS 2021,370710316002
1535,37,071,031600,3,2021,ACS 2021,370710316003
469,37,071,031600,4,2021,ACS 2021,370710316004
1107,37,071,031703,1,2021,ACS 2021,370710317031
2062,37,071,031703,2,2021,ACS 2021,370710317032
1415,37,071,031704,1,2021,ACS 2021,370710317041
1635,37,071,031704,2,2021,ACS 2021,370710317042
1120,37,071,031704,3,2021,ACS 2021,370710317043
948,37,071,031705,1,2021,ACS 2021,370710317051
848,37,071,031705,2,2021,ACS 2021,370710317052
341,37,071,031706,1,2021,ACS 2021,370710317061
938,37,071,031706,2,2021,ACS 2021,370710317062
894,37,071,031800,1,2021,ACS 2021,370710318001
322,37,071,031800,2,2021,ACS 2021,370710318002
501,37,071,031800,3,2021,ACS 2021,370710318003
1679,37,071,031800,4,2021,ACS 2021,370710318004
676,37,071,031901,1,2021,ACS 2021,370710319011
545,37,071,031902,1,2021,ACS 2021,370710319021
933,37,071,031902,2,2021,ACS 2021,370710319022
1325,37,071,032000,1,2021,ACS 2021,370710320001
736,37,071,032000,2,2021,ACS 2021,370710320002
898,37,071,032000,3,2021,ACS 2021,370710320003
603,37,071,032100,1,2021,ACS 2021,370710321001
1396,37,071,032100,2,2021,ACS 2021,370710321002
824,37,071,032100,3,2021,ACS 2021,370710321003
1199,37,071,032201,1,2021,ACS 2021,370710322011
1317,37,071,032201,2,2021,ACS 2021,370710322012
2038,37,071,032202,1,2021,ACS 2021,370710322021
1130,37,071,032301,1,2021,ACS 2021,370710323011
611,37,071,032301,2,2021,ACS 2021,370710323012
1854,37,071,032301,3,2021,ACS 2021,370710323013
630,37,071,032302,1,2021,ACS 2021,370710323021
1224,37,071,032302,2,2021,ACS 2021,370710323022
1318,37,071,032302,3,2021,ACS 2021,370710323023
1402,37,071,032403,1,2021,ACS 2021,370710324031
564,37,071,032403,2,2021,ACS 2021,370710324032
767,37,071,032403,3,2021,ACS 2021,370710324033
756,37,071,032404,1,2021,ACS 2021,370710324041
1385,37,071,032404,2,2021,ACS 2021,370710324042
1443,37,071,032404,3,2021,ACS 2021,370710324043
1866,37,071,032405,1,2021,ACS 2021,370710324051
1167,37,071,032405,2,2021,ACS 2021,370710324052
1425,37,071,032406,1,2021,ACS 2021,370710324061
791,37,071,032406,2,2021,ACS 2021,370710324062
2442,37,071,032505,1,2021,ACS 2021,370710325051
1246,37,071,032505,2,2021,ACS 2021,370710325052
1808,37,071,032506,1,2021,ACS 2021,370710325061
1699,37,071,032506,2,2021,ACS 2021,370710325062
1482,37,071,032507,1,2021,ACS 2021,370710325071
2428,37,071,032507,2,2021,ACS 2021,370710325072
1199,37,071,032508,1,2021,ACS 2021,370710325081
701,37,071,032508,2,2021,ACS 2021,370710325082
692,37,071,032508,3,2021,ACS 2021,370710325083
2740,37,071,032509,1,2021,ACS 2021,370710325091
1171,37,071,032510,1,2021,ACS 2021,370710325101
874,37,071,032510,2,2021,ACS 2021,370710325102
1086,37,071,032600,1,2021,ACS 2021,370710326001
502,37,071,032600,2,2021,ACS 2021,370710326002
948,37,071,032600,3,2021,ACS 2021,370710326003
1280,37,071,032600,4,2021,ACS 2021,370710326004
2313,37,071,032702,1,2021,ACS 2021,370710327021
827,37,071,032703,1,2021,ACS 2021,370710327031
924,37,071,032703,2,2021,ACS 2021,370710327032
610,37,071,032703,3,2021,ACS 2021,370710327033
636,37,071,032704,1,2021,ACS 2021,370710327041
562,37,071,032704,2,2021,ACS 2021,370710327042
2120,37,071,032704,3,2021,ACS 2021,370710327043
498,37,071,032704,4,2021,ACS 2021,370710327044
1013,37,071,032801,1,2021,ACS 2021,370710328011
874,37,071,032801,2,2021,ACS 2021,370710328012
491,37,071,032801,3,2021,ACS 2021,370710328013
2592,37,071,032802,1,2021,ACS 2021,370710328021
1193,37,071,032802,2,2021,ACS 2021,370710328022
1216,37,071,032900,1,2021,ACS 2021,370710329001
1438,37,071,032900,2,2021,ACS 2021,370710329002
537,37,071,032900,3,2021,ACS 2021,370710329003
972,37,071,032900,4,2021,ACS 2021,370710329004
1203,37,071,033100,1,2021,ACS 2021,370710331001
499,37,071,033100,2,2021,ACS 2021,370710331002
1273,37,071,033100,3,2021,ACS 2021,370710331003
1273,37,071,033202,1,2021,ACS 2021,370710332021
1075,37,071,033202,2,2021,ACS 2021,370710332022
879,37,071,033203,1,2021,ACS 2021,370710332031
2029,37,071,033203,2,2021,ACS 2021,370710332032
1033,37,071,033204,1,2021,ACS 2021,370710332041
1007,37,071,033204,2,2021,ACS 2021,370710332042
1308,37,071,033204,3,2021,ACS 2021,370710332043
956,37,071,033303,1,2021,ACS 2021,370710333031
1064,37,071,033303,2,2021,ACS 2021,370710333032
1552,37,071,033303,3,2021,ACS 2021,370710333033
1388,37,071,033306,1,2021,ACS 2021,370710333061
1270,37,071,033308,1,2021,ACS 2021,370710333081
1038,37,071,033309,1,2021,ACS 2021,370710333091
926,37,071,033309,2,2021,ACS 2021,370710333092
2033,37,071,033310,1,2021,ACS 2021,370710333101
614,37,071,033311,1,2021,ACS 2021,370710333111
1585,37,071,033312,1,2021,ACS 2021,370710333121
2694,37,071,033312,2,2021,ACS 2021,370710333122
2024,37,071,033313,1,2021,ACS 2021,370710333131
1401,37,071,033400,1,2021,ACS 2021,370710334001
798,37,071,033400,2,2021,ACS 2021,370710334002
523,37,071,033400,3,2021,ACS 2021,370710334003
847,37,071,033501,1,2021,ACS 2021,370710335011
937,37,071,033501,2,2021,ACS 2021,370710335012
1028,37,071,033501,3,2021,ACS 2021,370710335013
1173,37,071,033502,1,2021,ACS 2021,370710335021
1047,37,071,033502,2,2021,ACS 2021,370710335022
716,37,073,970100,1,2021,ACS 2021,370739701001
805,37,073,970100,2,2021,ACS 2021,370739701002
1070,37,073,970100,3,2021,ACS 2021,370739701003
1032,37,073,970100,4,2021,ACS 2021,370739701004
1769,37,073,970200,1,2021,ACS 2021,370739702001
1265,37,073,970200,2,2021,ACS 2021,370739702002
768,37,073,970200,3,2021,ACS 2021,370739702003
802,37,073,970300,1,2021,ACS 2021,370739703001
735,37,073,970300,2,2021,ACS 2021,370739703002
1622,37,073,970300,3,2021,ACS 2021,370739703003
1101,37,075,920100,1,2021,ACS 2021,370759201001
698,37,075,920100,2,2021,ACS 2021,370759201002
511,37,075,920100,3,2021,ACS 2021,370759201003
945,37,075,920200,1,2021,ACS 2021,370759202001
1218,37,075,920200,2,2021,ACS 2021,370759202002
1254,37,075,920300,1,2021,ACS 2021,370759203001
650,37,075,920300,2,2021,ACS 2021,370759203002
807,37,075,920300,3,2021,ACS 2021,370759203003
905,37,075,920300,4,2021,ACS 2021,370759203004
691,37,077,970101,1,2021,ACS 2021,370779701011
2331,37,077,970101,2,2021,ACS 2021,370779701012
1453,37,077,970101,3,2021,ACS 2021,370779701013
2786,37,077,970102,1,2021,ACS 2021,370779701021
1225,37,077,970102,2,2021,ACS 2021,370779701022
1618,37,077,970200,1,2021,ACS 2021,370779702001
904,37,077,970200,2,2021,ACS 2021,370779702002
2331,37,077,970200,3,2021,ACS 2021,370779702003
1144,37,077,970300,1,2021,ACS 2021,370779703001
610,37,077,970300,2,2021,ACS 2021,370779703002
1791,37,077,970300,3,2021,ACS 2021,370779703003
1290,37,077,970400,1,2021,ACS 2021,370779704001
1682,37,077,970400,2,2021,ACS 2021,370779704002
1081,37,077,970400,3,2021,ACS 2021,370779704003
1898,37,077,970500,1,2021,ACS 2021,370779705001
1183,37,077,970500,2,2021,ACS 2021,370779705002
1528,37,077,970500,3,2021,ACS 2021,370779705003
1233,37,077,970601,1,2021,ACS 2021,370779706011
1549,37,077,970601,2,2021,ACS 2021,370779706012
1617,37,077,970601,3,2021,ACS 2021,370779706013
1943,37,077,970604,1,2021,ACS 2021,370779706041
1364,37,077,970604,2,2021,ACS 2021,370779706042
2548,37,077,970605,1,2021,ACS 2021,370779706051
3711,37,077,970605,2,2021,ACS 2021,370779706052
1015,37,077,970606,1,2021,ACS 2021,370779706061
1197,37,077,970606,2,2021,ACS 2021,370779706062
1588,37,077,970607,1,2021,ACS 2021,370779706071
2321,37,077,970607,2,2021,ACS 2021,370779706072
1568,37,077,970607,3,2021,ACS 2021,370779706073
946,37,077,970701,1,2021,ACS 2021,370779707011
1460,37,077,970701,2,2021,ACS 2021,370779707012
2431,37,077,970701,3,2021,ACS 2021,370779707013
818,37,077,970701,4,2021,ACS 2021,370779707014
1320,37,077,970702,1,2021,ACS 2021,370779707021
1008,37,077,970702,2,2021,ACS 2021,370779707022
1320,37,077,970703,1,2021,ACS 2021,370779707031
2297,37,077,970703,2,2021,ACS 2021,370779707032
1016,37,077,970703,3,2021,ACS 2021,370779707033
1038,37,077,970704,1,2021,ACS 2021,370779707041
1386,37,079,950101,1,2021,ACS 2021,370799501011
890,37,079,950101,2,2021,ACS 2021,370799501012
1570,37,079,950101,3,2021,ACS 2021,370799501013
762,37,079,950102,1,2021,ACS 2021,370799501021
2580,37,079,950102,2,2021,ACS 2021,370799501022
1279,37,079,950102,3,2021,ACS 2021,370799501023
1093,37,079,950200,1,2021,ACS 2021,370799502001
1757,37,079,950200,2,2021,ACS 2021,370799502002
1896,37,079,950200,3,2021,ACS 2021,370799502003
1552,37,079,950301,1,2021,ACS 2021,370799503011
938,37,079,950301,2,2021,ACS 2021,370799503012
1974,37,079,950301,3,2021,ACS 2021,370799503013
1684,37,079,950302,1,2021,ACS 2021,370799503021
1163,37,079,950302,2,2021,ACS 2021,370799503022
1644,37,081,010100,1,2021,ACS 2021,370810101001
1612,37,081,010200,1,2021,ACS 2021,370810102001
2345,37,081,010200,2,2021,ACS 2021,370810102002
1057,37,081,010200,3,2021,ACS 2021,370810102003
1553,37,081,010300,1,2021,ACS 2021,370810103001
1014,37,081,010300,2,2021,ACS 2021,370810103002
682,37,081,010401,1,2021,ACS 2021,370810104011
801,37,081,010401,2,2021,ACS 2021,370810104012
953,37,081,010403,1,2021,ACS 2021,370810104031
530,37,081,010403,2,2021,ACS 2021,370810104032
699,37,081,010404,1,2021,ACS 2021,370810104041
393,37,081,010404,2,2021,ACS 2021,370810104042
1391,37,081,010404,3,2021,ACS 2021,370810104043
865,37,081,010500,1,2021,ACS 2021,370810105001
736,37,081,010500,2,2021,ACS 2021,370810105002
797,37,081,010500,3,2021,ACS 2021,370810105003
1012,37,081,010601,1,2021,ACS 2021,370810106011
1639,37,081,010601,2,2021,ACS 2021,370810106012
743,37,081,010602,1,2021,ACS 2021,370810106021
837,37,081,010602,2,2021,ACS 2021,370810106022
1329,37,081,010602,3,2021,ACS 2021,370810106023
1763,37,081,010602,4,2021,ACS 2021,370810106024
1282,37,081,010701,1,2021,ACS 2021,370810107011
723,37,081,010701,2,2021,ACS 2021,370810107012
1980,37,081,010702,1,2021,ACS 2021,370810107021
4602,37,081,010702,2,2021,ACS 2021,370810107022
1001,37,081,010800,1,2021,ACS 2021,370810108001
305,37,081,010800,2,2021,ACS 2021,370810108002
1748,37,081,010800,3,2021,ACS 2021,370810108003
904,37,081,010900,1,2021,ACS 2021,370810109001
919,37,081,010900,2,2021,ACS 2021,370810109002
569,37,081,011000,1,2021,ACS 2021,370810110001
4842,37,081,011000,2,2021,ACS 2021,370810110002
402,37,081,011101,1,2021,ACS 2021,370810111011
1169,37,081,011101,2,2021,ACS 2021,370810111012
651,37,081,011101,3,2021,ACS 2021,370810111013
1764,37,081,011101,4,2021,ACS 2021,370810111014
1172,37,081,011102,1,2021,ACS 2021,370810111021
1201,37,081,011102,2,2021,ACS 2021,370810111022
1886,37,081,011201,1,2021,ACS 2021,370810112011
1181,37,081,011201,2,2021,ACS 2021,370810112012
977,37,081,011202,1,2021,ACS 2021,370810112021
2211,37,081,011202,2,2021,ACS 2021,370810112022
794,37,081,011300,1,2021,ACS 2021,370810113001
875,37,081,011300,2,2021,ACS 2021,370810113002
563,37,081,011300,3,2021,ACS 2021,370810113003
692,37,081,011300,4,2021,ACS 2021,370810113004
680,37,081,011400,1,2021,ACS 2021,370810114001
1022,37,081,011400,2,2021,ACS 2021,370810114002
1560,37,081,011400,3,2021,ACS 2021,370810114003
587,37,081,011400,4,2021,ACS 2021,370810114004
1809,37,081,011400,5,2021,ACS 2021,370810114005
781,37,081,011500,1,2021,ACS 2021,370810115001
903,37,081,011500,2,2021,ACS 2021,370810115002
768,37,081,011500,3,2021,ACS 2021,370810115003
852,37,081,011601,1,2021,ACS 2021,370810116011
1329,37,081,011601,2,2021,ACS 2021,370810116012
825,37,081,011601,3,2021,ACS 2021,370810116013
918,37,081,011602,1,2021,ACS 2021,370810116021
1554,37,081,011602,2,2021,ACS 2021,370810116022
550,37,081,011602,3,2021,ACS 2021,370810116023
2507,37,081,011904,1,2021,ACS 2021,370810119041
697,37,081,011904,2,2021,ACS 2021,370810119042
2084,37,081,011904,3,2021,ACS 2021,370810119043
1321,37,081,011905,1,2021,ACS 2021,370810119051
1266,37,081,011905,2,2021,ACS 2021,370810119052
2394,37,081,011905,3,2021,ACS 2021,370810119053
1804,37,081,012503,1,2021,ACS 2021,370810125031
801,37,081,012503,2,2021,ACS 2021,370810125032
1748,37,081,012503,3,2021,ACS 2021,370810125033
1574,37,081,012504,1,2021,ACS 2021,370810125041
1691,37,081,012504,2,2021,ACS 2021,370810125042
1171,37,081,012505,1,2021,ACS 2021,370810125051
1384,37,081,012505,2,2021,ACS 2021,370810125052
1602,37,081,012505,3,2021,ACS 2021,370810125053
528,37,081,012508,1,2021,ACS 2021,370810125081
1181,37,081,012508,2,2021,ACS 2021,370810125082
1360,37,081,012508,3,2021,ACS 2021,370810125083
2524,37,081,012509,1,2021,ACS 2021,370810125091
1710,37,081,012510,1,2021,ACS 2021,370810125101
1775,37,081,012510,2,2021,ACS 2021,370810125102
1753,37,081,012511,1,2021,ACS 2021,370810125111
1461,37,081,012511,2,2021,ACS 2021,370810125112
1154,37,081,012511,3,2021,ACS 2021,370810125113
788,37,081,012511,4,2021,ACS 2021,370810125114
1042,37,081,012604,1,2021,ACS 2021,370810126041
525,37,081,012604,2,2021,ACS 2021,370810126042
1497,37,081,012604,3,2021,ACS 2021,370810126043
645,37,081,012604,4,2021,ACS 2021,370810126044
2716,37,081,012607,1,2021,ACS 2021,370810126071
1872,37,081,012608,1,2021,ACS 2021,370810126081
826,37,081,012608,2,2021,ACS 2021,370810126082
1409,37,081,012610,1,2021,ACS 2021,370810126101
1840,37,081,012610,2,2021,ACS 2021,370810126102
1403,37,081,012611,1,2021,ACS 2021,370810126111
963,37,081,012611,2,2021,ACS 2021,370810126112
1620,37,081,012611,3,2021,ACS 2021,370810126113
1292,37,081,012612,1,2021,ACS 2021,370810126121
1732,37,081,012612,2,2021,ACS 2021,370810126122
1768,37,081,012612,3,2021,ACS 2021,370810126123
1463,37,081,012612,4,2021,ACS 2021,370810126124
2742,37,081,012617,1,2021,ACS 2021,370810126171
981,37,081,012617,2,2021,ACS 2021,370810126172
1380,37,081,012618,1,2021,ACS 2021,370810126181
2645,37,081,012618,2,2021,ACS 2021,370810126182
1089,37,081,012619,1,2021,ACS 2021,370810126191
2533,37,081,012619,2,2021,ACS 2021,370810126192
2062,37,081,012620,1,2021,ACS 2021,370810126201
1757,37,081,012620,2,2021,ACS 2021,370810126202
623,37,081,012621,1,2021,ACS 2021,370810126211
3356,37,081,012621,2,2021,ACS 2021,370810126212
815,37,081,012621,3,2021,ACS 2021,370810126213
1760,37,081,012703,1,2021,ACS 2021,370810127031
1195,37,081,012703,2,2021,ACS 2021,370810127032
330,37,081,012703,3,2021,ACS 2021,370810127033
1178,37,081,012703,4,2021,ACS 2021,370810127034
1691,37,081,012704,1,2021,ACS 2021,370810127041
1308,37,081,012704,2,2021,ACS 2021,370810127042
1347,37,081,012704,3,2021,ACS 2021,370810127043
2194,37,081,012705,1,2021,ACS 2021,370810127051
2035,37,081,012705,2,2021,ACS 2021,370810127052
2797,37,081,012706,1,2021,ACS 2021,370810127061
1328,37,081,012706,2,2021,ACS 2021,370810127062
1162,37,081,012707,1,2021,ACS 2021,370810127071
1790,37,081,012707,2,2021,ACS 2021,370810127072
2975,37,081,012803,1,2021,ACS 2021,370810128031
3822,37,081,012803,2,2021,ACS 2021,370810128032
2055,37,081,012803,3,2021,ACS 2021,370810128033
2373,37,081,012804,1,2021,ACS 2021,370810128041
1438,37,081,012804,2,2021,ACS 2021,370810128042
1078,37,081,012804,3,2021,ACS 2021,370810128043
2946,37,081,012805,1,2021,ACS 2021,370810128051
1391,37,081,013601,1,2021,ACS 2021,370810136011
1448,37,081,013601,2,2021,ACS 2021,370810136012
1200,37,081,013602,1,2021,ACS 2021,370810136021
770,37,081,013602,2,2021,ACS 2021,370810136022
785,37,081,013602,3,2021,ACS 2021,370810136023
1142,37,081,013602,4,2021,ACS 2021,370810136024
838,37,081,013700,1,2021,ACS 2021,370810137001
856,37,081,013700,2,2021,ACS 2021,370810137002
973,37,081,013700,3,2021,ACS 2021,370810137003
603,37,081,013700,4,2021,ACS 2021,370810137004
636,37,081,013700,5,2021,ACS 2021,370810137005
885,37,081,013800,1,2021,ACS 2021,370810138001
1120,37,081,013800,2,2021,ACS 2021,370810138002
1146,37,081,013800,3,2021,ACS 2021,370810138003
168,37,081,013800,4,2021,ACS 2021,370810138004
1149,37,081,013800,5,2021,ACS 2021,370810138005
910,37,081,013900,1,2021,ACS 2021,370810139001
955,37,081,013900,2,2021,ACS 2021,370810139002
607,37,081,013900,3,2021,ACS 2021,370810139003
1390,37,081,013900,4,2021,ACS 2021,370810139004
1174,37,081,014000,1,2021,ACS 2021,370810140001
2272,37,081,014000,2,2021,ACS 2021,370810140002
1138,37,081,014200,1,2021,ACS 2021,370810142001
761,37,081,014200,2,2021,ACS 2021,370810142002
977,37,081,014200,3,2021,ACS 2021,370810142003
1379,37,081,014200,4,2021,ACS 2021,370810142004
1287,37,081,014300,1,2021,ACS 2021,370810143001
258,37,081,014300,2,2021,ACS 2021,370810143002
939,37,081,014300,3,2021,ACS 2021,370810143003
695,37,081,014300,4,2021,ACS 2021,370810143004
2792,37,081,014406,1,2021,ACS 2021,370810144061
2235,37,081,014407,1,2021,ACS 2021,370810144071
1171,37,081,014407,2,2021,ACS 2021,370810144072
1623,37,081,014407,3,2021,ACS 2021,370810144073
1028,37,081,014407,4,2021,ACS 2021,370810144074
790,37,081,014408,1,2021,ACS 2021,370810144081
1939,37,081,014408,2,2021,ACS 2021,370810144082
809,37,081,014409,1,2021,ACS 2021,370810144091
1977,37,081,014409,2,2021,ACS 2021,370810144092
1100,37,081,014410,1,2021,ACS 2021,370810144101
1091,37,081,014410,2,2021,ACS 2021,370810144102
1452,37,081,014410,3,2021,ACS 2021,370810144103
2246,37,081,014411,1,2021,ACS 2021,370810144111
1753,37,081,014411,2,2021,ACS 2021,370810144112
1432,37,081,014411,3,2021,ACS 2021,370810144113
506,37,081,014411,4,2021,ACS 2021,370810144114
1611,37,081,014412,1,2021,ACS 2021,370810144121
1192,37,081,014412,2,2021,ACS 2021,370810144122
875,37,081,014501,1,2021,ACS 2021,370810145011
540,37,081,014501,2,2021,ACS 2021,370810145012
2893,37,081,014502,1,2021,ACS 2021,370810145021
2506,37,081,014502,2,2021,ACS 2021,370810145022
2133,37,081,014503,1,2021,ACS 2021,370810145031
1069,37,081,014503,2,2021,ACS 2021,370810145032
1793,37,081,015100,1,2021,ACS 2021,370810151001
2127,37,081,015100,2,2021,ACS 2021,370810151002
1280,37,081,015100,3,2021,ACS 2021,370810151003
1011,37,081,015201,1,2021,ACS 2021,370810152011
1346,37,081,015201,2,2021,ACS 2021,370810152012
857,37,081,015201,3,2021,ACS 2021,370810152013
1591,37,081,015201,4,2021,ACS 2021,370810152014
666,37,081,015202,1,2021,ACS 2021,370810152021
2736,37,081,015202,2,2021,ACS 2021,370810152022
720,37,081,015202,3,2021,ACS 2021,370810152023
1547,37,081,015202,4,2021,ACS 2021,370810152024
2200,37,081,015301,1,2021,ACS 2021,370810153011
1823,37,081,015301,2,2021,ACS 2021,370810153012
1459,37,081,015301,3,2021,ACS 2021,370810153013
1376,37,081,015302,1,2021,ACS 2021,370810153021
2562,37,081,015302,2,2021,ACS 2021,370810153022
2221,37,081,015401,1,2021,ACS 2021,370810154011
2398,37,081,015401,2,2021,ACS 2021,370810154012
2289,37,081,015401,3,2021,ACS 2021,370810154013
732,37,081,015402,1,2021,ACS 2021,370810154021
1187,37,081,015402,2,2021,ACS 2021,370810154022
1656,37,081,015402,3,2021,ACS 2021,370810154023
3758,37,081,015402,4,2021,ACS 2021,370810154024
1222,37,081,015500,1,2021,ACS 2021,370810155001
2454,37,081,015500,2,2021,ACS 2021,370810155002
3728,37,081,015500,3,2021,ACS 2021,370810155003
2620,37,081,015601,1,2021,ACS 2021,370810156011
2567,37,081,015601,2,2021,ACS 2021,370810156012
2270,37,081,015602,1,2021,ACS 2021,370810156021
1930,37,081,015602,2,2021,ACS 2021,370810156022
2656,37,081,015602,3,2021,ACS 2021,370810156023
1688,37,081,015703,1,2021,ACS 2021,370810157031
1675,37,081,015703,2,2021,ACS 2021,370810157032
1849,37,081,015703,3,2021,ACS 2021,370810157033
4685,37,081,015704,1,2021,ACS 2021,370810157041
1001,37,081,015704,2,2021,ACS 2021,370810157042
719,37,081,015704,3,2021,ACS 2021,370810157043
506,37,081,015705,1,2021,ACS 2021,370810157051
1317,37,081,015705,2,2021,ACS 2021,370810157052
714,37,081,015705,3,2021,ACS 2021,370810157053
4487,37,081,015706,1,2021,ACS 2021,370810157061
3261,37,081,015706,2,2021,ACS 2021,370810157062
868,37,081,015707,1,2021,ACS 2021,370810157071
1311,37,081,015707,2,2021,ACS 2021,370810157072
878,37,081,015707,3,2021,ACS 2021,370810157073
936,37,081,015707,4,2021,ACS 2021,370810157074
1328,37,081,015707,5,2021,ACS 2021,370810157075
891,37,081,015800,1,2021,ACS 2021,370810158001
2882,37,081,015800,2,2021,ACS 2021,370810158002
2041,37,081,015800,3,2021,ACS 2021,370810158003
3052,37,081,015800,4,2021,ACS 2021,370810158004
1186,37,081,015901,1,2021,ACS 2021,370810159011
2284,37,081,015901,2,2021,ACS 2021,370810159012
1095,37,081,015901,3,2021,ACS 2021,370810159013
1846,37,081,015901,4,2021,ACS 2021,370810159014
1710,37,081,015902,1,2021,ACS 2021,370810159021
2866,37,081,015902,2,2021,ACS 2021,370810159022
1972,37,081,016003,1,2021,ACS 2021,370810160031
756,37,081,016003,2,2021,ACS 2021,370810160032
2258,37,081,016003,3,2021,ACS 2021,370810160033
2145,37,081,016005,1,2021,ACS 2021,370810160051
1549,37,081,016006,1,2021,ACS 2021,370810160061
3195,37,081,016006,2,2021,ACS 2021,370810160062
1965,37,081,016007,1,2021,ACS 2021,370810160071
1844,37,081,016007,2,2021,ACS 2021,370810160072
1126,37,081,016007,3,2021,ACS 2021,370810160073
1977,37,081,016008,1,2021,ACS 2021,370810160081
741,37,081,016008,2,2021,ACS 2021,370810160082
5023,37,081,016008,3,2021,ACS 2021,370810160083
1986,37,081,016009,1,2021,ACS 2021,370810160091
1563,37,081,016009,2,2021,ACS 2021,370810160092
1076,37,081,016010,1,2021,ACS 2021,370810160101
1304,37,081,016010,2,2021,ACS 2021,370810160102
836,37,081,016011,1,2021,ACS 2021,370810160111
2914,37,081,016011,2,2021,ACS 2021,370810160112
1401,37,081,016011,3,2021,ACS 2021,370810160113
2071,37,081,016101,1,2021,ACS 2021,370810161011
1425,37,081,016101,2,2021,ACS 2021,370810161012
1732,37,081,016101,3,2021,ACS 2021,370810161013
2015,37,081,016102,1,2021,ACS 2021,370810161021
887,37,081,016102,2,2021,ACS 2021,370810161022
899,37,081,016102,3,2021,ACS 2021,370810161023
2062,37,081,016103,1,2021,ACS 2021,370810161031
862,37,081,016103,2,2021,ACS 2021,370810161032
895,37,081,016103,3,2021,ACS 2021,370810161033
1613,37,081,016103,4,2021,ACS 2021,370810161034
2223,37,081,016201,1,2021,ACS 2021,370810162011
1778,37,081,016201,2,2021,ACS 2021,370810162012
2618,37,081,016201,3,2021,ACS 2021,370810162013
2571,37,081,016203,1,2021,ACS 2021,370810162031
1177,37,081,016203,2,2021,ACS 2021,370810162032
1724,37,081,016203,3,2021,ACS 2021,370810162033
4592,37,081,016204,1,2021,ACS 2021,370810162041
2606,37,081,016205,1,2021,ACS 2021,370810162051
1612,37,081,016205,2,2021,ACS 2021,370810162052
2149,37,081,016303,1,2021,ACS 2021,370810163031
1161,37,081,016303,2,2021,ACS 2021,370810163032
1550,37,081,016304,1,2021,ACS 2021,370810163041
2344,37,081,016304,2,2021,ACS 2021,370810163042
1065,37,081,016305,1,2021,ACS 2021,370810163051
2726,37,081,016305,2,2021,ACS 2021,370810163052
2424,37,081,016306,1,2021,ACS 2021,370810163061
2976,37,081,016306,2,2021,ACS 2021,370810163062
1457,37,081,016405,1,2021,ACS 2021,370810164051
2060,37,081,016406,1,2021,ACS 2021,370810164061
2265,37,081,016406,2,2021,ACS 2021,370810164062
2226,37,081,016407,1,2021,ACS 2021,370810164071
2689,37,081,016407,2,2021,ACS 2021,370810164072
1882,37,081,016408,1,2021,ACS 2021,370810164081
2197,37,081,016409,1,2021,ACS 2021,370810164091
2013,37,081,016410,1,2021,ACS 2021,370810164101
3306,37,081,016410,2,2021,ACS 2021,370810164102
1134,37,081,016502,1,2021,ACS 2021,370810165021
1978,37,081,016502,2,2021,ACS 2021,370810165022
2434,37,081,016502,3,2021,ACS 2021,370810165023
753,37,081,016502,4,2021,ACS 2021,370810165024
0,37,081,016503,1,2021,ACS 2021,370810165031
2736,37,081,016503,2,2021,ACS 2021,370810165032
3331,37,081,016503,3,2021,ACS 2021,370810165033
2378,37,081,016505,1,2021,ACS 2021,370810165051
789,37,081,016505,2,2021,ACS 2021,370810165052
1605,37,081,016505,3,2021,ACS 2021,370810165053
1077,37,081,016506,1,2021,ACS 2021,370810165061
3007,37,081,016506,2,2021,ACS 2021,370810165062
1158,37,081,016506,3,2021,ACS 2021,370810165063
2137,37,081,016600,1,2021,ACS 2021,370810166001
3166,37,081,016701,1,2021,ACS 2021,370810167011
2147,37,081,016701,2,2021,ACS 2021,370810167012
1304,37,081,016701,3,2021,ACS 2021,370810167013
1866,37,081,016702,1,2021,ACS 2021,370810167021
1755,37,081,016702,2,2021,ACS 2021,370810167022
2463,37,081,016800,1,2021,ACS 2021,370810168001
3131,37,081,016800,2,2021,ACS 2021,370810168002
900,37,081,016800,3,2021,ACS 2021,370810168003
837,37,081,016800,4,2021,ACS 2021,370810168004
1086,37,081,016800,5,2021,ACS 2021,370810168005
1373,37,081,016900,1,2021,ACS 2021,370810169001
1334,37,081,016900,2,2021,ACS 2021,370810169002
893,37,081,016900,3,2021,ACS 2021,370810169003
1005,37,081,016900,4,2021,ACS 2021,370810169004
1783,37,081,017000,1,2021,ACS 2021,370810170001
1424,37,081,017000,2,2021,ACS 2021,370810170002
1467,37,081,017000,3,2021,ACS 2021,370810170003
1548,37,081,017101,1,2021,ACS 2021,370810171011
1961,37,081,017101,2,2021,ACS 2021,370810171012
1738,37,081,017101,3,2021,ACS 2021,370810171013
786,37,081,017102,1,2021,ACS 2021,370810171021
1433,37,081,017102,2,2021,ACS 2021,370810171022
3858,37,081,017200,1,2021,ACS 2021,370810172001
1853,37,081,017200,2,2021,ACS 2021,370810172002
2907,37,081,017200,3,2021,ACS 2021,370810172003
0,37,081,980100,1,2021,ACS 2021,370819801001
518,37,083,930100,1,2021,ACS 2021,370839301001
990,37,083,930100,2,2021,ACS 2021,370839301002
658,37,083,930100,3,2021,ACS 2021,370839301003
915,37,083,930100,4,2021,ACS 2021,370839301004
780,37,083,930200,1,2021,ACS 2021,370839302001
1117,37,083,930200,2,2021,ACS 2021,370839302002
412,37,083,930200,3,2021,ACS 2021,370839302003
971,37,083,930200,4,2021,ACS 2021,370839302004
1153,37,083,930200,5,2021,ACS 2021,370839302005
433,37,083,930300,1,2021,ACS 2021,370839303001
864,37,083,930300,2,2021,ACS 2021,370839303002
1688,37,083,930300,3,2021,ACS 2021,370839303003
996,37,083,930300,4,2021,ACS 2021,370839303004
522,37,083,930300,5,2021,ACS 2021,370839303005
1545,37,083,930400,1,2021,ACS 2021,370839304001
1218,37,083,930400,2,2021,ACS 2021,370839304002
1335,37,083,930400,3,2021,ACS 2021,370839304003
1910,37,083,930501,1,2021,ACS 2021,370839305011
800,37,083,930501,2,2021,ACS 2021,370839305012
1313,37,083,930501,3,2021,ACS 2021,370839305013
706,37,083,930503,1,2021,ACS 2021,370839305031
1077,37,083,930503,2,2021,ACS 2021,370839305032
1208,37,083,930504,1,2021,ACS 2021,370839305041
2068,37,083,930504,2,2021,ACS 2021,370839305042
1621,37,083,930600,1,2021,ACS 2021,370839306001
503,37,083,930600,2,2021,ACS 2021,370839306002
1272,37,083,930600,3,2021,ACS 2021,370839306003
673,37,083,930600,4,2021,ACS 2021,370839306004
1143,37,083,930701,1,2021,ACS 2021,370839307011
751,37,083,930702,1,2021,ACS 2021,370839307021
922,37,083,930702,2,2021,ACS 2021,370839307022
523,37,083,930702,3,2021,ACS 2021,370839307023
1047,37,083,930800,1,2021,ACS 2021,370839308001
1384,37,083,930800,2,2021,ACS 2021,370839308002
1050,37,083,930800,3,2021,ACS 2021,370839308003
1407,37,083,930800,4,2021,ACS 2021,370839308004
786,37,083,930901,1,2021,ACS 2021,370839309011
744,37,083,930901,2,2021,ACS 2021,370839309012
447,37,083,930902,1,2021,ACS 2021,370839309021
1060,37,083,930902,2,2021,ACS 2021,370839309022
675,37,083,930902,3,2021,ACS 2021,370839309023
854,37,083,930902,4,2021,ACS 2021,370839309024
1378,37,083,931000,1,2021,ACS 2021,370839310001
1221,37,083,931000,2,2021,ACS 2021,370839310002
226,37,083,931000,3,2021,ACS 2021,370839310003
716,37,083,931101,1,2021,ACS 2021,370839311011
491,37,083,931101,2,2021,ACS 2021,370839311012
986,37,083,931102,1,2021,ACS 2021,370839311021
899,37,083,931102,2,2021,ACS 2021,370839311022
383,37,083,931102,3,2021,ACS 2021,370839311023
932,37,083,931102,4,2021,ACS 2021,370839311024
1117,37,085,070100,1,2021,ACS 2021,370850701001
816,37,085,070100,2,2021,ACS 2021,370850701002
2319,37,085,070100,3,2021,ACS 2021,370850701003
448,37,085,070200,1,2021,ACS 2021,370850702001
1752,37,085,070200,2,2021,ACS 2021,370850702002
722,37,085,070200,3,2021,ACS 2021,370850702003
1392,37,085,070300,1,2021,ACS 2021,370850703001
372,37,085,070300,2,2021,ACS 2021,370850703002
809,37,085,070300,3,2021,ACS 2021,370850703003
1991,37,085,070300,4,2021,ACS 2021,370850703004
1541,37,085,070401,1,2021,ACS 2021,370850704011
2148,37,085,070401,2,2021,ACS 2021,370850704012
1999,37,085,070402,1,2021,ACS 2021,370850704021
1164,37,085,070402,2,2021,ACS 2021,370850704022
2126,37,085,070402,3,2021,ACS 2021,370850704023
2018,37,085,070402,4,2021,ACS 2021,370850704024
1335,37,085,070500,1,2021,ACS 2021,370850705001
1711,37,085,070500,2,2021,ACS 2021,370850705002
1755,37,085,070500,3,2021,ACS 2021,370850705003
1112,37,085,070500,4,2021,ACS 2021,370850705004
2262,37,085,070600,1,2021,ACS 2021,370850706001
2234,37,085,070600,2,2021,ACS 2021,370850706002
3450,37,085,070700,1,2021,ACS 2021,370850707001
672,37,085,070700,2,2021,ACS 2021,370850707002
1662,37,085,070700,3,2021,ACS 2021,370850707003
2097,37,085,070801,1,2021,ACS 2021,370850708011
995,37,085,070802,1,2021,ACS 2021,370850708021
924,37,085,070802,2,2021,ACS 2021,370850708022
3334,37,085,070802,3,2021,ACS 2021,370850708023
3351,37,085,070901,1,2021,ACS 2021,370850709011
2257,37,085,070902,1,2021,ACS 2021,370850709021
2642,37,085,070903,1,2021,ACS 2021,370850709031
1323,37,085,070904,1,2021,ACS 2021,370850709041
2772,37,085,070904,2,2021,ACS 2021,370850709042
2942,37,085,071002,1,2021,ACS 2021,370850710021
891,37,085,071002,2,2021,ACS 2021,370850710022
1100,37,085,071003,1,2021,ACS 2021,370850710031
2234,37,085,071003,2,2021,ACS 2021,370850710032
444,37,085,071003,3,2021,ACS 2021,370850710033
1768,37,085,071004,1,2021,ACS 2021,370850710041
1824,37,085,071101,1,2021,ACS 2021,370850711011
1764,37,085,071101,2,2021,ACS 2021,370850711012
2230,37,085,071102,1,2021,ACS 2021,370850711021
1109,37,085,071102,2,2021,ACS 2021,370850711022
1590,37,085,071102,3,2021,ACS 2021,370850711023
2632,37,085,071201,1,2021,ACS 2021,370850712011
3604,37,085,071202,1,2021,ACS 2021,370850712021
1114,37,085,071202,2,2021,ACS 2021,370850712022
1708,37,085,071203,1,2021,ACS 2021,370850712031
1208,37,085,071203,2,2021,ACS 2021,370850712032
2650,37,085,071204,1,2021,ACS 2021,370850712041
5643,37,085,071204,2,2021,ACS 2021,370850712042
926,37,085,071301,1,2021,ACS 2021,370850713011
1411,37,085,071301,2,2021,ACS 2021,370850713012
1115,37,085,071301,3,2021,ACS 2021,370850713013
2850,37,085,071302,1,2021,ACS 2021,370850713021
4841,37,085,071302,2,2021,ACS 2021,370850713022
1746,37,085,071303,1,2021,ACS 2021,370850713031
5083,37,085,071303,2,2021,ACS 2021,370850713032
3239,37,085,071303,3,2021,ACS 2021,370850713033
1148,37,085,071303,4,2021,ACS 2021,370850713034
3485,37,085,071401,1,2021,ACS 2021,370850714011
966,37,085,071401,2,2021,ACS 2021,370850714012
1253,37,085,071402,1,2021,ACS 2021,370850714021
5166,37,085,071402,2,2021,ACS 2021,370850714022
2486,37,085,071402,3,2021,ACS 2021,370850714023
2282,37,085,071402,4,2021,ACS 2021,370850714024
1410,37,087,920101,1,2021,ACS 2021,370879201011
929,37,087,920101,2,2021,ACS 2021,370879201012
706,37,087,920101,3,2021,ACS 2021,370879201013
758,37,087,920101,4,2021,ACS 2021,370879201014
1230,37,087,920102,1,2021,ACS 2021,370879201021
1214,37,087,920102,2,2021,ACS 2021,370879201022
1164,37,087,920102,3,2021,ACS 2021,370879201023
1232,37,087,920201,1,2021,ACS 2021,370879202011
2863,37,087,920202,1,2021,ACS 2021,370879202021
818,37,087,920202,2,2021,ACS 2021,370879202022
584,37,087,920202,3,2021,ACS 2021,370879202023
1234,37,087,920202,4,2021,ACS 2021,370879202024
622,37,087,920300,1,2021,ACS 2021,370879203001
1036,37,087,920300,2,2021,ACS 2021,370879203002
865,37,087,920300,3,2021,ACS 2021,370879203003
976,37,087,920300,4,2021,ACS 2021,370879203004
1255,37,087,920400,1,2021,ACS 2021,370879204001
763,37,087,920400,2,2021,ACS 2021,370879204002
2007,37,087,920501,1,2021,ACS 2021,370879205011
1189,37,087,920502,1,2021,ACS 2021,370879205021
1587,37,087,920502,2,2021,ACS 2021,370879205022
820,37,087,920502,3,2021,ACS 2021,370879205023
1345,37,087,920502,4,2021,ACS 2021,370879205024
1007,37,087,920601,1,2021,ACS 2021,370879206011
1196,37,087,920601,2,2021,ACS 2021,370879206012
911,37,087,920602,1,2021,ACS 2021,370879206021
1632,37,087,920602,2,2021,ACS 2021,370879206022
738,37,087,920701,1,2021,ACS 2021,370879207011
1613,37,087,920701,2,2021,ACS 2021,370879207012
879,37,087,920702,1,2021,ACS 2021,370879207021
1167,37,087,920702,2,2021,ACS 2021,370879207022
748,37,087,920800,1,2021,ACS 2021,370879208001
1758,37,087,920800,2,2021,ACS 2021,370879208002
1082,37,087,920800,3,2021,ACS 2021,370879208003
1156,37,087,920900,1,2021,ACS 2021,370879209001
579,37,087,920900,2,2021,ACS 2021,370879209002
759,37,087,921000,1,2021,ACS 2021,370879210001
569,37,087,921000,2,2021,ACS 2021,370879210002
646,37,087,921000,3,2021,ACS 2021,370879210003
650,37,087,921000,4,2021,ACS 2021,370879210004
1542,37,087,921100,1,2021,ACS 2021,370879211001
574,37,087,921100,2,2021,ACS 2021,370879211002
586,37,087,921100,3,2021,ACS 2021,370879211003
1024,37,087,921201,1,2021,ACS 2021,370879212011
445,37,087,921201,2,2021,ACS 2021,370879212012
2314,37,087,921202,1,2021,ACS 2021,370879212021
1591,37,087,921202,2,2021,ACS 2021,370879212022
681,37,087,921202,3,2021,ACS 2021,370879212023
1218,37,087,921301,1,2021,ACS 2021,370879213011
3085,37,087,921301,2,2021,ACS 2021,370879213012
974,37,087,921302,1,2021,ACS 2021,370879213021
2099,37,087,921302,2,2021,ACS 2021,370879213022
1865,37,087,921302,3,2021,ACS 2021,370879213023
0,37,087,980100,1,2021,ACS 2021,370879801001
984,37,089,930100,1,2021,ACS 2021,370899301001
1386,37,089,930100,2,2021,ACS 2021,370899301002
2065,37,089,930100,3,2021,ACS 2021,370899301003
2036,37,089,930201,1,2021,ACS 2021,370899302011
1940,37,089,930201,2,2021,ACS 2021,370899302012
1724,37,089,930202,1,2021,ACS 2021,370899302021
1236,37,089,930202,2,2021,ACS 2021,370899302022
1134,37,089,930301,1,2021,ACS 2021,370899303011
3130,37,089,930301,2,2021,ACS 2021,370899303012
1248,37,089,930302,1,2021,ACS 2021,370899303021
2864,37,089,930302,2,2021,ACS 2021,370899303022
1746,37,089,930401,1,2021,ACS 2021,370899304011
894,37,089,930401,2,2021,ACS 2021,370899304012
1794,37,089,930402,1,2021,ACS 2021,370899304021
1483,37,089,930402,2,2021,ACS 2021,370899304022
1499,37,089,930501,1,2021,ACS 2021,370899305011
2046,37,089,930501,2,2021,ACS 2021,370899305012
1181,37,089,930501,3,2021,ACS 2021,370899305013
1056,37,089,930502,1,2021,ACS 2021,370899305021
1942,37,089,930502,2,2021,ACS 2021,370899305022
2228,37,089,930502,3,2021,ACS 2021,370899305023
1665,37,089,930600,1,2021,ACS 2021,370899306001
1109,37,089,930600,2,2021,ACS 2021,370899306002
1657,37,089,930600,3,2021,ACS 2021,370899306003
984,37,089,930600,4,2021,ACS 2021,370899306004
1793,37,089,930701,1,2021,ACS 2021,370899307011
591,37,089,930701,2,2021,ACS 2021,370899307012
1163,37,089,930701,3,2021,ACS 2021,370899307013
2777,37,089,930702,1,2021,ACS 2021,370899307021
2147,37,089,930702,2,2021,ACS 2021,370899307022
1004,37,089,930703,1,2021,ACS 2021,370899307031
1350,37,089,930703,2,2021,ACS 2021,370899307032
2172,37,089,930703,3,2021,ACS 2021,370899307033
1266,37,089,930703,4,2021,ACS 2021,370899307034
2282,37,089,930800,1,2021,ACS 2021,370899308001
1602,37,089,930800,2,2021,ACS 2021,370899308002
1465,37,089,930800,3,2021,ACS 2021,370899308003
956,37,089,930900,1,2021,ACS 2021,370899309001
2006,37,089,930900,2,2021,ACS 2021,370899309002
1843,37,089,931000,1,2021,ACS 2021,370899310001
1778,37,089,931000,2,2021,ACS 2021,370899310002
1575,37,089,931000,3,2021,ACS 2021,370899310003
1220,37,089,931100,1,2021,ACS 2021,370899311001
789,37,089,931100,2,2021,ACS 2021,370899311002
1325,37,089,931200,1,2021,ACS 2021,370899312001
939,37,089,931200,2,2021,ACS 2021,370899312002
766,37,089,931300,1,2021,ACS 2021,370899313001
807,37,089,931300,2,2021,ACS 2021,370899313002
1515,37,089,931300,3,2021,ACS 2021,370899313003
1096,37,089,931300,4,2021,ACS 2021,370899313004
2374,37,089,931401,1,2021,ACS 2021,370899314011
1301,37,089,931401,2,2021,ACS 2021,370899314012
362,37,089,931402,1,2021,ACS 2021,370899314021
2270,37,089,931402,2,2021,ACS 2021,370899314022
964,37,089,931500,1,2021,ACS 2021,370899315001
1234,37,089,931500,2,2021,ACS 2021,370899315002
1737,37,089,931500,3,2021,ACS 2021,370899315003
1329,37,089,931600,1,2021,ACS 2021,370899316001
888,37,089,931600,2,2021,ACS 2021,370899316002
1215,37,089,931600,3,2021,ACS 2021,370899316003
1654,37,089,931600,4,2021,ACS 2021,370899316004
1646,37,089,931700,1,2021,ACS 2021,370899317001
1618,37,089,931700,2,2021,ACS 2021,370899317002
1166,37,089,931801,1,2021,ACS 2021,370899318011
2788,37,089,931801,2,2021,ACS 2021,370899318012
1602,37,089,931802,1,2021,ACS 2021,370899318021
2523,37,089,931802,2,2021,ACS 2021,370899318022
1736,37,089,931901,1,2021,ACS 2021,370899319011
1321,37,089,931901,2,2021,ACS 2021,370899319012
718,37,089,931901,3,2021,ACS 2021,370899319013
1543,37,089,931902,1,2021,ACS 2021,370899319021
1983,37,089,931902,2,2021,ACS 2021,370899319022
1227,37,089,932000,1,2021,ACS 2021,370899320001
2500,37,089,932000,2,2021,ACS 2021,370899320002
656,37,089,932000,3,2021,ACS 2021,370899320003
0,37,089,980100,1,2021,ACS 2021,370899801001
2261,37,091,950101,1,2021,ACS 2021,370919501011
1278,37,091,950101,2,2021,ACS 2021,370919501012
1300,37,091,950102,1,2021,ACS 2021,370919501021
479,37,091,950102,2,2021,ACS 2021,370919501022
824,37,091,950102,3,2021,ACS 2021,370919501023
531,37,091,950102,4,2021,ACS 2021,370919501024
741,37,091,950201,1,2021,ACS 2021,370919502011
1340,37,091,950201,2,2021,ACS 2021,370919502012
962,37,091,950202,1,2021,ACS 2021,370919502021
965,37,091,950202,2,2021,ACS 2021,370919502022
1748,37,091,950300,1,2021,ACS 2021,370919503001
1388,37,091,950300,2,2021,ACS 2021,370919503002
901,37,091,950401,1,2021,ACS 2021,370919504011
849,37,091,950401,2,2021,ACS 2021,370919504012
1550,37,091,950401,3,2021,ACS 2021,370919504013
698,37,091,950402,1,2021,ACS 2021,370919504021
537,37,091,950402,2,2021,ACS 2021,370919504022
523,37,091,950402,3,2021,ACS 2021,370919504023
2103,37,091,950402,4,2021,ACS 2021,370919504024
1032,37,091,980000,1,2021,ACS 2021,370919800001
1987,37,093,970104,1,2021,ACS 2021,370939701041
1467,37,093,970104,2,2021,ACS 2021,370939701042
1349,37,093,970104,3,2021,ACS 2021,370939701043
2776,37,093,970105,1,2021,ACS 2021,370939701051
2608,37,093,970105,2,2021,ACS 2021,370939701052
1975,37,093,970106,1,2021,ACS 2021,370939701061
978,37,093,970106,2,2021,ACS 2021,370939701062
2924,37,093,970106,3,2021,ACS 2021,370939701063
1808,37,093,970107,1,2021,ACS 2021,370939701071
3206,37,093,970107,2,2021,ACS 2021,370939701072
1126,37,093,970107,3,2021,ACS 2021,370939701073
1103,37,093,970107,4,2021,ACS 2021,370939701074
2317,37,093,970108,1,2021,ACS 2021,370939701081
1259,37,093,970108,2,2021,ACS 2021,370939701082
1540,37,093,970108,3,2021,ACS 2021,370939701083
2256,37,093,970109,1,2021,ACS 2021,370939701091
1631,37,093,970109,2,2021,ACS 2021,370939701092
644,37,093,970201,1,2021,ACS 2021,370939702011
1880,37,093,970201,2,2021,ACS 2021,370939702012
1264,37,093,970201,3,2021,ACS 2021,370939702013
1202,37,093,970201,4,2021,ACS 2021,370939702014
2268,37,093,970202,1,2021,ACS 2021,370939702021
1443,37,093,970202,2,2021,ACS 2021,370939702022
756,37,093,970300,1,2021,ACS 2021,370939703001
941,37,093,970300,2,2021,ACS 2021,370939703002
866,37,093,970300,3,2021,ACS 2021,370939703003
1412,37,093,970300,4,2021,ACS 2021,370939703004
748,37,093,970300,5,2021,ACS 2021,370939703005
1644,37,093,970401,1,2021,ACS 2021,370939704011
2041,37,093,970401,2,2021,ACS 2021,370939704012
776,37,093,970402,1,2021,ACS 2021,370939704021
1114,37,093,970402,2,2021,ACS 2021,370939704022
835,37,093,970402,3,2021,ACS 2021,370939704023
25,37,093,980100,1,2021,ACS 2021,370939801001
785,37,095,920101,1,2021,ACS 2021,370959201011
859,37,095,920101,2,2021,ACS 2021,370959201012
810,37,095,920101,3,2021,ACS 2021,370959201013
921,37,095,920102,1,2021,ACS 2021,370959201021
786,37,095,920102,2,2021,ACS 2021,370959201022
536,37,095,920102,3,2021,ACS 2021,370959201023
0,37,095,990100,0,2021,ACS 2021,370959901000
0,37,095,990200,0,2021,ACS 2021,370959902000
734,37,097,060100,1,2021,ACS 2021,370970601001
779,37,097,060100,2,2021,ACS 2021,370970601002
3006,37,097,060100,3,2021,ACS 2021,370970601003
1633,37,097,060100,4,2021,ACS 2021,370970601004
878,37,097,060200,1,2021,ACS 2021,370970602001
1319,37,097,060200,2,2021,ACS 2021,370970602002
613,37,097,060300,1,2021,ACS 2021,370970603001
742,37,097,060300,2,2021,ACS 2021,370970603002
1304,37,097,060300,3,2021,ACS 2021,370970603003
1193,37,097,060400,1,2021,ACS 2021,370970604001
666,37,097,060400,2,2021,ACS 2021,370970604002
1161,37,097,060400,3,2021,ACS 2021,370970604003
1236,37,097,060400,4,2021,ACS 2021,370970604004
1568,37,097,060500,1,2021,ACS 2021,370970605001
1287,37,097,060500,2,2021,ACS 2021,370970605002
1060,37,097,060500,3,2021,ACS 2021,370970605003
2242,37,097,060601,1,2021,ACS 2021,370970606011
920,37,097,060601,2,2021,ACS 2021,370970606012
2509,37,097,060601,3,2021,ACS 2021,370970606013
735,37,097,060602,1,2021,ACS 2021,370970606021
1135,37,097,060602,2,2021,ACS 2021,370970606022
760,37,097,060603,1,2021,ACS 2021,370970606031
1088,37,097,060603,2,2021,ACS 2021,370970606032
1420,37,097,060701,1,2021,ACS 2021,370970607011
1590,37,097,060701,2,2021,ACS 2021,370970607012
2227,37,097,060702,1,2021,ACS 2021,370970607021
2117,37,097,060702,2,2021,ACS 2021,370970607022
1888,37,097,060703,1,2021,ACS 2021,370970607031
1204,37,097,060703,2,2021,ACS 2021,370970607032
885,37,097,060801,1,2021,ACS 2021,370970608011
1371,37,097,060801,2,2021,ACS 2021,370970608012
1100,37,097,060801,3,2021,ACS 2021,370970608013
1538,37,097,060802,1,2021,ACS 2021,370970608021
2001,37,097,060802,2,2021,ACS 2021,370970608022
918,37,097,060901,1,2021,ACS 2021,370970609011
1525,37,097,060901,2,2021,ACS 2021,370970609012
590,37,097,060901,3,2021,ACS 2021,370970609013
635,37,097,060901,4,2021,ACS 2021,370970609014
1304,37,097,060902,1,2021,ACS 2021,370970609021
619,37,097,060902,2,2021,ACS 2021,370970609022
1060,37,097,060902,3,2021,ACS 2021,370970609023
847,37,097,060902,4,2021,ACS 2021,370970609024
1998,37,097,061001,1,2021,ACS 2021,370970610011
2488,37,097,061001,2,2021,ACS 2021,370970610012
587,37,097,061002,1,2021,ACS 2021,370970610021
975,37,097,061002,2,2021,ACS 2021,370970610022
1513,37,097,061002,3,2021,ACS 2021,370970610023
988,37,097,061002,4,2021,ACS 2021,370970610024
699,37,097,061003,1,2021,ACS 2021,370970610031
1365,37,097,061003,2,2021,ACS 2021,370970610032
1825,37,097,061003,3,2021,ACS 2021,370970610033
884,37,097,061101,1,2021,ACS 2021,370970611011
2106,37,097,061101,2,2021,ACS 2021,370970611012
942,37,097,061102,1,2021,ACS 2021,370970611021
1344,37,097,061102,2,2021,ACS 2021,370970611022
1075,37,097,061102,3,2021,ACS 2021,370970611023
1681,37,097,061103,1,2021,ACS 2021,370970611031
1155,37,097,061103,2,2021,ACS 2021,370970611032
1507,37,097,061104,1,2021,ACS 2021,370970611041
659,37,097,061104,2,2021,ACS 2021,370970611042
639,37,097,061201,1,2021,ACS 2021,370970612011
1857,37,097,061201,2,2021,ACS 2021,370970612012
1415,37,097,061201,3,2021,ACS 2021,370970612013
1713,37,097,061202,1,2021,ACS 2021,370970612021
1216,37,097,061202,2,2021,ACS 2021,370970612022
2773,37,097,061202,3,2021,ACS 2021,370970612023
1471,37,097,061203,1,2021,ACS 2021,370970612031
1680,37,097,061203,2,2021,ACS 2021,370970612032
962,37,097,061203,3,2021,ACS 2021,370970612033
1245,37,097,061203,4,2021,ACS 2021,370970612034
2854,37,097,061204,1,2021,ACS 2021,370970612041
1504,37,097,061204,2,2021,ACS 2021,370970612042
903,37,097,061205,1,2021,ACS 2021,370970612051
1468,37,097,061205,2,2021,ACS 2021,370970612052
698,37,097,061205,3,2021,ACS 2021,370970612053
966,37,097,061205,4,2021,ACS 2021,370970612054
677,37,097,061301,1,2021,ACS 2021,370970613011
903,37,097,061301,2,2021,ACS 2021,370970613012
859,37,097,061301,3,2021,ACS 2021,370970613013
1834,37,097,061302,1,2021,ACS 2021,370970613021
1712,37,097,061302,2,2021,ACS 2021,370970613022
1557,37,097,061302,3,2021,ACS 2021,370970613023
2355,37,097,061303,1,2021,ACS 2021,370970613031
3238,37,097,061303,2,2021,ACS 2021,370970613032
2628,37,097,061304,1,2021,ACS 2021,370970613041
646,37,097,061304,2,2021,ACS 2021,370970613042
2045,37,097,061304,3,2021,ACS 2021,370970613043
1121,37,097,061401,1,2021,ACS 2021,370970614011
1763,37,097,061401,2,2021,ACS 2021,370970614012
2696,37,097,061401,3,2021,ACS 2021,370970614013
1137,37,097,061402,1,2021,ACS 2021,370970614021
4381,37,097,061402,2,2021,ACS 2021,370970614022
1406,37,097,061402,3,2021,ACS 2021,370970614023
1772,37,097,061403,1,2021,ACS 2021,370970614031
1591,37,097,061403,2,2021,ACS 2021,370970614032
904,37,097,061403,3,2021,ACS 2021,370970614033
1700,37,097,061404,1,2021,ACS 2021,370970614041
1121,37,097,061404,2,2021,ACS 2021,370970614042
1685,37,097,061405,1,2021,ACS 2021,370970614051
1832,37,097,061405,2,2021,ACS 2021,370970614052
2132,37,097,061406,1,2021,ACS 2021,370970614061
986,37,097,061406,2,2021,ACS 2021,370970614062
1411,37,097,061406,3,2021,ACS 2021,370970614063
1007,37,097,061406,4,2021,ACS 2021,370970614064
2338,37,097,061407,1,2021,ACS 2021,370970614071
2507,37,097,061407,2,2021,ACS 2021,370970614072
3174,37,097,061408,1,2021,ACS 2021,370970614081
1725,37,097,061408,2,2021,ACS 2021,370970614082
2771,37,097,061501,1,2021,ACS 2021,370970615011
2298,37,097,061501,2,2021,ACS 2021,370970615012
2626,37,097,061502,1,2021,ACS 2021,370970615021
1995,37,097,061502,2,2021,ACS 2021,370970615022
1597,37,097,061503,1,2021,ACS 2021,370970615031
2935,37,097,061503,2,2021,ACS 2021,370970615032
1657,37,097,061601,1,2021,ACS 2021,370970616011
1800,37,097,061601,2,2021,ACS 2021,370970616012
1387,37,097,061603,1,2021,ACS 2021,370970616031
1816,37,097,061603,2,2021,ACS 2021,370970616032
1752,37,097,061603,3,2021,ACS 2021,370970616033
1595,37,097,061604,1,2021,ACS 2021,370970616041
2331,37,097,061605,1,2021,ACS 2021,370970616051
1403,37,099,940200,1,2021,ACS 2021,370999402001
2374,37,099,940200,2,2021,ACS 2021,370999402002
927,37,099,940200,3,2021,ACS 2021,370999402003
1327,37,099,940200,4,2021,ACS 2021,370999402004
1236,37,099,950200,1,2021,ACS 2021,370999502001
1012,37,099,950200,2,2021,ACS 2021,370999502002
875,37,099,950300,1,2021,ACS 2021,370999503001
2491,37,099,950300,2,2021,ACS 2021,370999503002
1263,37,099,950300,3,2021,ACS 2021,370999503003
1537,37,099,950300,4,2021,ACS 2021,370999503004
2020,37,099,950400,1,2021,ACS 2021,370999504001
1071,37,099,950400,2,2021,ACS 2021,370999504002
1139,37,099,950400,3,2021,ACS 2021,370999504003
2634,37,099,950500,1,2021,ACS 2021,370999505001
1389,37,099,950500,2,2021,ACS 2021,370999505002
1997,37,099,950500,3,2021,ACS 2021,370999505003
2719,37,099,950600,1,2021,ACS 2021,370999506001
2534,37,099,950600,2,2021,ACS 2021,370999506002
2637,37,099,950600,3,2021,ACS 2021,370999506003
1765,37,099,950600,4,2021,ACS 2021,370999506004
1604,37,099,950600,5,2021,ACS 2021,370999506005
1436,37,099,950700,1,2021,ACS 2021,370999507001
1432,37,099,950700,2,2021,ACS 2021,370999507002
640,37,099,950800,1,2021,ACS 2021,370999508001
1253,37,099,950800,2,2021,ACS 2021,370999508002
1090,37,099,950900,1,2021,ACS 2021,370999509001
1178,37,099,950900,2,2021,ACS 2021,370999509002
1073,37,101,040101,1,2021,ACS 2021,371010401011
1386,37,101,040101,2,2021,ACS 2021,371010401012
596,37,101,040101,3,2021,ACS 2021,371010401013
928,37,101,040102,1,2021,ACS 2021,371010401021
1217,37,101,040102,2,2021,ACS 2021,371010401022
1221,37,101,040103,1,2021,ACS 2021,371010401031
900,37,101,040103,2,2021,ACS 2021,371010401032
1596,37,101,040204,1,2021,ACS 2021,371010402041
1424,37,101,040204,2,2021,ACS 2021,371010402042
1569,37,101,040204,3,2021,ACS 2021,371010402043
1101,37,101,040204,4,2021,ACS 2021,371010402044
1395,37,101,040205,1,2021,ACS 2021,371010402051
977,37,101,040205,2,2021,ACS 2021,371010402052
2019,37,101,040205,3,2021,ACS 2021,371010402053
1589,37,101,040205,4,2021,ACS 2021,371010402054
1291,37,101,040206,1,2021,ACS 2021,371010402061
784,37,101,040206,2,2021,ACS 2021,371010402062
793,37,101,040206,3,2021,ACS 2021,371010402063
1400,37,101,040206,4,2021,ACS 2021,371010402064
3218,37,101,040207,1,2021,ACS 2021,371010402071
678,37,101,040207,2,2021,ACS 2021,371010402072
4554,37,101,040207,3,2021,ACS 2021,371010402073
1799,37,101,040207,4,2021,ACS 2021,371010402074
3075,37,101,040208,1,2021,ACS 2021,371010402081
1375,37,101,040208,2,2021,ACS 2021,371010402082
295,37,101,040208,3,2021,ACS 2021,371010402083
434,37,101,040209,1,2021,ACS 2021,371010402091
1183,37,101,040209,2,2021,ACS 2021,371010402092
1406,37,101,040209,3,2021,ACS 2021,371010402093
3563,37,101,040209,4,2021,ACS 2021,371010402094
690,37,101,040210,1,2021,ACS 2021,371010402101
501,37,101,040210,2,2021,ACS 2021,371010402102
1092,37,101,040301,1,2021,ACS 2021,371010403011
1506,37,101,040301,2,2021,ACS 2021,371010403012
779,37,101,040301,3,2021,ACS 2021,371010403013
2007,37,101,040301,4,2021,ACS 2021,371010403014
653,37,101,040303,1,2021,ACS 2021,371010403031
688,37,101,040303,2,2021,ACS 2021,371010403032
863,37,101,040303,3,2021,ACS 2021,371010403033
957,37,101,040303,4,2021,ACS 2021,371010403034
1582,37,101,040304,1,2021,ACS 2021,371010403041
1227,37,101,040304,2,2021,ACS 2021,371010403042
2120,37,101,040400,1,2021,ACS 2021,371010404001
606,37,101,040400,2,2021,ACS 2021,371010404002
1151,37,101,040400,3,2021,ACS 2021,371010404003
1105,37,101,040400,4,2021,ACS 2021,371010404004
917,37,101,040501,1,2021,ACS 2021,371010405011
1500,37,101,040501,2,2021,ACS 2021,371010405012
699,37,101,040501,3,2021,ACS 2021,371010405013
990,37,101,040501,4,2021,ACS 2021,371010405014
814,37,101,040501,5,2021,ACS 2021,371010405015
1552,37,101,040502,1,2021,ACS 2021,371010405021
594,37,101,040502,2,2021,ACS 2021,371010405022
1118,37,101,040600,1,2021,ACS 2021,371010406001
2900,37,101,040600,2,2021,ACS 2021,371010406002
759,37,101,040700,1,2021,ACS 2021,371010407001
1204,37,101,040700,2,2021,ACS 2021,371010407002
2007,37,101,040700,3,2021,ACS 2021,371010407003
1893,37,101,040800,1,2021,ACS 2021,371010408001
555,37,101,040800,2,2021,ACS 2021,371010408002
1281,37,101,040800,3,2021,ACS 2021,371010408003
3740,37,101,040903,1,2021,ACS 2021,371010409031
1015,37,101,040903,2,2021,ACS 2021,371010409032
955,37,101,040903,3,2021,ACS 2021,371010409033
907,37,101,040903,4,2021,ACS 2021,371010409034
1193,37,101,040903,5,2021,ACS 2021,371010409035
2434,37,101,040904,1,2021,ACS 2021,371010409041
735,37,101,040904,2,2021,ACS 2021,371010409042
962,37,101,040904,3,2021,ACS 2021,371010409043
1257,37,101,040905,1,2021,ACS 2021,371010409051
814,37,101,040905,2,2021,ACS 2021,371010409052
1400,37,101,040905,3,2021,ACS 2021,371010409053
1430,37,101,040905,4,2021,ACS 2021,371010409054
1091,37,101,040905,5,2021,ACS 2021,371010409055
959,37,101,040906,1,2021,ACS 2021,371010409061
840,37,101,040906,2,2021,ACS 2021,371010409062
2375,37,101,041001,1,2021,ACS 2021,371010410011
2889,37,101,041001,2,2021,ACS 2021,371010410012
385,37,101,041001,3,2021,ACS 2021,371010410013
2344,37,101,041001,4,2021,ACS 2021,371010410014
2987,37,101,041001,5,2021,ACS 2021,371010410015
1908,37,101,041003,1,2021,ACS 2021,371010410031
1863,37,101,041003,2,2021,ACS 2021,371010410032
500,37,101,041004,1,2021,ACS 2021,371010410041
1531,37,101,041004,2,2021,ACS 2021,371010410042
943,37,101,041005,1,2021,ACS 2021,371010410051
1318,37,101,041005,2,2021,ACS 2021,371010410052
941,37,101,041005,3,2021,ACS 2021,371010410053
2160,37,101,041104,1,2021,ACS 2021,371010411041
1367,37,101,041104,2,2021,ACS 2021,371010411042
255,37,101,041104,3,2021,ACS 2021,371010411043
2027,37,101,041104,4,2021,ACS 2021,371010411044
1144,37,101,041105,1,2021,ACS 2021,371010411051
951,37,101,041105,2,2021,ACS 2021,371010411052
1116,37,101,041105,3,2021,ACS 2021,371010411053
1634,37,101,041106,1,2021,ACS 2021,371010411061
3066,37,101,041106,2,2021,ACS 2021,371010411062
2408,37,101,041107,1,2021,ACS 2021,371010411071
3525,37,101,041107,2,2021,ACS 2021,371010411072
3136,37,101,041108,1,2021,ACS 2021,371010411081
1473,37,101,041108,2,2021,ACS 2021,371010411082
1199,37,101,041109,1,2021,ACS 2021,371010411091
1393,37,101,041109,2,2021,ACS 2021,371010411092
645,37,101,041110,1,2021,ACS 2021,371010411101
880,37,101,041110,2,2021,ACS 2021,371010411102
1562,37,101,041110,3,2021,ACS 2021,371010411103
593,37,101,041111,1,2021,ACS 2021,371010411111
2656,37,101,041111,2,2021,ACS 2021,371010411112
3395,37,101,041112,1,2021,ACS 2021,371010411121
1697,37,101,041112,2,2021,ACS 2021,371010411122
2259,37,101,041113,1,2021,ACS 2021,371010411131
947,37,101,041113,2,2021,ACS 2021,371010411132
859,37,101,041203,1,2021,ACS 2021,371010412031
636,37,101,041203,2,2021,ACS 2021,371010412032
904,37,101,041204,1,2021,ACS 2021,371010412041
1464,37,101,041204,2,2021,ACS 2021,371010412042
1386,37,101,041205,1,2021,ACS 2021,371010412051
1549,37,101,041205,2,2021,ACS 2021,371010412052
1926,37,101,041206,1,2021,ACS 2021,371010412061
1434,37,101,041206,2,2021,ACS 2021,371010412062
635,37,101,041301,1,2021,ACS 2021,371010413011
548,37,101,041301,2,2021,ACS 2021,371010413012
1018,37,101,041301,3,2021,ACS 2021,371010413013
1387,37,101,041302,1,2021,ACS 2021,371010413021
867,37,101,041302,2,2021,ACS 2021,371010413022
1735,37,101,041302,3,2021,ACS 2021,371010413023
1736,37,101,041401,1,2021,ACS 2021,371010414011
1033,37,101,041401,2,2021,ACS 2021,371010414012
353,37,101,041401,3,2021,ACS 2021,371010414013
1071,37,101,041402,1,2021,ACS 2021,371010414021
609,37,101,041402,2,2021,ACS 2021,371010414022
1500,37,101,041402,3,2021,ACS 2021,371010414023
547,37,101,041402,4,2021,ACS 2021,371010414024
738,37,101,041402,5,2021,ACS 2021,371010414025
672,37,101,041504,1,2021,ACS 2021,371010415041
874,37,101,041504,2,2021,ACS 2021,371010415042
957,37,101,041504,3,2021,ACS 2021,371010415043
1010,37,101,041504,4,2021,ACS 2021,371010415044
1739,37,101,041505,1,2021,ACS 2021,371010415051
945,37,101,041505,2,2021,ACS 2021,371010415052
725,37,101,041505,3,2021,ACS 2021,371010415053
598,37,101,041505,4,2021,ACS 2021,371010415054
593,37,101,041506,1,2021,ACS 2021,371010415061
1169,37,101,041506,2,2021,ACS 2021,371010415062
1238,37,101,041507,1,2021,ACS 2021,371010415071
1477,37,101,041507,2,2021,ACS 2021,371010415072
1614,37,101,041507,3,2021,ACS 2021,371010415073
505,37,101,041507,4,2021,ACS 2021,371010415074
467,37,101,041508,1,2021,ACS 2021,371010415081
535,37,101,041508,2,2021,ACS 2021,371010415082
2115,37,101,041508,3,2021,ACS 2021,371010415083
897,37,101,041509,1,2021,ACS 2021,371010415091
1146,37,101,041509,2,2021,ACS 2021,371010415092
1542,37,101,041509,3,2021,ACS 2021,371010415093
836,37,101,041510,1,2021,ACS 2021,371010415101
843,37,101,041510,2,2021,ACS 2021,371010415102
1905,37,101,041511,1,2021,ACS 2021,371010415111
630,37,101,041511,2,2021,ACS 2021,371010415112
1483,37,103,920100,1,2021,ACS 2021,371039201001
1867,37,103,920100,2,2021,ACS 2021,371039201002
1287,37,103,920200,1,2021,ACS 2021,371039202001
1519,37,103,920200,2,2021,ACS 2021,371039202002
1076,37,103,920300,1,2021,ACS 2021,371039203001
710,37,103,920300,2,2021,ACS 2021,371039203002
1384,37,103,920300,3,2021,ACS 2021,371039203003
1502,37,105,030101,1,2021,ACS 2021,371050301011
1483,37,105,030101,2,2021,ACS 2021,371050301012
861,37,105,030101,3,2021,ACS 2021,371050301013
953,37,105,030101,4,2021,ACS 2021,371050301014
1735,37,105,030102,1,2021,ACS 2021,371050301021
1449,37,105,030102,2,2021,ACS 2021,371050301022
2082,37,105,030102,3,2021,ACS 2021,371050301023
486,37,105,030200,1,2021,ACS 2021,371050302001
1240,37,105,030200,2,2021,ACS 2021,371050302002
1389,37,105,030200,3,2021,ACS 2021,371050302003
1078,37,105,030300,1,2021,ACS 2021,371050303001
1891,37,105,030300,2,2021,ACS 2021,371050303002
1594,37,105,030401,1,2021,ACS 2021,371050304011
1687,37,105,030401,2,2021,ACS 2021,371050304012
1034,37,105,030401,3,2021,ACS 2021,371050304013
2494,37,105,030402,1,2021,ACS 2021,371050304021
947,37,105,030402,2,2021,ACS 2021,371050304022
1326,37,105,030402,3,2021,ACS 2021,371050304023
3104,37,105,030402,4,2021,ACS 2021,371050304024
1144,37,105,030502,1,2021,ACS 2021,371050305021
1114,37,105,030502,2,2021,ACS 2021,371050305022
1705,37,105,030504,1,2021,ACS 2021,371050305041
1274,37,105,030504,2,2021,ACS 2021,371050305042
1816,37,105,030504,3,2021,ACS 2021,371050305043
1725,37,105,030505,1,2021,ACS 2021,371050305051
1093,37,105,030505,2,2021,ACS 2021,371050305052
1710,37,105,030506,1,2021,ACS 2021,371050305061
2308,37,105,030507,1,2021,ACS 2021,371050305071
1235,37,105,030507,2,2021,ACS 2021,371050305072
2725,37,105,030601,1,2021,ACS 2021,371050306011
797,37,105,030601,2,2021,ACS 2021,371050306012
1642,37,105,030602,1,2021,ACS 2021,371050306021
1309,37,105,030602,2,2021,ACS 2021,371050306022
2853,37,105,030602,3,2021,ACS 2021,371050306023
2914,37,105,030702,1,2021,ACS 2021,371050307021
1080,37,105,030702,2,2021,ACS 2021,371050307022
1144,37,105,030702,3,2021,ACS 2021,371050307023
1771,37,105,030703,1,2021,ACS 2021,371050307031
1520,37,105,030704,1,2021,ACS 2021,371050307041
1462,37,105,030704,2,2021,ACS 2021,371050307042
323,37,107,010100,1,2021,ACS 2021,371070101001
1013,37,107,010100,2,2021,ACS 2021,371070101002
1104,37,107,010100,3,2021,ACS 2021,371070101003
1316,37,107,010100,4,2021,ACS 2021,371070101004
990,37,107,010200,1,2021,ACS 2021,371070102001
775,37,107,010200,2,2021,ACS 2021,371070102002
542,37,107,010200,3,2021,ACS 2021,371070102003
653,37,107,010300,1,2021,ACS 2021,371070103001
670,37,107,010300,2,2021,ACS 2021,371070103002
330,37,107,010400,1,2021,ACS 2021,371070104001
608,37,107,010400,2,2021,ACS 2021,371070104002
880,37,107,010500,1,2021,ACS 2021,371070105001
1936,37,107,010500,2,2021,ACS 2021,371070105002
744,37,107,010500,3,2021,ACS 2021,371070105003
801,37,107,010600,1,2021,ACS 2021,371070106001
2010,37,107,010600,2,2021,ACS 2021,371070106002
741,37,107,010600,3,2021,ACS 2021,371070106003
786,37,107,010700,1,2021,ACS 2021,371070107001
796,37,107,010700,2,2021,ACS 2021,371070107002
364,37,107,010700,3,2021,ACS 2021,371070107003
2245,37,107,010800,1,2021,ACS 2021,371070108001
1551,37,107,010800,2,2021,ACS 2021,371070108002
1085,37,107,010800,3,2021,ACS 2021,371070108003
1269,37,107,010900,1,2021,ACS 2021,371070109001
1150,37,107,010900,2,2021,ACS 2021,371070109002
856,37,107,010900,3,2021,ACS 2021,371070109003
867,37,107,011001,1,2021,ACS 2021,371070110011
942,37,107,011001,2,2021,ACS 2021,371070110012
1058,37,107,011001,3,2021,ACS 2021,371070110013
1257,37,107,011001,4,2021,ACS 2021,371070110014
1743,37,107,011002,1,2021,ACS 2021,371070110021
2327,37,107,011002,2,2021,ACS 2021,371070110022
525,37,107,011100,1,2021,ACS 2021,371070111001
1229,37,107,011100,2,2021,ACS 2021,371070111002
1955,37,107,011100,3,2021,ACS 2021,371070111003
2372,37,107,011100,4,2021,ACS 2021,371070111004
911,37,107,011201,1,2021,ACS 2021,371070112011
1266,37,107,011201,2,2021,ACS 2021,371070112012
559,37,107,011201,3,2021,ACS 2021,371070112013
2531,37,107,011202,1,2021,ACS 2021,371070112021
1655,37,107,011202,2,2021,ACS 2021,371070112022
682,37,107,011301,1,2021,ACS 2021,371070113011
886,37,107,011301,2,2021,ACS 2021,371070113012
2479,37,107,011302,1,2021,ACS 2021,371070113021
1007,37,107,011302,2,2021,ACS 2021,371070113022
877,37,107,011400,1,2021,ACS 2021,371070114001
1222,37,107,011400,2,2021,ACS 2021,371070114002
837,37,107,011400,3,2021,ACS 2021,371070114003
619,37,107,011400,4,2021,ACS 2021,371070114004
1136,37,109,070100,1,2021,ACS 2021,371090701001
616,37,109,070100,2,2021,ACS 2021,371090701002
1462,37,109,070100,3,2021,ACS 2021,371090701003
892,37,109,070100,4,2021,ACS 2021,371090701004
1155,37,109,070100,5,2021,ACS 2021,371090701005
3345,37,109,070201,1,2021,ACS 2021,371090702011
1078,37,109,070201,2,2021,ACS 2021,371090702012
684,37,109,070201,3,2021,ACS 2021,371090702013
1256,37,109,070202,1,2021,ACS 2021,371090702021
1971,37,109,070202,2,2021,ACS 2021,371090702022
1956,37,109,070300,1,2021,ACS 2021,371090703001
1929,37,109,070300,2,2021,ACS 2021,371090703002
1462,37,109,070400,1,2021,ACS 2021,371090704001
2065,37,109,070400,2,2021,ACS 2021,371090704002
954,37,109,070400,3,2021,ACS 2021,371090704003
1307,37,109,070400,4,2021,ACS 2021,371090704004
1647,37,109,070500,1,2021,ACS 2021,371090705001
1741,37,109,070500,2,2021,ACS 2021,371090705002
1566,37,109,070500,3,2021,ACS 2021,371090705003
2292,37,109,070600,1,2021,ACS 2021,371090706001
1070,37,109,070600,2,2021,ACS 2021,371090706002
1299,37,109,070600,3,2021,ACS 2021,371090706003
2114,37,109,070700,1,2021,ACS 2021,371090707001
1495,37,109,070700,2,2021,ACS 2021,371090707002
2921,37,109,070800,1,2021,ACS 2021,371090708001
1338,37,109,070800,2,2021,ACS 2021,371090708002
1542,37,109,070800,3,2021,ACS 2021,371090708003
1141,37,109,070800,4,2021,ACS 2021,371090708004
1907,37,109,070901,1,2021,ACS 2021,371090709011
1681,37,109,070901,2,2021,ACS 2021,371090709012
2633,37,109,070902,1,2021,ACS 2021,371090709021
2453,37,109,070902,2,2021,ACS 2021,371090709022
1776,37,109,070902,3,2021,ACS 2021,371090709023
1141,37,109,071001,1,2021,ACS 2021,371090710011
1497,37,109,071001,2,2021,ACS 2021,371090710012
1182,37,109,071001,3,2021,ACS 2021,371090710013
1125,37,109,071001,4,2021,ACS 2021,371090710014
1014,37,109,071002,1,2021,ACS 2021,371090710021
1737,37,109,071002,2,2021,ACS 2021,371090710022
1512,37,109,071101,1,2021,ACS 2021,371090711011
2835,37,109,071101,2,2021,ACS 2021,371090711012
1521,37,109,071101,3,2021,ACS 2021,371090711013
1936,37,109,071102,1,2021,ACS 2021,371090711021
2980,37,109,071102,2,2021,ACS 2021,371090711022
2218,37,109,071102,3,2021,ACS 2021,371090711023
1802,37,109,071201,1,2021,ACS 2021,371090712011
1896,37,109,071202,1,2021,ACS 2021,371090712021
1830,37,109,071202,2,2021,ACS 2021,371090712022
1186,37,109,071203,1,2021,ACS 2021,371090712031
2420,37,109,071203,2,2021,ACS 2021,371090712032
1954,37,109,071203,3,2021,ACS 2021,371090712033
1836,37,111,970101,1,2021,ACS 2021,371119701011
660,37,111,970101,2,2021,ACS 2021,371119701012
1318,37,111,970102,1,2021,ACS 2021,371119701021
2385,37,111,970102,2,2021,ACS 2021,371119701022
2068,37,111,970200,1,2021,ACS 2021,371119702001
1359,37,111,970200,2,2021,ACS 2021,371119702002
982,37,111,970200,3,2021,ACS 2021,371119702003
1440,37,111,970300,1,2021,ACS 2021,371119703001
1088,37,111,970300,2,2021,ACS 2021,371119703002
799,37,111,970300,3,2021,ACS 2021,371119703003
1056,37,111,970400,1,2021,ACS 2021,371119704001
1370,37,111,970400,2,2021,ACS 2021,371119704002
1033,37,111,970500,1,2021,ACS 2021,371119705001
1730,37,111,970500,2,2021,ACS 2021,371119705002
876,37,111,970500,3,2021,ACS 2021,371119705003
623,37,111,970600,1,2021,ACS 2021,371119706001
1155,37,111,970600,2,2021,ACS 2021,371119706002
1754,37,111,970600,3,2021,ACS 2021,371119706003
843,37,111,970700,1,2021,ACS 2021,371119707001
1865,37,111,970700,2,2021,ACS 2021,371119707002
1483,37,111,970700,3,2021,ACS 2021,371119707003
1334,37,111,970800,1,2021,ACS 2021,371119708001
1576,37,111,970800,2,2021,ACS 2021,371119708002
1413,37,111,970800,3,2021,ACS 2021,371119708003
1768,37,111,970902,1,2021,ACS 2021,371119709021
620,37,111,970902,2,2021,ACS 2021,371119709022
759,37,111,970902,3,2021,ACS 2021,371119709023
1037,37,111,970902,4,2021,ACS 2021,371119709024
2146,37,111,970903,1,2021,ACS 2021,371119709031
1894,37,111,970903,2,2021,ACS 2021,371119709032
1405,37,111,970903,3,2021,ACS 2021,371119709033
1837,37,111,970904,1,2021,ACS 2021,371119709041
1015,37,111,970904,2,2021,ACS 2021,371119709042
1506,37,113,970100,1,2021,ACS 2021,371139701001
1588,37,113,970100,2,2021,ACS 2021,371139701002
2453,37,113,970200,1,2021,ACS 2021,371139702001
951,37,113,970200,2,2021,ACS 2021,371139702002
1152,37,113,970200,3,2021,ACS 2021,371139702003
2697,37,113,970302,1,2021,ACS 2021,371139703021
1268,37,113,970302,2,2021,ACS 2021,371139703022
531,37,113,970302,3,2021,ACS 2021,371139703023
1152,37,113,970303,1,2021,ACS 2021,371139703031
715,37,113,970303,2,2021,ACS 2021,371139703032
647,37,113,970304,1,2021,ACS 2021,371139703041
706,37,113,970304,2,2021,ACS 2021,371139703042
989,37,113,970304,3,2021,ACS 2021,371139703043
1478,37,113,970400,1,2021,ACS 2021,371139704001
2349,37,113,970400,2,2021,ACS 2021,371139704002
626,37,113,970501,1,2021,ACS 2021,371139705011
1016,37,113,970501,2,2021,ACS 2021,371139705012
870,37,113,970502,1,2021,ACS 2021,371139705021
1115,37,113,970502,2,2021,ACS 2021,371139705022
1277,37,113,970600,1,2021,ACS 2021,371139706001
1441,37,113,970600,2,2021,ACS 2021,371139706002
1539,37,113,970600,3,2021,ACS 2021,371139706003
1920,37,113,970600,4,2021,ACS 2021,371139706004
1162,37,113,970700,1,2021,ACS 2021,371139707001
1085,37,113,970700,2,2021,ACS 2021,371139707002
1042,37,113,970700,3,2021,ACS 2021,371139707003
1545,37,113,970700,4,2021,ACS 2021,371139707004
1712,37,113,970700,5,2021,ACS 2021,371139707005
1244,37,115,010100,1,2021,ACS 2021,371150101001
1352,37,115,010100,2,2021,ACS 2021,371150101002
1468,37,115,010200,1,2021,ACS 2021,371150102001
997,37,115,010200,2,2021,ACS 2021,371150102002
874,37,115,010400,1,2021,ACS 2021,371150104001
657,37,115,010400,2,2021,ACS 2021,371150104002
1323,37,115,010500,1,2021,ACS 2021,371150105001
586,37,115,010500,2,2021,ACS 2021,371150105002
1475,37,115,010500,3,2021,ACS 2021,371150105003
397,37,115,010500,4,2021,ACS 2021,371150105004
2076,37,115,010601,1,2021,ACS 2021,371150106011
516,37,115,010601,2,2021,ACS 2021,371150106012
1808,37,115,010602,1,2021,ACS 2021,371150106021
1471,37,115,010602,2,2021,ACS 2021,371150106022
1536,37,115,010602,3,2021,ACS 2021,371150106023
1571,37,115,010700,1,2021,ACS 2021,371150107001
1918,37,115,010700,2,2021,ACS 2021,371150107002
1377,37,117,970100,1,2021,ACS 2021,371179701001
1659,37,117,970100,2,2021,ACS 2021,371179701002
1424,37,117,970100,3,2021,ACS 2021,371179701003
1347,37,117,970200,1,2021,ACS 2021,371179702001
877,37,117,970200,2,2021,ACS 2021,371179702002
359,37,117,970200,3,2021,ACS 2021,371179702003
792,37,117,970200,4,2021,ACS 2021,371179702004
1002,37,117,970300,1,2021,ACS 2021,371179703001
1148,37,117,970300,2,2021,ACS 2021,371179703002
993,37,117,970300,3,2021,ACS 2021,371179703003
728,37,117,970300,4,2021,ACS 2021,371179703004
591,37,117,970400,1,2021,ACS 2021,371179704001
1145,37,117,970400,2,2021,ACS 2021,371179704002
335,37,117,970400,3,2021,ACS 2021,371179704003
431,37,117,970500,1,2021,ACS 2021,371179705001
1200,37,117,970500,2,2021,ACS 2021,371179705002
1705,37,117,970500,3,2021,ACS 2021,371179705003
786,37,117,970500,4,2021,ACS 2021,371179705004
865,37,117,970500,5,2021,ACS 2021,371179705005
1355,37,117,970600,1,2021,ACS 2021,371179706001
1364,37,117,970600,2,2021,ACS 2021,371179706002
730,37,117,970600,3,2021,ACS 2021,371179706003
693,37,119,000101,1,2021,ACS 2021,371190001011
466,37,119,000101,2,2021,ACS 2021,371190001012
1246,37,119,000102,1,2021,ACS 2021,371190001021
1163,37,119,000102,2,2021,ACS 2021,371190001022
2163,37,119,000103,1,2021,ACS 2021,371190001031
1256,37,119,000104,1,2021,ACS 2021,371190001041
703,37,119,000301,1,2021,ACS 2021,371190003011
404,37,119,000302,1,2021,ACS 2021,371190003021
491,37,119,000302,2,2021,ACS 2021,371190003022
1678,37,119,000401,1,2021,ACS 2021,371190004011
864,37,119,000402,1,2021,ACS 2021,371190004021
1195,37,119,000402,2,2021,ACS 2021,371190004022
455,37,119,000501,1,2021,ACS 2021,371190005011
1645,37,119,000501,2,2021,ACS 2021,371190005012
1420,37,119,000502,1,2021,ACS 2021,371190005021
1558,37,119,000503,1,2021,ACS 2021,371190005031
116,37,119,000503,2,2021,ACS 2021,371190005032
1603,37,119,000600,1,2021,ACS 2021,371190006001
429,37,119,000600,2,2021,ACS 2021,371190006002
721,37,119,000600,3,2021,ACS 2021,371190006003
699,37,119,000700,1,2021,ACS 2021,371190007001
674,37,119,000700,2,2021,ACS 2021,371190007002
1810,37,119,000800,1,2021,ACS 2021,371190008001
1181,37,119,000800,2,2021,ACS 2021,371190008002
576,37,119,000900,1,2021,ACS 2021,371190009001
1302,37,119,000900,2,2021,ACS 2021,371190009002
1099,37,119,001000,1,2021,ACS 2021,371190010001
447,37,119,001000,2,2021,ACS 2021,371190010002
1520,37,119,001000,3,2021,ACS 2021,371190010003
1717,37,119,001100,1,2021,ACS 2021,371190011001
354,37,119,001100,2,2021,ACS 2021,371190011002
1413,37,119,001100,3,2021,ACS 2021,371190011003
2288,37,119,001200,1,2021,ACS 2021,371190012001
954,37,119,001200,2,2021,ACS 2021,371190012002
1803,37,119,001200,3,2021,ACS 2021,371190012003
2568,37,119,001300,1,2021,ACS 2021,371190013001
1057,37,119,001300,2,2021,ACS 2021,371190013002
682,37,119,001300,3,2021,ACS 2021,371190013003
1830,37,119,001400,1,2021,ACS 2021,371190014001
1881,37,119,001400,2,2021,ACS 2021,371190014002
3050,37,119,001504,1,2021,ACS 2021,371190015041
2015,37,119,001504,2,2021,ACS 2021,371190015042
1623,37,119,001504,3,2021,ACS 2021,371190015043
1264,37,119,001505,1,2021,ACS 2021,371190015051
3004,37,119,001505,2,2021,ACS 2021,371190015052
2230,37,119,001507,1,2021,ACS 2021,371190015071
1184,37,119,001507,2,2021,ACS 2021,371190015072
1884,37,119,001507,3,2021,ACS 2021,371190015073
2880,37,119,001508,1,2021,ACS 2021,371190015081
2772,37,119,001508,2,2021,ACS 2021,371190015082
712,37,119,001508,3,2021,ACS 2021,371190015083
1329,37,119,001509,1,2021,ACS 2021,371190015091
2436,37,119,001509,2,2021,ACS 2021,371190015092
2949,37,119,001510,1,2021,ACS 2021,371190015101
495,37,119,001510,2,2021,ACS 2021,371190015102
2203,37,119,001603,1,2021,ACS 2021,371190016031
1256,37,119,001603,2,2021,ACS 2021,371190016032
1178,37,119,001603,3,2021,ACS 2021,371190016033
1741,37,119,001605,1,2021,ACS 2021,371190016051
2886,37,119,001606,1,2021,ACS 2021,371190016061
1789,37,119,001606,2,2021,ACS 2021,371190016062
2803,37,119,001607,1,2021,ACS 2021,371190016071
2391,37,119,001608,1,2021,ACS 2021,371190016081
1833,37,119,001608,2,2021,ACS 2021,371190016082
508,37,119,001609,1,2021,ACS 2021,371190016091
2498,37,119,001609,2,2021,ACS 2021,371190016092
1770,37,119,001701,1,2021,ACS 2021,371190017011
2621,37,119,001701,2,2021,ACS 2021,371190017012
1240,37,119,001702,1,2021,ACS 2021,371190017021
970,37,119,001702,2,2021,ACS 2021,371190017022
834,37,119,001702,3,2021,ACS 2021,371190017023
3868,37,119,001702,4,2021,ACS 2021,371190017024
344,37,119,001801,1,2021,ACS 2021,371190018011
348,37,119,001801,2,2021,ACS 2021,371190018012
624,37,119,001801,3,2021,ACS 2021,371190018013
1678,37,119,001802,1,2021,ACS 2021,371190018021
1715,37,119,001802,2,2021,ACS 2021,371190018022
2341,37,119,001910,1,2021,ACS 2021,371190019101
1649,37,119,001910,2,2021,ACS 2021,371190019102
1522,37,119,001910,3,2021,ACS 2021,371190019103
1157,37,119,001911,1,2021,ACS 2021,371190019111
2074,37,119,001911,2,2021,ACS 2021,371190019112
2379,37,119,001911,3,2021,ACS 2021,371190019113
2021,37,119,001914,1,2021,ACS 2021,371190019141
2066,37,119,001914,2,2021,ACS 2021,371190019142
2082,37,119,001916,1,2021,ACS 2021,371190019161
2273,37,119,001916,2,2021,ACS 2021,371190019162
2416,37,119,001917,1,2021,ACS 2021,371190019171
2009,37,119,001917,2,2021,ACS 2021,371190019172
401,37,119,001918,1,2021,ACS 2021,371190019181
2258,37,119,001918,2,2021,ACS 2021,371190019182
1501,37,119,001918,3,2021,ACS 2021,371190019183
1449,37,119,001919,1,2021,ACS 2021,371190019191
1326,37,119,001919,2,2021,ACS 2021,371190019192
1445,37,119,001919,3,2021,ACS 2021,371190019193
2145,37,119,001920,1,2021,ACS 2021,371190019201
1690,37,119,001920,2,2021,ACS 2021,371190019202
2138,37,119,001920,3,2021,ACS 2021,371190019203
2798,37,119,001921,1,2021,ACS 2021,371190019211
2462,37,119,001922,1,2021,ACS 2021,371190019221
2870,37,119,001922,2,2021,ACS 2021,371190019222
3219,37,119,001923,1,2021,ACS 2021,371190019231
990,37,119,001923,2,2021,ACS 2021,371190019232
2360,37,119,001924,1,2021,ACS 2021,371190019241
1422,37,119,001925,1,2021,ACS 2021,371190019251
729,37,119,001925,2,2021,ACS 2021,371190019252
2633,37,119,001925,3,2021,ACS 2021,371190019253
1249,37,119,001926,1,2021,ACS 2021,371190019261
2125,37,119,001926,2,2021,ACS 2021,371190019262
1341,37,119,001927,1,2021,ACS 2021,371190019271
1797,37,119,001927,2,2021,ACS 2021,371190019272
1553,37,119,002004,1,2021,ACS 2021,371190020041
1891,37,119,002004,2,2021,ACS 2021,371190020042
2222,37,119,002004,3,2021,ACS 2021,371190020043
1045,37,119,002005,1,2021,ACS 2021,371190020051
1691,37,119,002005,2,2021,ACS 2021,371190020052
1904,37,119,002006,1,2021,ACS 2021,371190020061
1750,37,119,002006,2,2021,ACS 2021,371190020062
884,37,119,002007,1,2021,ACS 2021,371190020071
1542,37,119,002007,2,2021,ACS 2021,371190020072
1147,37,119,002008,1,2021,ACS 2021,371190020081
1339,37,119,002008,2,2021,ACS 2021,371190020082
458,37,119,002008,3,2021,ACS 2021,371190020083
813,37,119,002100,1,2021,ACS 2021,371190021001
2240,37,119,002100,2,2021,ACS 2021,371190021002
1548,37,119,002201,1,2021,ACS 2021,371190022011
1130,37,119,002201,2,2021,ACS 2021,371190022012
1042,37,119,002202,1,2021,ACS 2021,371190022021
2113,37,119,002202,2,2021,ACS 2021,371190022022
431,37,119,002300,1,2021,ACS 2021,371190023001
2766,37,119,002300,2,2021,ACS 2021,371190023002
1834,37,119,002400,1,2021,ACS 2021,371190024001
880,37,119,002400,2,2021,ACS 2021,371190024002
449,37,119,002400,3,2021,ACS 2021,371190024003
1391,37,119,002500,1,2021,ACS 2021,371190025001
766,37,119,002500,2,2021,ACS 2021,371190025002
1279,37,119,002600,1,2021,ACS 2021,371190026001
1077,37,119,002701,1,2021,ACS 2021,371190027011
1288,37,119,002701,2,2021,ACS 2021,371190027012
663,37,119,002701,3,2021,ACS 2021,371190027013
2886,37,119,002702,1,2021,ACS 2021,371190027021
2271,37,119,002702,2,2021,ACS 2021,371190027022
755,37,119,002702,3,2021,ACS 2021,371190027023
1022,37,119,002800,1,2021,ACS 2021,371190028001
1282,37,119,002800,2,2021,ACS 2021,371190028002
1588,37,119,002800,3,2021,ACS 2021,371190028003
1469,37,119,002903,1,2021,ACS 2021,371190029031
880,37,119,002903,2,2021,ACS 2021,371190029032
1672,37,119,002903,3,2021,ACS 2021,371190029033
1867,37,119,002905,1,2021,ACS 2021,371190029051
1330,37,119,002905,2,2021,ACS 2021,371190029052
2100,37,119,002907,1,2021,ACS 2021,371190029071
1698,37,119,002907,2,2021,ACS 2021,371190029072
1217,37,119,002908,1,2021,ACS 2021,371190029081
915,37,119,002908,2,2021,ACS 2021,371190029082
1200,37,119,002908,3,2021,ACS 2021,371190029083
1760,37,119,002909,1,2021,ACS 2021,371190029091
795,37,119,002910,1,2021,ACS 2021,371190029101
1396,37,119,002910,2,2021,ACS 2021,371190029102
993,37,119,002910,3,2021,ACS 2021,371190029103
1936,37,119,003006,1,2021,ACS 2021,371190030061
2679,37,119,003006,2,2021,ACS 2021,371190030062
3164,37,119,003008,1,2021,ACS 2021,371190030081
1516,37,119,003008,2,2021,ACS 2021,371190030082
1853,37,119,003008,3,2021,ACS 2021,371190030083
1598,37,119,003012,1,2021,ACS 2021,371190030121
2602,37,119,003012,2,2021,ACS 2021,371190030122
2401,37,119,003013,1,2021,ACS 2021,371190030131
2543,37,119,003013,2,2021,ACS 2021,371190030132
1541,37,119,003015,1,2021,ACS 2021,371190030151
2432,37,119,003015,2,2021,ACS 2021,371190030152
1514,37,119,003015,3,2021,ACS 2021,371190030153
1976,37,119,003016,1,2021,ACS 2021,371190030161
961,37,119,003016,2,2021,ACS 2021,371190030162
1740,37,119,003016,3,2021,ACS 2021,371190030163
1417,37,119,003017,1,2021,ACS 2021,371190030171
2342,37,119,003017,2,2021,ACS 2021,371190030172
2481,37,119,003018,1,2021,ACS 2021,371190030181
1008,37,119,003019,1,2021,ACS 2021,371190030191
952,37,119,003019,2,2021,ACS 2021,371190030192
1339,37,119,003020,1,2021,ACS 2021,371190030201
1913,37,119,003020,2,2021,ACS 2021,371190030202
1037,37,119,003020,3,2021,ACS 2021,371190030203
1439,37,119,003021,1,2021,ACS 2021,371190030211
1556,37,119,003021,2,2021,ACS 2021,371190030212
1357,37,119,003022,1,2021,ACS 2021,371190030221
1131,37,119,003022,2,2021,ACS 2021,371190030222
1539,37,119,003022,3,2021,ACS 2021,371190030223
2070,37,119,003102,1,2021,ACS 2021,371190031021
868,37,119,003102,2,2021,ACS 2021,371190031022
1157,37,119,003102,3,2021,ACS 2021,371190031023
1348,37,119,003105,1,2021,ACS 2021,371190031051
2445,37,119,003105,2,2021,ACS 2021,371190031052
2979,37,119,003106,1,2021,ACS 2021,371190031061
1882,37,119,003106,2,2021,ACS 2021,371190031062
1629,37,119,003108,1,2021,ACS 2021,371190031081
2133,37,119,003108,2,2021,ACS 2021,371190031082
2991,37,119,003109,1,2021,ACS 2021,371190031091
1160,37,119,003109,2,2021,ACS 2021,371190031092
2205,37,119,003110,1,2021,ACS 2021,371190031101
1682,37,119,003111,1,2021,ACS 2021,371190031111
649,37,119,003111,2,2021,ACS 2021,371190031112
978,37,119,003111,3,2021,ACS 2021,371190031113
1087,37,119,003201,1,2021,ACS 2021,371190032011
1720,37,119,003201,2,2021,ACS 2021,371190032012
1849,37,119,003203,1,2021,ACS 2021,371190032031
671,37,119,003203,2,2021,ACS 2021,371190032032
822,37,119,003204,1,2021,ACS 2021,371190032041
1451,37,119,003204,2,2021,ACS 2021,371190032042
971,37,119,003204,3,2021,ACS 2021,371190032043
657,37,119,003301,1,2021,ACS 2021,371190033011
603,37,119,003301,2,2021,ACS 2021,371190033012
1660,37,119,003302,1,2021,ACS 2021,371190033021
972,37,119,003302,2,2021,ACS 2021,371190033022
614,37,119,003401,1,2021,ACS 2021,371190034011
1187,37,119,003401,2,2021,ACS 2021,371190034012
1575,37,119,003402,1,2021,ACS 2021,371190034021
991,37,119,003402,2,2021,ACS 2021,371190034022
1457,37,119,003402,3,2021,ACS 2021,371190034023
1516,37,119,003500,1,2021,ACS 2021,371190035001
1158,37,119,003500,2,2021,ACS 2021,371190035002
1267,37,119,003600,1,2021,ACS 2021,371190036001
1005,37,119,003600,2,2021,ACS 2021,371190036002
769,37,119,003600,3,2021,ACS 2021,371190036003
471,37,119,003600,4,2021,ACS 2021,371190036004
1473,37,119,003701,1,2021,ACS 2021,371190037011
220,37,119,003701,2,2021,ACS 2021,371190037012
1187,37,119,003702,1,2021,ACS 2021,371190037021
1190,37,119,003702,2,2021,ACS 2021,371190037022
1074,37,119,003802,1,2021,ACS 2021,371190038021
1744,37,119,003802,2,2021,ACS 2021,371190038022
186,37,119,003802,3,2021,ACS 2021,371190038023
1003,37,119,003805,1,2021,ACS 2021,371190038051
2847,37,119,003805,2,2021,ACS 2021,371190038052
1588,37,119,003807,1,2021,ACS 2021,371190038071
3175,37,119,003807,2,2021,ACS 2021,371190038072
1840,37,119,003808,1,2021,ACS 2021,371190038081
953,37,119,003808,2,2021,ACS 2021,371190038082
4040,37,119,003808,3,2021,ACS 2021,371190038083
1122,37,119,003809,1,2021,ACS 2021,371190038091
2532,37,119,003809,2,2021,ACS 2021,371190038092
2148,37,119,003810,1,2021,ACS 2021,371190038101
2583,37,119,003810,2,2021,ACS 2021,371190038102
2112,37,119,003811,1,2021,ACS 2021,371190038111
849,37,119,003902,1,2021,ACS 2021,371190039021
1857,37,119,003902,2,2021,ACS 2021,371190039022
958,37,119,003902,3,2021,ACS 2021,371190039023
1261,37,119,003902,4,2021,ACS 2021,371190039024
889,37,119,003903,1,2021,ACS 2021,371190039031
1064,37,119,003903,2,2021,ACS 2021,371190039032
428,37,119,004000,1,2021,ACS 2021,371190040001
854,37,119,004000,2,2021,ACS 2021,371190040002
2040,37,119,004000,3,2021,ACS 2021,371190040003
1126,37,119,004000,4,2021,ACS 2021,371190040004
1002,37,119,004101,1,2021,ACS 2021,371190041011
746,37,119,004101,2,2021,ACS 2021,371190041012
1145,37,119,004102,1,2021,ACS 2021,371190041021
1727,37,119,004102,2,2021,ACS 2021,371190041022
476,37,119,004200,1,2021,ACS 2021,371190042001
1009,37,119,004200,2,2021,ACS 2021,371190042002
376,37,119,004200,3,2021,ACS 2021,371190042003
1114,37,119,004200,4,2021,ACS 2021,371190042004
997,37,119,004302,1,2021,ACS 2021,371190043021
2467,37,119,004302,2,2021,ACS 2021,371190043022
1222,37,119,004302,3,2021,ACS 2021,371190043023
2489,37,119,004303,1,2021,ACS 2021,371190043031
3527,37,119,004304,1,2021,ACS 2021,371190043041
963,37,119,004304,2,2021,ACS 2021,371190043042
1013,37,119,004306,1,2021,ACS 2021,371190043061
2755,37,119,004306,2,2021,ACS 2021,371190043062
5033,37,119,004307,1,2021,ACS 2021,371190043071
797,37,119,004400,1,2021,ACS 2021,371190044001
1106,37,119,004400,2,2021,ACS 2021,371190044002
2118,37,119,004400,3,2021,ACS 2021,371190044003
1025,37,119,004500,1,2021,ACS 2021,371190045001
1178,37,119,004500,2,2021,ACS 2021,371190045002
833,37,119,004500,3,2021,ACS 2021,371190045003
1312,37,119,004600,1,2021,ACS 2021,371190046001
1177,37,119,004600,2,2021,ACS 2021,371190046002
1734,37,119,004700,1,2021,ACS 2021,371190047001
1206,37,119,004800,1,2021,ACS 2021,371190048001
1027,37,119,004800,2,2021,ACS 2021,371190048002
875,37,119,004800,3,2021,ACS 2021,371190048003
841,37,119,004900,1,2021,ACS 2021,371190049001
1141,37,119,005000,1,2021,ACS 2021,371190050001
1363,37,119,005000,2,2021,ACS 2021,371190050002
964,37,119,005100,1,2021,ACS 2021,371190051001
1204,37,119,005100,2,2021,ACS 2021,371190051002
267,37,119,005200,1,2021,ACS 2021,371190052001
356,37,119,005200,2,2021,ACS 2021,371190052002
973,37,119,005200,3,2021,ACS 2021,371190052003
3864,37,119,005301,1,2021,ACS 2021,371190053011
670,37,119,005301,2,2021,ACS 2021,371190053012
816,37,119,005305,1,2021,ACS 2021,371190053051
1607,37,119,005305,2,2021,ACS 2021,371190053052
1864,37,119,005305,3,2021,ACS 2021,371190053053
556,37,119,005306,1,2021,ACS 2021,371190053061
1773,37,119,005306,2,2021,ACS 2021,371190053062
2315,37,119,005307,1,2021,ACS 2021,371190053071
2017,37,119,005307,2,2021,ACS 2021,371190053072
1785,37,119,005308,1,2021,ACS 2021,371190053081
727,37,119,005308,2,2021,ACS 2021,371190053082
4935,37,119,005403,1,2021,ACS 2021,371190054031
985,37,119,005403,2,2021,ACS 2021,371190054032
2561,37,119,005404,1,2021,ACS 2021,371190054041
1954,37,119,005404,2,2021,ACS 2021,371190054042
1493,37,119,005405,1,2021,ACS 2021,371190054051
1351,37,119,005405,2,2021,ACS 2021,371190054052
2065,37,119,005406,1,2021,ACS 2021,371190054061
1829,37,119,005406,2,2021,ACS 2021,371190054062
2288,37,119,005508,1,2021,ACS 2021,371190055081
1844,37,119,005508,2,2021,ACS 2021,371190055082
2509,37,119,005510,1,2021,ACS 2021,371190055101
2667,37,119,005510,2,2021,ACS 2021,371190055102
1500,37,119,005510,3,2021,ACS 2021,371190055103
1153,37,119,005511,1,2021,ACS 2021,371190055111
1318,37,119,005511,2,2021,ACS 2021,371190055112
1051,37,119,005511,3,2021,ACS 2021,371190055113
1068,37,119,005512,1,2021,ACS 2021,371190055121
2114,37,119,005512,2,2021,ACS 2021,371190055122
2769,37,119,005512,3,2021,ACS 2021,371190055123
1991,37,119,005513,1,2021,ACS 2021,371190055131
1190,37,119,005513,2,2021,ACS 2021,371190055132
1101,37,119,005513,3,2021,ACS 2021,371190055133
2349,37,119,005515,1,2021,ACS 2021,371190055151
2086,37,119,005516,1,2021,ACS 2021,371190055161
868,37,119,005517,1,2021,ACS 2021,371190055171
1028,37,119,005517,2,2021,ACS 2021,371190055172
2164,37,119,005517,3,2021,ACS 2021,371190055173
2400,37,119,005519,1,2021,ACS 2021,371190055191
965,37,119,005519,2,2021,ACS 2021,371190055192
2456,37,119,005519,3,2021,ACS 2021,371190055193
582,37,119,005520,1,2021,ACS 2021,371190055201
2325,37,119,005520,2,2021,ACS 2021,371190055202
2029,37,119,005520,3,2021,ACS 2021,371190055203
1929,37,119,005522,1,2021,ACS 2021,371190055221
1947,37,119,005522,2,2021,ACS 2021,371190055222
983,37,119,005522,3,2021,ACS 2021,371190055223
2315,37,119,005525,1,2021,ACS 2021,371190055251
1614,37,119,005525,2,2021,ACS 2021,371190055252
2131,37,119,005526,1,2021,ACS 2021,371190055261
716,37,119,005526,2,2021,ACS 2021,371190055262
2910,37,119,005527,1,2021,ACS 2021,371190055271
1390,37,119,005528,1,2021,ACS 2021,371190055281
2464,37,119,005528,2,2021,ACS 2021,371190055282
1599,37,119,005529,1,2021,ACS 2021,371190055291
2772,37,119,005530,1,2021,ACS 2021,371190055301
310,37,119,005530,2,2021,ACS 2021,371190055302
1409,37,119,005531,1,2021,ACS 2021,371190055311
4395,37,119,005531,2,2021,ACS 2021,371190055312
1036,37,119,005532,1,2021,ACS 2021,371190055321
2931,37,119,005532,2,2021,ACS 2021,371190055322
1071,37,119,005533,1,2021,ACS 2021,371190055331
638,37,119,005534,1,2021,ACS 2021,371190055341
2097,37,119,005534,2,2021,ACS 2021,371190055342
2328,37,119,005534,3,2021,ACS 2021,371190055343
966,37,119,005535,1,2021,ACS 2021,371190055351
2910,37,119,005535,2,2021,ACS 2021,371190055352
905,37,119,005536,1,2021,ACS 2021,371190055361
1531,37,119,005536,2,2021,ACS 2021,371190055362
1750,37,119,005536,3,2021,ACS 2021,371190055363
1469,37,119,005536,4,2021,ACS 2021,371190055364
2147,37,119,005604,1,2021,ACS 2021,371190056041
2043,37,119,005604,2,2021,ACS 2021,371190056042
1494,37,119,005604,3,2021,ACS 2021,371190056043
2065,37,119,005609,1,2021,ACS 2021,371190056091
1456,37,119,005609,2,2021,ACS 2021,371190056092
1075,37,119,005610,1,2021,ACS 2021,371190056101
1489,37,119,005610,2,2021,ACS 2021,371190056102
855,37,119,005611,1,2021,ACS 2021,371190056111
2879,37,119,005611,2,2021,ACS 2021,371190056112
2988,37,119,005612,1,2021,ACS 2021,371190056121
2801,37,119,005612,2,2021,ACS 2021,371190056122
3764,37,119,005613,1,2021,ACS 2021,371190056131
2250,37,119,005615,1,2021,ACS 2021,371190056151
2452,37,119,005616,1,2021,ACS 2021,371190056161
1734,37,119,005617,1,2021,ACS 2021,371190056171
535,37,119,005617,2,2021,ACS 2021,371190056172
1742,37,119,005618,1,2021,ACS 2021,371190056181
1716,37,119,005618,2,2021,ACS 2021,371190056182
3021,37,119,005619,1,2021,ACS 2021,371190056191
1789,37,119,005619,2,2021,ACS 2021,371190056192
4143,37,119,005621,1,2021,ACS 2021,371190056211
1009,37,119,005621,2,2021,ACS 2021,371190056212
892,37,119,005621,3,2021,ACS 2021,371190056213
660,37,119,005622,1,2021,ACS 2021,371190056221
1475,37,119,005622,2,2021,ACS 2021,371190056222
2526,37,119,005623,1,2021,ACS 2021,371190056231
1513,37,119,005623,2,2021,ACS 2021,371190056232
2272,37,119,005624,1,2021,ACS 2021,371190056241
3756,37,119,005625,1,2021,ACS 2021,371190056251
2864,37,119,005625,2,2021,ACS 2021,371190056252
3553,37,119,005626,1,2021,ACS 2021,371190056261
2472,37,119,005627,1,2021,ACS 2021,371190056271
2531,37,119,005627,2,2021,ACS 2021,371190056272
2442,37,119,005627,3,2021,ACS 2021,371190056273
2193,37,119,005709,1,2021,ACS 2021,371190057091
2596,37,119,005709,2,2021,ACS 2021,371190057092
2145,37,119,005710,1,2021,ACS 2021,371190057101
2266,37,119,005710,2,2021,ACS 2021,371190057102
2221,37,119,005712,1,2021,ACS 2021,371190057121
1395,37,119,005712,2,2021,ACS 2021,371190057122
2228,37,119,005713,1,2021,ACS 2021,371190057131
2140,37,119,005713,2,2021,ACS 2021,371190057132
2924,37,119,005714,1,2021,ACS 2021,371190057141
1620,37,119,005714,2,2021,ACS 2021,371190057142
1597,37,119,005714,3,2021,ACS 2021,371190057143
2881,37,119,005715,1,2021,ACS 2021,371190057151
2003,37,119,005716,1,2021,ACS 2021,371190057161
3628,37,119,005716,2,2021,ACS 2021,371190057162
2147,37,119,005718,1,2021,ACS 2021,371190057181
1420,37,119,005718,2,2021,ACS 2021,371190057182
1663,37,119,005719,1,2021,ACS 2021,371190057191
1679,37,119,005719,2,2021,ACS 2021,371190057192
2223,37,119,005720,1,2021,ACS 2021,371190057201
518,37,119,005721,1,2021,ACS 2021,371190057211
3178,37,119,005721,2,2021,ACS 2021,371190057212
2110,37,119,005722,1,2021,ACS 2021,371190057221
2047,37,119,005723,1,2021,ACS 2021,371190057231
1306,37,119,005723,2,2021,ACS 2021,371190057232
1534,37,119,005811,1,2021,ACS 2021,371190058111
801,37,119,005811,2,2021,ACS 2021,371190058112
1951,37,119,005811,3,2021,ACS 2021,371190058113
2954,37,119,005815,1,2021,ACS 2021,371190058151
793,37,119,005815,2,2021,ACS 2021,371190058152
3412,37,119,005816,1,2021,ACS 2021,371190058161
1015,37,119,005816,2,2021,ACS 2021,371190058162
1068,37,119,005817,1,2021,ACS 2021,371190058171
3319,37,119,005817,2,2021,ACS 2021,371190058172
2907,37,119,005824,1,2021,ACS 2021,371190058241
1842,37,119,005824,2,2021,ACS 2021,371190058242
697,37,119,005826,1,2021,ACS 2021,371190058261
2337,37,119,005826,2,2021,ACS 2021,371190058262
2622,37,119,005827,1,2021,ACS 2021,371190058271
2238,37,119,005828,1,2021,ACS 2021,371190058281
423,37,119,005828,2,2021,ACS 2021,371190058282
1080,37,119,005828,3,2021,ACS 2021,371190058283
709,37,119,005829,1,2021,ACS 2021,371190058291
1237,37,119,005829,2,2021,ACS 2021,371190058292
1285,37,119,005830,1,2021,ACS 2021,371190058301
2216,37,119,005830,2,2021,ACS 2021,371190058302
3031,37,119,005832,1,2021,ACS 2021,371190058321
983,37,119,005833,1,2021,ACS 2021,371190058331
2754,37,119,005833,2,2021,ACS 2021,371190058332
1525,37,119,005833,3,2021,ACS 2021,371190058333
3137,37,119,005834,1,2021,ACS 2021,371190058341
1373,37,119,005834,2,2021,ACS 2021,371190058342
2610,37,119,005835,1,2021,ACS 2021,371190058351
2505,37,119,005836,1,2021,ACS 2021,371190058361
1099,37,119,005836,2,2021,ACS 2021,371190058362
1077,37,119,005839,1,2021,ACS 2021,371190058391
1471,37,119,005839,2,2021,ACS 2021,371190058392
2020,37,119,005840,1,2021,ACS 2021,371190058401
1229,37,119,005843,1,2021,ACS 2021,371190058431
1901,37,119,005843,2,2021,ACS 2021,371190058432
944,37,119,005845,1,2021,ACS 2021,371190058451
3660,37,119,005845,2,2021,ACS 2021,371190058452
1564,37,119,005845,3,2021,ACS 2021,371190058453
1454,37,119,005846,1,2021,ACS 2021,371190058461
2243,37,119,005846,2,2021,ACS 2021,371190058462
1776,37,119,005847,1,2021,ACS 2021,371190058471
2558,37,119,005847,2,2021,ACS 2021,371190058472
914,37,119,005847,3,2021,ACS 2021,371190058473
2139,37,119,005848,1,2021,ACS 2021,371190058481
1986,37,119,005848,2,2021,ACS 2021,371190058482
793,37,119,005848,3,2021,ACS 2021,371190058483
479,37,119,005849,1,2021,ACS 2021,371190058491
2705,37,119,005849,2,2021,ACS 2021,371190058492
2246,37,119,005850,1,2021,ACS 2021,371190058501
2039,37,119,005851,1,2021,ACS 2021,371190058511
2852,37,119,005851,2,2021,ACS 2021,371190058512
2193,37,119,005852,1,2021,ACS 2021,371190058521
2107,37,119,005853,1,2021,ACS 2021,371190058531
181,37,119,005853,2,2021,ACS 2021,371190058532
2680,37,119,005854,1,2021,ACS 2021,371190058541
1906,37,119,005855,1,2021,ACS 2021,371190058551
1427,37,119,005855,2,2021,ACS 2021,371190058552
1438,37,119,005855,3,2021,ACS 2021,371190058553
2447,37,119,005856,1,2021,ACS 2021,371190058561
2009,37,119,005857,1,2021,ACS 2021,371190058571
1385,37,119,005858,1,2021,ACS 2021,371190058581
2727,37,119,005858,2,2021,ACS 2021,371190058582
2696,37,119,005859,1,2021,ACS 2021,371190058591
3117,37,119,005860,1,2021,ACS 2021,371190058601
1407,37,119,005860,2,2021,ACS 2021,371190058602
1877,37,119,005861,1,2021,ACS 2021,371190058611
1068,37,119,005861,2,2021,ACS 2021,371190058612
3052,37,119,005862,1,2021,ACS 2021,371190058621
1976,37,119,005863,1,2021,ACS 2021,371190058631
1974,37,119,005863,2,2021,ACS 2021,371190058632
1658,37,119,005864,1,2021,ACS 2021,371190058641
3189,37,119,005864,2,2021,ACS 2021,371190058642
2138,37,119,005865,1,2021,ACS 2021,371190058651
1986,37,119,005866,1,2021,ACS 2021,371190058661
1790,37,119,005866,2,2021,ACS 2021,371190058662
358,37,119,005866,3,2021,ACS 2021,371190058663
436,37,119,005867,1,2021,ACS 2021,371190058671
3153,37,119,005867,2,2021,ACS 2021,371190058672
2718,37,119,005868,1,2021,ACS 2021,371190058681
2003,37,119,005908,1,2021,ACS 2021,371190059081
2777,37,119,005910,1,2021,ACS 2021,371190059101
3353,37,119,005910,2,2021,ACS 2021,371190059102
1732,37,119,005913,1,2021,ACS 2021,371190059131
2393,37,119,005913,2,2021,ACS 2021,371190059132
1533,37,119,005913,3,2021,ACS 2021,371190059133
1268,37,119,005913,4,2021,ACS 2021,371190059134
405,37,119,005915,1,2021,ACS 2021,371190059151
2329,37,119,005915,2,2021,ACS 2021,371190059152
1261,37,119,005916,1,2021,ACS 2021,371190059161
1288,37,119,005916,2,2021,ACS 2021,371190059162
1317,37,119,005918,1,2021,ACS 2021,371190059181
1057,37,119,005918,2,2021,ACS 2021,371190059182
2724,37,119,005918,3,2021,ACS 2021,371190059183
2251,37,119,005919,1,2021,ACS 2021,371190059191
1019,37,119,005919,2,2021,ACS 2021,371190059192
2043,37,119,005920,1,2021,ACS 2021,371190059201
344,37,119,005920,2,2021,ACS 2021,371190059202
3545,37,119,005921,1,2021,ACS 2021,371190059211
2443,37,119,005922,1,2021,ACS 2021,371190059221
1701,37,119,005922,2,2021,ACS 2021,371190059222
1917,37,119,005923,1,2021,ACS 2021,371190059231
2816,37,119,005923,2,2021,ACS 2021,371190059232
3847,37,119,005924,1,2021,ACS 2021,371190059241
3018,37,119,005924,2,2021,ACS 2021,371190059242
3142,37,119,005925,1,2021,ACS 2021,371190059251
4421,37,119,005926,1,2021,ACS 2021,371190059261
1892,37,119,005926,2,2021,ACS 2021,371190059262
6015,37,119,005927,1,2021,ACS 2021,371190059271
1657,37,119,005927,2,2021,ACS 2021,371190059272
1677,37,119,005928,1,2021,ACS 2021,371190059281
3214,37,119,005929,1,2021,ACS 2021,371190059291
1170,37,119,005929,2,2021,ACS 2021,371190059292
2961,37,119,005930,1,2021,ACS 2021,371190059301
915,37,119,005931,1,2021,ACS 2021,371190059311
2904,37,119,005931,2,2021,ACS 2021,371190059312
2633,37,119,005932,1,2021,ACS 2021,371190059321
1481,37,119,006005,1,2021,ACS 2021,371190060051
1713,37,119,006005,2,2021,ACS 2021,371190060052
1371,37,119,006008,1,2021,ACS 2021,371190060081
2142,37,119,006008,2,2021,ACS 2021,371190060082
1599,37,119,006009,1,2021,ACS 2021,371190060091
1901,37,119,006009,2,2021,ACS 2021,371190060092
2924,37,119,006011,1,2021,ACS 2021,371190060111
2890,37,119,006012,1,2021,ACS 2021,371190060121
1893,37,119,006012,2,2021,ACS 2021,371190060122
2041,37,119,006013,1,2021,ACS 2021,371190060131
2918,37,119,006013,2,2021,ACS 2021,371190060132
1573,37,119,006014,1,2021,ACS 2021,371190060141
2144,37,119,006014,2,2021,ACS 2021,371190060142
1727,37,119,006015,1,2021,ACS 2021,371190060151
2454,37,119,006015,2,2021,ACS 2021,371190060152
1290,37,119,006016,1,2021,ACS 2021,371190060161
1599,37,119,006016,2,2021,ACS 2021,371190060162
2045,37,119,006103,1,2021,ACS 2021,371190061031
2149,37,119,006103,2,2021,ACS 2021,371190061032
2882,37,119,006105,1,2021,ACS 2021,371190061051
2629,37,119,006108,1,2021,ACS 2021,371190061081
1806,37,119,006108,2,2021,ACS 2021,371190061082
4324,37,119,006109,1,2021,ACS 2021,371190061091
1531,37,119,006110,1,2021,ACS 2021,371190061101
1728,37,119,006110,2,2021,ACS 2021,371190061102
2316,37,119,006110,3,2021,ACS 2021,371190061103
1808,37,119,006111,1,2021,ACS 2021,371190061111
1782,37,119,006111,2,2021,ACS 2021,371190061112
1342,37,119,006112,1,2021,ACS 2021,371190061121
860,37,119,006112,2,2021,ACS 2021,371190061122
1030,37,119,006113,1,2021,ACS 2021,371190061131
2043,37,119,006113,2,2021,ACS 2021,371190061132
921,37,119,006114,1,2021,ACS 2021,371190061141
2191,37,119,006114,2,2021,ACS 2021,371190061142
2980,37,119,006115,1,2021,ACS 2021,371190061151
669,37,119,006115,2,2021,ACS 2021,371190061152
928,37,119,006208,1,2021,ACS 2021,371190062081
2836,37,119,006208,2,2021,ACS 2021,371190062082
878,37,119,006209,1,2021,ACS 2021,371190062091
1913,37,119,006209,2,2021,ACS 2021,371190062092
2078,37,119,006209,3,2021,ACS 2021,371190062093
2587,37,119,006210,1,2021,ACS 2021,371190062101
2152,37,119,006210,2,2021,ACS 2021,371190062102
3513,37,119,006211,1,2021,ACS 2021,371190062111
3033,37,119,006211,2,2021,ACS 2021,371190062112
3078,37,119,006212,1,2021,ACS 2021,371190062121
1133,37,119,006212,2,2021,ACS 2021,371190062122
1603,37,119,006214,1,2021,ACS 2021,371190062141
2471,37,119,006214,2,2021,ACS 2021,371190062142
1917,37,119,006216,1,2021,ACS 2021,371190062161
1074,37,119,006217,1,2021,ACS 2021,371190062171
1961,37,119,006217,2,2021,ACS 2021,371190062172
2938,37,119,006218,1,2021,ACS 2021,371190062181
3005,37,119,006219,1,2021,ACS 2021,371190062191
1484,37,119,006220,1,2021,ACS 2021,371190062201
1356,37,119,006220,2,2021,ACS 2021,371190062202
3861,37,119,006221,1,2021,ACS 2021,371190062211
997,37,119,006222,1,2021,ACS 2021,371190062221
2963,37,119,006222,2,2021,ACS 2021,371190062222
2453,37,119,006223,1,2021,ACS 2021,371190062231
3182,37,119,006224,1,2021,ACS 2021,371190062241
4203,37,119,006305,1,2021,ACS 2021,371190063051
1399,37,119,006306,1,2021,ACS 2021,371190063061
3421,37,119,006307,1,2021,ACS 2021,371190063071
1168,37,119,006307,2,2021,ACS 2021,371190063072
4271,37,119,006308,1,2021,ACS 2021,371190063081
1830,37,119,006309,1,2021,ACS 2021,371190063091
3365,37,119,006310,1,2021,ACS 2021,371190063101
449,37,119,006311,1,2021,ACS 2021,371190063111
3604,37,119,006311,2,2021,ACS 2021,371190063112
2312,37,119,006403,1,2021,ACS 2021,371190064031
1736,37,119,006403,2,2021,ACS 2021,371190064032
1668,37,119,006403,3,2021,ACS 2021,371190064033
2363,37,119,006404,1,2021,ACS 2021,371190064041
2221,37,119,006404,2,2021,ACS 2021,371190064042
2720,37,119,006404,3,2021,ACS 2021,371190064043
1054,37,119,006407,1,2021,ACS 2021,371190064071
3050,37,119,006407,2,2021,ACS 2021,371190064072
1178,37,119,006408,1,2021,ACS 2021,371190064081
1767,37,119,006408,2,2021,ACS 2021,371190064082
3059,37,119,006409,1,2021,ACS 2021,371190064091
1888,37,119,006410,1,2021,ACS 2021,371190064101
1379,37,119,006410,2,2021,ACS 2021,371190064102
1930,37,119,006411,1,2021,ACS 2021,371190064111
1081,37,119,006411,2,2021,ACS 2021,371190064112
0,37,119,980100,1,2021,ACS 2021,371199801001
0,37,119,980200,1,2021,ACS 2021,371199802001
29,37,119,980300,1,2021,ACS 2021,371199803001
1080,37,121,950100,1,2021,ACS 2021,371219501001
1052,37,121,950100,2,2021,ACS 2021,371219501002
681,37,121,950200,1,2021,ACS 2021,371219502001
1238,37,121,950200,2,2021,ACS 2021,371219502002
1850,37,121,950200,3,2021,ACS 2021,371219502003
2541,37,121,950300,1,2021,ACS 2021,371219503001
679,37,121,950300,2,2021,ACS 2021,371219503002
924,37,121,950300,3,2021,ACS 2021,371219503003
1139,37,121,950400,1,2021,ACS 2021,371219504001
2061,37,121,950400,2,2021,ACS 2021,371219504002
1706,37,121,950400,3,2021,ACS 2021,371219504003
1229,37,123,960101,1,2021,ACS 2021,371239601011
1991,37,123,960102,1,2021,ACS 2021,371239601021
1111,37,123,960102,2,2021,ACS 2021,371239601022
1351,37,123,960102,3,2021,ACS 2021,371239601023
1503,37,123,960102,4,2021,ACS 2021,371239601024
581,37,123,960201,1,2021,ACS 2021,371239602011
1413,37,123,960201,2,2021,ACS 2021,371239602012
1488,37,123,960202,1,2021,ACS 2021,371239602021
975,37,123,960202,2,2021,ACS 2021,371239602022
1871,37,123,960202,3,2021,ACS 2021,371239602023
1271,37,123,960301,1,2021,ACS 2021,371239603011
1263,37,123,960302,1,2021,ACS 2021,371239603021
1519,37,123,960302,2,2021,ACS 2021,371239603022
1154,37,123,960401,1,2021,ACS 2021,371239604011
1050,37,123,960401,2,2021,ACS 2021,371239604012
730,37,123,960402,1,2021,ACS 2021,371239604021
452,37,123,960402,2,2021,ACS 2021,371239604022
659,37,123,960402,3,2021,ACS 2021,371239604023
1861,37,123,960501,1,2021,ACS 2021,371239605011
457,37,123,960501,2,2021,ACS 2021,371239605012
509,37,123,960502,1,2021,ACS 2021,371239605021
1453,37,123,960502,2,2021,ACS 2021,371239605022
1152,37,125,950100,1,2021,ACS 2021,371259501001
1557,37,125,950100,2,2021,ACS 2021,371259501002
731,37,125,950100,3,2021,ACS 2021,371259501003
919,37,125,950201,1,2021,ACS 2021,371259502011
1256,37,125,950201,2,2021,ACS 2021,371259502012
998,37,125,950201,3,2021,ACS 2021,371259502013
1252,37,125,950202,1,2021,ACS 2021,371259502021
1546,37,125,950202,2,2021,ACS 2021,371259502022
1281,37,125,950202,3,2021,ACS 2021,371259502023
1797,37,125,950303,1,2021,ACS 2021,371259503031
859,37,125,950304,1,2021,ACS 2021,371259503041
720,37,125,950304,2,2021,ACS 2021,371259503042
781,37,125,950304,3,2021,ACS 2021,371259503043
1111,37,125,950305,1,2021,ACS 2021,371259503051
1528,37,125,950305,2,2021,ACS 2021,371259503052
743,37,125,950305,3,2021,ACS 2021,371259503053
2291,37,125,950306,1,2021,ACS 2021,371259503061
2627,37,125,950402,1,2021,ACS 2021,371259504021
1345,37,125,950402,2,2021,ACS 2021,371259504022
609,37,125,950403,1,2021,ACS 2021,371259504031
889,37,125,950403,2,2021,ACS 2021,371259504032
679,37,125,950403,3,2021,ACS 2021,371259504033
1623,37,125,950404,1,2021,ACS 2021,371259504041
971,37,125,950404,2,2021,ACS 2021,371259504042
1511,37,125,950503,1,2021,ACS 2021,371259505031
1242,37,125,950503,2,2021,ACS 2021,371259505032
3572,37,125,950504,1,2021,ACS 2021,371259505041
1109,37,125,950505,1,2021,ACS 2021,371259505051
2796,37,125,950506,1,2021,ACS 2021,371259505061
1156,37,125,950506,2,2021,ACS 2021,371259505062
2652,37,125,950506,3,2021,ACS 2021,371259505063
3261,37,125,950507,1,2021,ACS 2021,371259505071
1007,37,125,950507,2,2021,ACS 2021,371259505072
957,37,125,950601,1,2021,ACS 2021,371259506011
1429,37,125,950601,2,2021,ACS 2021,371259506012
1544,37,125,950601,3,2021,ACS 2021,371259506013
1015,37,125,950603,1,2021,ACS 2021,371259506031
1047,37,125,950603,2,2021,ACS 2021,371259506032
565,37,125,950603,3,2021,ACS 2021,371259506033
1353,37,125,950603,4,2021,ACS 2021,371259506034
1386,37,125,950604,1,2021,ACS 2021,371259506041
2341,37,125,950604,2,2021,ACS 2021,371259506042
718,37,125,950702,1,2021,ACS 2021,371259507021
2555,37,125,950702,2,2021,ACS 2021,371259507022
2007,37,125,950703,1,2021,ACS 2021,371259507031
659,37,125,950703,2,2021,ACS 2021,371259507032
1269,37,125,950704,1,2021,ACS 2021,371259507041
1298,37,125,950704,2,2021,ACS 2021,371259507042
1399,37,125,950801,1,2021,ACS 2021,371259508011
902,37,125,950801,2,2021,ACS 2021,371259508012
2787,37,125,950801,3,2021,ACS 2021,371259508013
741,37,125,950801,4,2021,ACS 2021,371259508014
709,37,125,950802,1,2021,ACS 2021,371259508021
1281,37,125,950802,2,2021,ACS 2021,371259508022
869,37,125,950802,3,2021,ACS 2021,371259508023
1027,37,125,950802,4,2021,ACS 2021,371259508024
285,37,125,950900,1,2021,ACS 2021,371259509001
1241,37,125,950900,2,2021,ACS 2021,371259509002
676,37,125,950900,3,2021,ACS 2021,371259509003
1769,37,125,951001,1,2021,ACS 2021,371259510011
1254,37,125,951001,2,2021,ACS 2021,371259510012
1071,37,125,951001,3,2021,ACS 2021,371259510013
1178,37,125,951002,1,2021,ACS 2021,371259510021
338,37,125,951101,1,2021,ACS 2021,371259511011
1075,37,125,951101,2,2021,ACS 2021,371259511012
1851,37,125,951101,3,2021,ACS 2021,371259511013
1529,37,125,951102,1,2021,ACS 2021,371259511021
2282,37,125,951102,2,2021,ACS 2021,371259511022
1710,37,125,951102,3,2021,ACS 2021,371259511023
1682,37,125,951200,1,2021,ACS 2021,371259512001
853,37,125,951200,2,2021,ACS 2021,371259512002
2395,37,125,951200,3,2021,ACS 2021,371259512003
551,37,127,010200,1,2021,ACS 2021,371270102001
499,37,127,010200,2,2021,ACS 2021,371270102002
1000,37,127,010200,3,2021,ACS 2021,371270102003
690,37,127,010200,4,2021,ACS 2021,371270102004
1713,37,127,010200,5,2021,ACS 2021,371270102005
955,37,127,010301,1,2021,ACS 2021,371270103011
751,37,127,010301,2,2021,ACS 2021,371270103012
1193,37,127,010301,3,2021,ACS 2021,371270103013
316,37,127,010301,4,2021,ACS 2021,371270103014
233,37,127,010302,1,2021,ACS 2021,371270103021
2335,37,127,010302,2,2021,ACS 2021,371270103022
679,37,127,010400,1,2021,ACS 2021,371270104001
1943,37,127,010400,2,2021,ACS 2021,371270104002
960,37,127,010400,3,2021,ACS 2021,371270104003
857,37,127,010503,1,2021,ACS 2021,371270105031
1375,37,127,010503,2,2021,ACS 2021,371270105032
1401,37,127,010504,1,2021,ACS 2021,371270105041
906,37,127,010504,2,2021,ACS 2021,371270105042
1276,37,127,010504,3,2021,ACS 2021,371270105043
956,37,127,010504,4,2021,ACS 2021,371270105044
599,37,127,010505,1,2021,ACS 2021,371270105051
382,37,127,010505,2,2021,ACS 2021,371270105052
724,37,127,010505,3,2021,ACS 2021,371270105053
1512,37,127,010505,4,2021,ACS 2021,371270105054
1410,37,127,010506,1,2021,ACS 2021,371270105061
1856,37,127,010506,2,2021,ACS 2021,371270105062
1561,37,127,010506,3,2021,ACS 2021,371270105063
798,37,127,010601,1,2021,ACS 2021,371270106011
1660,37,127,010601,2,2021,ACS 2021,371270106012
2427,37,127,010603,1,2021,ACS 2021,371270106031
1365,37,127,010604,1,2021,ACS 2021,371270106041
1975,37,127,010604,2,2021,ACS 2021,371270106042
664,37,127,010604,3,2021,ACS 2021,371270106043
1272,37,127,010700,1,2021,ACS 2021,371270107001
505,37,127,010700,2,2021,ACS 2021,371270107002
1360,37,127,010700,3,2021,ACS 2021,371270107003
1119,37,127,010801,1,2021,ACS 2021,371270108011
1396,37,127,010802,1,2021,ACS 2021,371270108021
1569,37,127,010802,2,2021,ACS 2021,371270108022
1468,37,127,010802,3,2021,ACS 2021,371270108023
1312,37,127,010802,4,2021,ACS 2021,371270108024
898,37,127,010900,1,2021,ACS 2021,371270109001
1189,37,127,010900,2,2021,ACS 2021,371270109002
1417,37,127,010900,3,2021,ACS 2021,371270109003
1753,37,127,010900,4,2021,ACS 2021,371270109004
1380,37,127,011000,1,2021,ACS 2021,371270110001
883,37,127,011000,2,2021,ACS 2021,371270110002
2694,37,127,011000,3,2021,ACS 2021,371270110003
2772,37,127,011101,1,2021,ACS 2021,371270111011
2083,37,127,011101,2,2021,ACS 2021,371270111012
1659,37,127,011101,3,2021,ACS 2021,371270111013
712,37,127,011103,1,2021,ACS 2021,371270111031
2516,37,127,011103,2,2021,ACS 2021,371270111032
1127,37,127,011103,3,2021,ACS 2021,371270111033
1107,37,127,011103,4,2021,ACS 2021,371270111034
1674,37,127,011104,1,2021,ACS 2021,371270111041
889,37,127,011104,2,2021,ACS 2021,371270111042
2399,37,127,011201,1,2021,ACS 2021,371270112011
994,37,127,011201,2,2021,ACS 2021,371270112012
636,37,127,011202,1,2021,ACS 2021,371270112021
2130,37,127,011202,2,2021,ACS 2021,371270112022
2374,37,127,011300,1,2021,ACS 2021,371270113001
1417,37,127,011300,2,2021,ACS 2021,371270113002
1339,37,127,011300,3,2021,ACS 2021,371270113003
1772,37,127,011400,1,2021,ACS 2021,371270114001
1187,37,127,011400,2,2021,ACS 2021,371270114002
1292,37,127,011400,3,2021,ACS 2021,371270114003
1846,37,127,011501,1,2021,ACS 2021,371270115011
1101,37,127,011501,2,2021,ACS 2021,371270115012
1105,37,127,011502,1,2021,ACS 2021,371270115021
1211,37,127,011502,2,2021,ACS 2021,371270115022
1549,37,127,011502,3,2021,ACS 2021,371270115023
693,37,129,010100,1,2021,ACS 2021,371290101001
746,37,129,010100,2,2021,ACS 2021,371290101002
679,37,129,010100,3,2021,ACS 2021,371290101003
1008,37,129,010200,1,2021,ACS 2021,371290102001
1058,37,129,010200,2,2021,ACS 2021,371290102002
1540,37,129,010200,3,2021,ACS 2021,371290102003
1050,37,129,010300,1,2021,ACS 2021,371290103001
1442,37,129,010300,2,2021,ACS 2021,371290103002
1304,37,129,010300,3,2021,ACS 2021,371290103003
1690,37,129,010300,4,2021,ACS 2021,371290103004
722,37,129,010300,5,2021,ACS 2021,371290103005
1170,37,129,010400,1,2021,ACS 2021,371290104001
916,37,129,010400,2,2021,ACS 2021,371290104002
896,37,129,010400,3,2021,ACS 2021,371290104003
1088,37,129,010501,1,2021,ACS 2021,371290105011
1628,37,129,010501,2,2021,ACS 2021,371290105012
932,37,129,010501,3,2021,ACS 2021,371290105013
1214,37,129,010503,1,2021,ACS 2021,371290105031
779,37,129,010503,2,2021,ACS 2021,371290105032
1323,37,129,010504,1,2021,ACS 2021,371290105041
1176,37,129,010504,2,2021,ACS 2021,371290105042
4086,37,129,010504,3,2021,ACS 2021,371290105043
1306,37,129,010600,1,2021,ACS 2021,371290106001
1008,37,129,010600,2,2021,ACS 2021,371290106002
775,37,129,010600,3,2021,ACS 2021,371290106003
854,37,129,010600,4,2021,ACS 2021,371290106004
1394,37,129,010700,1,2021,ACS 2021,371290107001
1005,37,129,010700,2,2021,ACS 2021,371290107002
940,37,129,010700,3,2021,ACS 2021,371290107003
1156,37,129,010700,4,2021,ACS 2021,371290107004
1602,37,129,010800,1,2021,ACS 2021,371290108001
914,37,129,010800,2,2021,ACS 2021,371290108002
1112,37,129,010900,1,2021,ACS 2021,371290109001
1026,37,129,010900,2,2021,ACS 2021,371290109002
692,37,129,011000,1,2021,ACS 2021,371290110001
929,37,129,011000,2,2021,ACS 2021,371290110002
555,37,129,011000,3,2021,ACS 2021,371290110003
845,37,129,011100,1,2021,ACS 2021,371290111001
2027,37,129,011100,2,2021,ACS 2021,371290111002
449,37,129,011200,1,2021,ACS 2021,371290112001
679,37,129,011200,2,2021,ACS 2021,371290112002
534,37,129,011200,3,2021,ACS 2021,371290112003
901,37,129,011300,1,2021,ACS 2021,371290113001
1009,37,129,011300,2,2021,ACS 2021,371290113002
767,37,129,011400,1,2021,ACS 2021,371290114001
1032,37,129,011400,2,2021,ACS 2021,371290114002
674,37,129,011501,1,2021,ACS 2021,371290115011
657,37,129,011501,2,2021,ACS 2021,371290115012
737,37,129,011501,3,2021,ACS 2021,371290115013
675,37,129,011501,4,2021,ACS 2021,371290115014
1061,37,129,011502,1,2021,ACS 2021,371290115021
5047,37,129,011502,2,2021,ACS 2021,371290115022
1556,37,129,011503,1,2021,ACS 2021,371290115031
2335,37,129,011503,2,2021,ACS 2021,371290115032
1094,37,129,011504,1,2021,ACS 2021,371290115041
2533,37,129,011504,2,2021,ACS 2021,371290115042
989,37,129,011504,3,2021,ACS 2021,371290115043
2365,37,129,011605,1,2021,ACS 2021,371290116051
1703,37,129,011605,2,2021,ACS 2021,371290116052
904,37,129,011605,3,2021,ACS 2021,371290116053
2497,37,129,011606,1,2021,ACS 2021,371290116061
2162,37,129,011606,2,2021,ACS 2021,371290116062
1135,37,129,011608,1,2021,ACS 2021,371290116081
1629,37,129,011608,2,2021,ACS 2021,371290116082
1390,37,129,011608,3,2021,ACS 2021,371290116083
2614,37,129,011608,4,2021,ACS 2021,371290116084
1220,37,129,011609,1,2021,ACS 2021,371290116091
1459,37,129,011609,2,2021,ACS 2021,371290116092
3041,37,129,011609,3,2021,ACS 2021,371290116093
1934,37,129,011610,1,2021,ACS 2021,371290116101
2544,37,129,011610,2,2021,ACS 2021,371290116102
2057,37,129,011611,1,2021,ACS 2021,371290116111
1709,37,129,011611,2,2021,ACS 2021,371290116112
1653,37,129,011611,3,2021,ACS 2021,371290116113
1042,37,129,011612,1,2021,ACS 2021,371290116121
4815,37,129,011612,2,2021,ACS 2021,371290116122
1241,37,129,011701,1,2021,ACS 2021,371290117011
1977,37,129,011701,2,2021,ACS 2021,371290117012
1483,37,129,011701,3,2021,ACS 2021,371290117013
2307,37,129,011703,1,2021,ACS 2021,371290117031
2177,37,129,011703,2,2021,ACS 2021,371290117032
3451,37,129,011705,1,2021,ACS 2021,371290117051
1155,37,129,011705,2,2021,ACS 2021,371290117052
2971,37,129,011705,3,2021,ACS 2021,371290117053
2191,37,129,011705,4,2021,ACS 2021,371290117054
1369,37,129,011800,1,2021,ACS 2021,371290118001
822,37,129,011800,2,2021,ACS 2021,371290118002
464,37,129,011800,3,2021,ACS 2021,371290118003
1754,37,129,011904,1,2021,ACS 2021,371290119041
1258,37,129,011904,2,2021,ACS 2021,371290119042
1296,37,129,011905,1,2021,ACS 2021,371290119051
785,37,129,011905,2,2021,ACS 2021,371290119052
907,37,129,011906,1,2021,ACS 2021,371290119061
907,37,129,011906,2,2021,ACS 2021,371290119062
1038,37,129,011906,3,2021,ACS 2021,371290119063
1235,37,129,012004,1,2021,ACS 2021,371290120041
773,37,129,012004,2,2021,ACS 2021,371290120042
1753,37,129,012004,3,2021,ACS 2021,371290120043
2115,37,129,012006,1,2021,ACS 2021,371290120061
1966,37,129,012006,2,2021,ACS 2021,371290120062
1147,37,129,012007,1,2021,ACS 2021,371290120071
1349,37,129,012007,2,2021,ACS 2021,371290120072
2544,37,129,012007,3,2021,ACS 2021,371290120073
1148,37,129,012007,4,2021,ACS 2021,371290120074
1982,37,129,012008,1,2021,ACS 2021,371290120081
1282,37,129,012008,2,2021,ACS 2021,371290120082
1746,37,129,012008,3,2021,ACS 2021,371290120083
1249,37,129,012008,4,2021,ACS 2021,371290120084
1667,37,129,012009,1,2021,ACS 2021,371290120091
2251,37,129,012009,2,2021,ACS 2021,371290120092
2774,37,129,012009,3,2021,ACS 2021,371290120093
652,37,129,012009,4,2021,ACS 2021,371290120094
832,37,129,012010,1,2021,ACS 2021,371290120101
2530,37,129,012010,2,2021,ACS 2021,371290120102
1661,37,129,012010,3,2021,ACS 2021,371290120103
1157,37,129,012011,1,2021,ACS 2021,371290120111
1409,37,129,012011,2,2021,ACS 2021,371290120112
1927,37,129,012011,3,2021,ACS 2021,371290120113
1396,37,129,012012,1,2021,ACS 2021,371290120121
770,37,129,012012,2,2021,ACS 2021,371290120122
1776,37,129,012103,1,2021,ACS 2021,371290121031
1150,37,129,012103,2,2021,ACS 2021,371290121032
1863,37,129,012103,3,2021,ACS 2021,371290121033
2118,37,129,012106,1,2021,ACS 2021,371290121061
2933,37,129,012106,2,2021,ACS 2021,371290121062
2006,37,129,012106,3,2021,ACS 2021,371290121063
1217,37,129,012107,1,2021,ACS 2021,371290121071
2600,37,129,012107,2,2021,ACS 2021,371290121072
843,37,129,012107,3,2021,ACS 2021,371290121073
2128,37,129,012108,1,2021,ACS 2021,371290121081
1084,37,129,012108,2,2021,ACS 2021,371290121082
4325,37,129,012109,1,2021,ACS 2021,371290121091
2482,37,129,012110,1,2021,ACS 2021,371290121101
1924,37,129,012110,2,2021,ACS 2021,371290121102
1356,37,129,012111,1,2021,ACS 2021,371290121111
1730,37,129,012111,2,2021,ACS 2021,371290121112
1514,37,129,012111,3,2021,ACS 2021,371290121113
507,37,129,012201,1,2021,ACS 2021,371290122011
1157,37,129,012201,2,2021,ACS 2021,371290122012
1178,37,129,012201,3,2021,ACS 2021,371290122013
1255,37,129,012202,1,2021,ACS 2021,371290122021
431,37,129,012202,2,2021,ACS 2021,371290122022
816,37,129,012202,3,2021,ACS 2021,371290122023
1112,37,129,012202,4,2021,ACS 2021,371290122024
1002,37,129,012203,1,2021,ACS 2021,371290122031
582,37,129,012203,2,2021,ACS 2021,371290122032
890,37,129,012203,3,2021,ACS 2021,371290122033
717,37,129,012300,1,2021,ACS 2021,371290123001
1879,37,129,012300,2,2021,ACS 2021,371290123002
2943,37,129,012300,3,2021,ACS 2021,371290123003
2907,37,129,012300,4,2021,ACS 2021,371290123004
0,37,129,980100,1,2021,ACS 2021,371299801001
0,37,129,990100,0,2021,ACS 2021,371299901000
801,37,131,920101,1,2021,ACS 2021,371319201011
508,37,131,920101,2,2021,ACS 2021,371319201012
438,37,131,920102,1,2021,ACS 2021,371319201021
470,37,131,920102,2,2021,ACS 2021,371319201022
927,37,131,920103,1,2021,ACS 2021,371319201031
865,37,131,920103,2,2021,ACS 2021,371319201032
595,37,131,920201,1,2021,ACS 2021,371319202011
237,37,131,920201,2,2021,ACS 2021,371319202012
429,37,131,920202,1,2021,ACS 2021,371319202021
1078,37,131,920202,2,2021,ACS 2021,371319202022
626,37,131,920202,3,2021,ACS 2021,371319202023
244,37,131,920202,4,2021,ACS 2021,371319202024
843,37,131,920301,1,2021,ACS 2021,371319203011
997,37,131,920301,2,2021,ACS 2021,371319203012
996,37,131,920302,1,2021,ACS 2021,371319203021
416,37,131,920302,2,2021,ACS 2021,371319203022
801,37,131,920303,1,2021,ACS 2021,371319203031
1301,37,131,920303,2,2021,ACS 2021,371319203032
1593,37,131,920401,1,2021,ACS 2021,371319204011
912,37,131,920401,2,2021,ACS 2021,371319204012
1053,37,131,920401,3,2021,ACS 2021,371319204013
695,37,131,920402,1,2021,ACS 2021,371319204021
1092,37,131,920402,2,2021,ACS 2021,371319204022
1952,37,133,000103,1,2021,ACS 2021,371330001031
2620,37,133,000103,2,2021,ACS 2021,371330001032
1396,37,133,000103,3,2021,ACS 2021,371330001033
2821,37,133,000104,1,2021,ACS 2021,371330001041
2599,37,133,000105,1,2021,ACS 2021,371330001051
2061,37,133,000105,2,2021,ACS 2021,371330001052
2539,37,133,000105,3,2021,ACS 2021,371330001053
2012,37,133,000203,1,2021,ACS 2021,371330002031
3306,37,133,000203,2,2021,ACS 2021,371330002032
3267,37,133,000204,1,2021,ACS 2021,371330002041
1722,37,133,000204,2,2021,ACS 2021,371330002042
2454,37,133,000205,1,2021,ACS 2021,371330002051
3204,37,133,000205,2,2021,ACS 2021,371330002052
1065,37,133,000205,3,2021,ACS 2021,371330002053
1743,37,133,000206,1,2021,ACS 2021,371330002061
1185,37,133,000206,2,2021,ACS 2021,371330002062
1421,37,133,000207,1,2021,ACS 2021,371330002071
1922,37,133,000207,2,2021,ACS 2021,371330002072
2605,37,133,000303,1,2021,ACS 2021,371330003031
560,37,133,000304,1,2021,ACS 2021,371330003041
1781,37,133,000304,2,2021,ACS 2021,371330003042
1419,37,133,000304,3,2021,ACS 2021,371330003043
2235,37,133,000305,1,2021,ACS 2021,371330003051
624,37,133,000305,2,2021,ACS 2021,371330003052
548,37,133,000306,1,2021,ACS 2021,371330003061
1639,37,133,000306,2,2021,ACS 2021,371330003062
1812,37,133,000306,3,2021,ACS 2021,371330003063
3555,37,133,000306,4,2021,ACS 2021,371330003064
2874,37,133,000401,1,2021,ACS 2021,371330004011
1798,37,133,000401,2,2021,ACS 2021,371330004012
1179,37,133,000401,3,2021,ACS 2021,371330004013
2566,37,133,000401,4,2021,ACS 2021,371330004014
1050,37,133,000403,1,2021,ACS 2021,371330004031
844,37,133,000404,1,2021,ACS 2021,371330004041
2726,37,133,000405,1,2021,ACS 2021,371330004051
1233,37,133,000405,2,2021,ACS 2021,371330004052
3070,37,133,000405,3,2021,ACS 2021,371330004053
1753,37,133,000500,1,2021,ACS 2021,371330005001
2174,37,133,000600,1,2021,ACS 2021,371330006001
1953,37,133,000600,2,2021,ACS 2021,371330006002
4495,37,133,000600,3,2021,ACS 2021,371330006003
2788,37,133,000600,4,2021,ACS 2021,371330006004
3853,37,133,000700,1,2021,ACS 2021,371330007001
1039,37,133,000700,2,2021,ACS 2021,371330007002
1862,37,133,000700,3,2021,ACS 2021,371330007003
1278,37,133,000800,1,2021,ACS 2021,371330008001
249,37,133,000901,1,2021,ACS 2021,371330009011
732,37,133,000901,2,2021,ACS 2021,371330009012
2554,37,133,000902,1,2021,ACS 2021,371330009021
1448,37,133,000902,2,2021,ACS 2021,371330009022
1963,37,133,000902,3,2021,ACS 2021,371330009023
6047,37,133,001000,1,2021,ACS 2021,371330010001
1185,37,133,001101,1,2021,ACS 2021,371330011011
1725,37,133,001101,2,2021,ACS 2021,371330011012
2106,37,133,001101,3,2021,ACS 2021,371330011013
759,37,133,001102,1,2021,ACS 2021,371330011021
2379,37,133,001102,2,2021,ACS 2021,371330011022
1471,37,133,001102,3,2021,ACS 2021,371330011023
3343,37,133,001201,1,2021,ACS 2021,371330012011
1484,37,133,001202,1,2021,ACS 2021,371330012021
1727,37,133,001202,2,2021,ACS 2021,371330012022
3045,37,133,001202,3,2021,ACS 2021,371330012023
986,37,133,001202,4,2021,ACS 2021,371330012024
4478,37,133,001301,1,2021,ACS 2021,371330013011
3897,37,133,001302,1,2021,ACS 2021,371330013021
1802,37,133,001303,1,2021,ACS 2021,371330013031
5407,37,133,001304,1,2021,ACS 2021,371330013041
1913,37,133,001304,2,2021,ACS 2021,371330013042
702,37,133,001304,3,2021,ACS 2021,371330013043
354,37,133,001304,4,2021,ACS 2021,371330013044
1734,37,133,001400,1,2021,ACS 2021,371330014001
324,37,133,001400,2,2021,ACS 2021,371330014002
1306,37,133,001400,3,2021,ACS 2021,371330014003
762,37,133,001400,4,2021,ACS 2021,371330014004
2051,37,133,001500,1,2021,ACS 2021,371330015001
674,37,133,001500,2,2021,ACS 2021,371330015002
1111,37,133,001700,1,2021,ACS 2021,371330017001
1015,37,133,001700,2,2021,ACS 2021,371330017002
766,37,133,001800,1,2021,ACS 2021,371330018001
1117,37,133,001800,2,2021,ACS 2021,371330018002
1060,37,133,002100,1,2021,ACS 2021,371330021001
1959,37,133,002100,2,2021,ACS 2021,371330021002
2187,37,133,002100,3,2021,ACS 2021,371330021003
662,37,133,002100,4,2021,ACS 2021,371330021004
2204,37,133,002201,1,2021,ACS 2021,371330022011
1956,37,133,002201,2,2021,ACS 2021,371330022012
1830,37,133,002202,1,2021,ACS 2021,371330022021
666,37,133,002202,2,2021,ACS 2021,371330022022
1411,37,133,002202,3,2021,ACS 2021,371330022023
579,37,133,002202,4,2021,ACS 2021,371330022024
1323,37,133,002300,1,2021,ACS 2021,371330023001
1599,37,133,002300,2,2021,ACS 2021,371330023002
2190,37,133,002300,3,2021,ACS 2021,371330023003
2714,37,133,002400,1,2021,ACS 2021,371330024001
691,37,133,002400,2,2021,ACS 2021,371330024002
1874,37,133,002400,3,2021,ACS 2021,371330024003
1240,37,133,002400,4,2021,ACS 2021,371330024004
1160,37,133,002400,5,2021,ACS 2021,371330024005
431,37,133,002500,1,2021,ACS 2021,371330025001
3296,37,133,002500,2,2021,ACS 2021,371330025002
486,37,133,002600,1,2021,ACS 2021,371330026001
845,37,133,002600,2,2021,ACS 2021,371330026002
1040,37,133,002600,3,2021,ACS 2021,371330026003
912,37,133,002600,4,2021,ACS 2021,371330026004
2326,37,133,002801,1,2021,ACS 2021,371330028011
1677,37,133,002802,1,2021,ACS 2021,371330028021
2140,37,133,002803,1,2021,ACS 2021,371330028031
2717,37,133,002803,2,2021,ACS 2021,371330028032
1204,37,133,002803,3,2021,ACS 2021,371330028033
0,37,133,990100,0,2021,ACS 2021,371339901000
646,37,135,010701,1,2021,ACS 2021,371350107011
1525,37,135,010701,2,2021,ACS 2021,371350107012
1384,37,135,010705,1,2021,ACS 2021,371350107051
765,37,135,010705,2,2021,ACS 2021,371350107052
791,37,135,010705,3,2021,ACS 2021,371350107053
1389,37,135,010705,4,2021,ACS 2021,371350107054
1504,37,135,010706,1,2021,ACS 2021,371350107061
891,37,135,010706,2,2021,ACS 2021,371350107062
939,37,135,010706,3,2021,ACS 2021,371350107063
643,37,135,010707,1,2021,ACS 2021,371350107071
1093,37,135,010707,2,2021,ACS 2021,371350107072
1168,37,135,010707,3,2021,ACS 2021,371350107073
1634,37,135,010708,1,2021,ACS 2021,371350107081
1773,37,135,010708,2,2021,ACS 2021,371350107082
1132,37,135,010709,1,2021,ACS 2021,371350107091
589,37,135,010709,2,2021,ACS 2021,371350107092
787,37,135,010710,1,2021,ACS 2021,371350107101
1774,37,135,010710,2,2021,ACS 2021,371350107102
454,37,135,010710,3,2021,ACS 2021,371350107103
613,37,135,010802,1,2021,ACS 2021,371350108021
718,37,135,010802,2,2021,ACS 2021,371350108022
785,37,135,010802,3,2021,ACS 2021,371350108023
1038,37,135,010802,4,2021,ACS 2021,371350108024
1379,37,135,010802,5,2021,ACS 2021,371350108025
1413,37,135,010803,1,2021,ACS 2021,371350108031
1025,37,135,010803,2,2021,ACS 2021,371350108032
990,37,135,010803,3,2021,ACS 2021,371350108033
1201,37,135,010804,1,2021,ACS 2021,371350108041
954,37,135,010804,2,2021,ACS 2021,371350108042
1578,37,135,010902,1,2021,ACS 2021,371350109021
3831,37,135,010902,2,2021,ACS 2021,371350109022
799,37,135,010902,3,2021,ACS 2021,371350109023
432,37,135,010902,4,2021,ACS 2021,371350109024
1037,37,135,010903,1,2021,ACS 2021,371350109031
1726,37,135,010903,2,2021,ACS 2021,371350109032
474,37,135,010904,1,2021,ACS 2021,371350109041
1373,37,135,010904,2,2021,ACS 2021,371350109042
856,37,135,010904,3,2021,ACS 2021,371350109043
958,37,135,010904,4,2021,ACS 2021,371350109044
1353,37,135,011001,1,2021,ACS 2021,371350110011
2161,37,135,011001,2,2021,ACS 2021,371350110012
1505,37,135,011001,3,2021,ACS 2021,371350110013
1817,37,135,011002,1,2021,ACS 2021,371350110021
562,37,135,011002,2,2021,ACS 2021,371350110022
1690,37,135,011002,3,2021,ACS 2021,371350110023
1919,37,135,011103,1,2021,ACS 2021,371350111031
1303,37,135,011103,2,2021,ACS 2021,371350111032
145,37,135,011103,3,2021,ACS 2021,371350111033
662,37,135,011103,4,2021,ACS 2021,371350111034
828,37,135,011104,1,2021,ACS 2021,371350111041
711,37,135,011104,2,2021,ACS 2021,371350111042
2765,37,135,011105,1,2021,ACS 2021,371350111051
540,37,135,011105,2,2021,ACS 2021,371350111052
827,37,135,011106,1,2021,ACS 2021,371350111061
1079,37,135,011106,2,2021,ACS 2021,371350111062
575,37,135,011106,3,2021,ACS 2021,371350111063
652,37,135,011107,1,2021,ACS 2021,371350111071
1896,37,135,011107,2,2021,ACS 2021,371350111072
1133,37,135,011107,3,2021,ACS 2021,371350111073
905,37,135,011107,4,2021,ACS 2021,371350111074
1026,37,135,011204,1,2021,ACS 2021,371350112041
920,37,135,011204,2,2021,ACS 2021,371350112042
528,37,135,011204,3,2021,ACS 2021,371350112043
721,37,135,011204,4,2021,ACS 2021,371350112044
1380,37,135,011206,1,2021,ACS 2021,371350112061
680,37,135,011206,2,2021,ACS 2021,371350112062
1546,37,135,011206,3,2021,ACS 2021,371350112063
536,37,135,011206,4,2021,ACS 2021,371350112064
3672,37,135,011207,1,2021,ACS 2021,371350112071
773,37,135,011207,2,2021,ACS 2021,371350112072
1499,37,135,011208,1,2021,ACS 2021,371350112081
835,37,135,011208,2,2021,ACS 2021,371350112082
1054,37,135,011208,3,2021,ACS 2021,371350112083
1595,37,135,011208,4,2021,ACS 2021,371350112084
457,37,135,011208,5,2021,ACS 2021,371350112085
1240,37,135,011209,1,2021,ACS 2021,371350112091
1554,37,135,011209,2,2021,ACS 2021,371350112092
781,37,135,011209,3,2021,ACS 2021,371350112093
338,37,135,011210,1,2021,ACS 2021,371350112101
1652,37,135,011210,2,2021,ACS 2021,371350112102
1354,37,135,011210,3,2021,ACS 2021,371350112103
1087,37,135,011211,1,2021,ACS 2021,371350112111
977,37,135,011211,2,2021,ACS 2021,371350112112
1206,37,135,011300,1,2021,ACS 2021,371350113001
882,37,135,011300,2,2021,ACS 2021,371350113002
1116,37,135,011300,3,2021,ACS 2021,371350113003
878,37,135,011400,1,2021,ACS 2021,371350114001
879,37,135,011400,2,2021,ACS 2021,371350114002
2083,37,135,011400,3,2021,ACS 2021,371350114003
2112,37,135,011500,1,2021,ACS 2021,371350115001
2348,37,135,011601,1,2021,ACS 2021,371350116011
6937,37,135,011602,1,2021,ACS 2021,371350116021
3294,37,135,011700,1,2021,ACS 2021,371350117001
569,37,135,011700,2,2021,ACS 2021,371350117002
619,37,135,011700,3,2021,ACS 2021,371350117003
1079,37,135,011700,4,2021,ACS 2021,371350117004
1183,37,135,011800,1,2021,ACS 2021,371350118001
769,37,135,011800,2,2021,ACS 2021,371350118002
1177,37,135,011800,3,2021,ACS 2021,371350118003
1559,37,135,011902,1,2021,ACS 2021,371350119021
899,37,135,011902,2,2021,ACS 2021,371350119022
552,37,135,011902,3,2021,ACS 2021,371350119023
1796,37,135,011902,4,2021,ACS 2021,371350119024
809,37,135,011903,1,2021,ACS 2021,371350119031
1022,37,135,011903,2,2021,ACS 2021,371350119032
429,37,135,011904,1,2021,ACS 2021,371350119041
887,37,135,011904,2,2021,ACS 2021,371350119042
1147,37,135,011904,3,2021,ACS 2021,371350119043
1142,37,135,012101,1,2021,ACS 2021,371350121011
485,37,135,012101,2,2021,ACS 2021,371350121012
2117,37,135,012101,3,2021,ACS 2021,371350121013
654,37,135,012102,1,2021,ACS 2021,371350121021
877,37,135,012102,2,2021,ACS 2021,371350121022
1379,37,135,012103,1,2021,ACS 2021,371350121031
1132,37,135,012103,2,2021,ACS 2021,371350121032
902,37,135,012201,1,2021,ACS 2021,371350122011
1447,37,135,012201,2,2021,ACS 2021,371350122012
910,37,135,012201,3,2021,ACS 2021,371350122013
2267,37,135,012202,1,2021,ACS 2021,371350122021
1165,37,135,012202,2,2021,ACS 2021,371350122022
1374,37,135,012202,3,2021,ACS 2021,371350122023
1048,37,137,950101,1,2021,ACS 2021,371379501011
873,37,137,950101,2,2021,ACS 2021,371379501012
1047,37,137,950101,3,2021,ACS 2021,371379501013
1812,37,137,950103,1,2021,ACS 2021,371379501031
840,37,137,950103,2,2021,ACS 2021,371379501032
668,37,137,950104,1,2021,ACS 2021,371379501041
534,37,137,950104,2,2021,ACS 2021,371379501042
883,37,137,950202,1,2021,ACS 2021,371379502021
558,37,137,950202,2,2021,ACS 2021,371379502022
724,37,137,950202,3,2021,ACS 2021,371379502023
200,37,137,950203,1,2021,ACS 2021,371379502031
372,37,137,950203,2,2021,ACS 2021,371379502032
754,37,137,950203,3,2021,ACS 2021,371379502033
403,37,137,950203,4,2021,ACS 2021,371379502034
638,37,137,950204,1,2021,ACS 2021,371379502041
357,37,137,950204,2,2021,ACS 2021,371379502042
582,37,137,950204,3,2021,ACS 2021,371379502043
0,37,137,990100,0,2021,ACS 2021,371379901000
955,37,139,960100,1,2021,ACS 2021,371399601001
464,37,139,960100,2,2021,ACS 2021,371399601002
1156,37,139,960200,1,2021,ACS 2021,371399602001
528,37,139,960200,2,2021,ACS 2021,371399602002
592,37,139,960200,3,2021,ACS 2021,371399602003
2482,37,139,960200,4,2021,ACS 2021,371399602004
769,37,139,960300,1,2021,ACS 2021,371399603001
1987,37,139,960300,2,2021,ACS 2021,371399603002
654,37,139,960400,1,2021,ACS 2021,371399604001
493,37,139,960400,2,2021,ACS 2021,371399604002
914,37,139,960400,3,2021,ACS 2021,371399604003
718,37,139,960400,4,2021,ACS 2021,371399604004
1296,37,139,960400,5,2021,ACS 2021,371399604005
1156,37,139,960501,1,2021,ACS 2021,371399605011
2202,37,139,960501,2,2021,ACS 2021,371399605012
2196,37,139,960502,1,2021,ACS 2021,371399605021
1914,37,139,960502,2,2021,ACS 2021,371399605022
1435,37,139,960502,3,2021,ACS 2021,371399605023
2101,37,139,960503,1,2021,ACS 2021,371399605031
390,37,139,960503,2,2021,ACS 2021,371399605032
1448,37,139,960600,1,2021,ACS 2021,371399606001
975,37,139,960600,2,2021,ACS 2021,371399606002
1395,37,139,960600,3,2021,ACS 2021,371399606003
3111,37,139,960600,4,2021,ACS 2021,371399606004
2366,37,139,960701,1,2021,ACS 2021,371399607011
859,37,139,960701,2,2021,ACS 2021,371399607012
739,37,139,960701,3,2021,ACS 2021,371399607013
1623,37,139,960701,4,2021,ACS 2021,371399607014
0,37,139,960702,0,2021,ACS 2021,371399607020
1568,37,139,960702,1,2021,ACS 2021,371399607021
951,37,139,960702,2,2021,ACS 2021,371399607022
803,37,139,960702,3,2021,ACS 2021,371399607023
668,37,141,920104,1,2021,ACS 2021,371419201041
2765,37,141,920104,2,2021,ACS 2021,371419201042
252,37,141,920104,3,2021,ACS 2021,371419201043
1378,37,141,920105,1,2021,ACS 2021,371419201051
821,37,141,920105,2,2021,ACS 2021,371419201052
1726,37,141,920106,1,2021,ACS 2021,371419201061
3907,37,141,920201,1,2021,ACS 2021,371419202011
2362,37,141,920201,2,2021,ACS 2021,371419202012
1404,37,141,920201,3,2021,ACS 2021,371419202013
2417,37,141,920202,1,2021,ACS 2021,371419202021
4378,37,141,920202,2,2021,ACS 2021,371419202022
2051,37,141,920202,3,2021,ACS 2021,371419202023
2252,37,141,920203,1,2021,ACS 2021,371419202031
2707,37,141,920203,2,2021,ACS 2021,371419202032
755,37,141,920204,1,2021,ACS 2021,371419202041
1547,37,141,920204,2,2021,ACS 2021,371419202042
1725,37,141,920300,1,2021,ACS 2021,371419203001
2146,37,141,920300,2,2021,ACS 2021,371419203002
656,37,141,920300,3,2021,ACS 2021,371419203003
895,37,141,920401,1,2021,ACS 2021,371419204011
1350,37,141,920401,2,2021,ACS 2021,371419204012
938,37,141,920402,1,2021,ACS 2021,371419204021
2345,37,141,920402,2,2021,ACS 2021,371419204022
886,37,141,920403,1,2021,ACS 2021,371419204031
685,37,141,920403,2,2021,ACS 2021,371419204032
1394,37,141,920403,3,2021,ACS 2021,371419204033
2032,37,141,920501,1,2021,ACS 2021,371419205011
1467,37,141,920501,2,2021,ACS 2021,371419205012
1497,37,141,920501,3,2021,ACS 2021,371419205013
1715,37,141,920502,1,2021,ACS 2021,371419205021
3028,37,141,920601,1,2021,ACS 2021,371419206011
2341,37,141,920602,1,2021,ACS 2021,371419206021
2180,37,141,920602,2,2021,ACS 2021,371419206022
1294,37,141,920602,3,2021,ACS 2021,371419206023
0,37,141,990100,0,2021,ACS 2021,371419901000
1058,37,143,920101,1,2021,ACS 2021,371439201011
1838,37,143,920101,2,2021,ACS 2021,371439201012
732,37,143,920101,3,2021,ACS 2021,371439201013
0,37,143,920102,0,2021,ACS 2021,371439201020
537,37,143,920102,1,2021,ACS 2021,371439201021
1526,37,143,920102,2,2021,ACS 2021,371439201022
750,37,143,920102,3,2021,ACS 2021,371439201023
629,37,143,920201,1,2021,ACS 2021,371439202011
880,37,143,920201,2,2021,ACS 2021,371439202012
1070,37,143,920201,3,2021,ACS 2021,371439202013
0,37,143,920202,0,2021,ACS 2021,371439202020
1419,37,143,920202,1,2021,ACS 2021,371439202021
622,37,143,920202,2,2021,ACS 2021,371439202022
1432,37,143,920202,3,2021,ACS 2021,371439202023
509,37,143,920202,4,2021,ACS 2021,371439202024
2287,37,145,920100,1,2021,ACS 2021,371459201001
667,37,145,920100,2,2021,ACS 2021,371459201002
1702,37,145,920100,3,2021,ACS 2021,371459201003
1848,37,145,920100,4,2021,ACS 2021,371459201004
1181,37,145,920200,1,2021,ACS 2021,371459202001
1443,37,145,920200,2,2021,ACS 2021,371459202002
1315,37,145,920200,3,2021,ACS 2021,371459202003
2432,37,145,920200,4,2021,ACS 2021,371459202004
1855,37,145,920300,1,2021,ACS 2021,371459203001
1110,37,145,920300,2,2021,ACS 2021,371459203002
2022,37,145,920300,3,2021,ACS 2021,371459203003
934,37,145,920300,4,2021,ACS 2021,371459203004
901,37,145,920400,1,2021,ACS 2021,371459204001
662,37,145,920400,2,2021,ACS 2021,371459204002
1464,37,145,920400,3,2021,ACS 2021,371459204003
1873,37,145,920500,1,2021,ACS 2021,371459205001
1134,37,145,920500,2,2021,ACS 2021,371459205002
2137,37,145,920500,3,2021,ACS 2021,371459205003
1163,37,145,920500,4,2021,ACS 2021,371459205004
2403,37,145,920601,1,2021,ACS 2021,371459206011
773,37,145,920601,2,2021,ACS 2021,371459206012
686,37,145,920601,3,2021,ACS 2021,371459206013
1731,37,145,920601,4,2021,ACS 2021,371459206014
1619,37,145,920602,1,2021,ACS 2021,371459206021
1907,37,145,920602,2,2021,ACS 2021,371459206022
1750,37,145,920602,3,2021,ACS 2021,371459206023
688,37,147,000101,1,2021,ACS 2021,371470001011
822,37,147,000101,2,2021,ACS 2021,371470001012
898,37,147,000101,3,2021,ACS 2021,371470001013
1517,37,147,000102,1,2021,ACS 2021,371470001021
2024,37,147,000102,2,2021,ACS 2021,371470001022
990,37,147,000201,1,2021,ACS 2021,371470002011
2122,37,147,000201,2,2021,ACS 2021,371470002012
1126,37,147,000201,3,2021,ACS 2021,371470002013
468,37,147,000201,4,2021,ACS 2021,371470002014
809,37,147,000202,1,2021,ACS 2021,371470002021
1247,37,147,000202,2,2021,ACS 2021,371470002022
680,37,147,000202,3,2021,ACS 2021,371470002023
859,37,147,000301,1,2021,ACS 2021,371470003011
1842,37,147,000301,2,2021,ACS 2021,371470003012
1592,37,147,000303,1,2021,ACS 2021,371470003031
1484,37,147,000303,2,2021,ACS 2021,371470003032
1625,37,147,000304,1,2021,ACS 2021,371470003041
1260,37,147,000304,2,2021,ACS 2021,371470003042
1398,37,147,000304,3,2021,ACS 2021,371470003043
2925,37,147,000400,1,2021,ACS 2021,371470004001
2676,37,147,000400,2,2021,ACS 2021,371470004002
1097,37,147,000400,3,2021,ACS 2021,371470004003
391,37,147,000400,4,2021,ACS 2021,371470004004
1638,37,147,000501,1,2021,ACS 2021,371470005011
1565,37,147,000501,2,2021,ACS 2021,371470005012
2010,37,147,000501,3,2021,ACS 2021,371470005013
907,37,147,000501,4,2021,ACS 2021,371470005014
1642,37,147,000503,1,2021,ACS 2021,371470005031
1205,37,147,000503,2,2021,ACS 2021,371470005032
1348,37,147,000503,3,2021,ACS 2021,371470005033
1693,37,147,000504,1,2021,ACS 2021,371470005041
1493,37,147,000504,2,2021,ACS 2021,371470005042
1529,37,147,000602,1,2021,ACS 2021,371470006021
555,37,147,000602,2,2021,ACS 2021,371470006022
913,37,147,000602,3,2021,ACS 2021,371470006023
1262,37,147,000602,4,2021,ACS 2021,371470006024
2744,37,147,000604,1,2021,ACS 2021,371470006041
2385,37,147,000604,2,2021,ACS 2021,371470006042
3399,37,147,000605,1,2021,ACS 2021,371470006051
2128,37,147,000605,2,2021,ACS 2021,371470006052
2198,37,147,000606,1,2021,ACS 2021,371470006061
1145,37,147,000606,2,2021,ACS 2021,371470006062
1031,37,147,000607,1,2021,ACS 2021,371470006071
1862,37,147,000607,2,2021,ACS 2021,371470006072
2886,37,147,000607,3,2021,ACS 2021,371470006073
989,37,147,000607,4,2021,ACS 2021,371470006074
1740,37,147,000701,1,2021,ACS 2021,371470007011
353,37,147,000701,2,2021,ACS 2021,371470007012
830,37,147,000701,3,2021,ACS 2021,371470007013
340,37,147,000701,4,2021,ACS 2021,371470007014
683,37,147,000702,1,2021,ACS 2021,371470007021
987,37,147,000702,2,2021,ACS 2021,371470007022
966,37,147,000702,3,2021,ACS 2021,371470007023
1579,37,147,000800,1,2021,ACS 2021,371470008001
637,37,147,000800,2,2021,ACS 2021,371470008002
713,37,147,000800,3,2021,ACS 2021,371470008003
1553,37,147,000901,1,2021,ACS 2021,371470009011
1156,37,147,000901,2,2021,ACS 2021,371470009012
1714,37,147,000901,3,2021,ACS 2021,371470009013
949,37,147,000902,1,2021,ACS 2021,371470009021
2331,37,147,000902,2,2021,ACS 2021,371470009022
2493,37,147,001001,1,2021,ACS 2021,371470010011
1886,37,147,001002,1,2021,ACS 2021,371470010021
1507,37,147,001002,2,2021,ACS 2021,371470010022
1618,37,147,001002,3,2021,ACS 2021,371470010023
1256,37,147,001002,4,2021,ACS 2021,371470010024
1462,37,147,001003,1,2021,ACS 2021,371470010031
2120,37,147,001003,2,2021,ACS 2021,371470010032
1739,37,147,001003,3,2021,ACS 2021,371470010033
1901,37,147,001100,1,2021,ACS 2021,371470011001
2201,37,147,001100,2,2021,ACS 2021,371470011002
962,37,147,001100,3,2021,ACS 2021,371470011003
673,37,147,001200,1,2021,ACS 2021,371470012001
473,37,147,001200,2,2021,ACS 2021,371470012002
1690,37,147,001200,3,2021,ACS 2021,371470012003
3171,37,147,001200,4,2021,ACS 2021,371470012004
908,37,147,001301,1,2021,ACS 2021,371470013011
1862,37,147,001301,2,2021,ACS 2021,371470013012
1112,37,147,001301,3,2021,ACS 2021,371470013013
2757,37,147,001302,1,2021,ACS 2021,371470013021
1321,37,147,001302,2,2021,ACS 2021,371470013022
1710,37,147,001302,3,2021,ACS 2021,371470013023
1087,37,147,001304,1,2021,ACS 2021,371470013041
2599,37,147,001304,2,2021,ACS 2021,371470013042
1301,37,147,001305,1,2021,ACS 2021,371470013051
1248,37,147,001305,2,2021,ACS 2021,371470013052
1279,37,147,001305,3,2021,ACS 2021,371470013053
774,37,147,001402,1,2021,ACS 2021,371470014021
763,37,147,001402,2,2021,ACS 2021,371470014022
852,37,147,001402,3,2021,ACS 2021,371470014023
1045,37,147,001403,1,2021,ACS 2021,371470014031
770,37,147,001403,2,2021,ACS 2021,371470014032
877,37,147,001403,3,2021,ACS 2021,371470014033
950,37,147,001404,1,2021,ACS 2021,371470014041
915,37,147,001404,2,2021,ACS 2021,371470014042
1344,37,147,001500,1,2021,ACS 2021,371470015001
799,37,147,001500,2,2021,ACS 2021,371470015002
1083,37,147,001500,3,2021,ACS 2021,371470015003
2286,37,147,001601,1,2021,ACS 2021,371470016011
2387,37,147,001601,2,2021,ACS 2021,371470016012
746,37,147,001602,1,2021,ACS 2021,371470016021
2375,37,147,001602,2,2021,ACS 2021,371470016022
1599,37,147,001602,3,2021,ACS 2021,371470016023
1305,37,147,001700,1,2021,ACS 2021,371470017001
1010,37,147,001700,2,2021,ACS 2021,371470017002
1834,37,147,001700,3,2021,ACS 2021,371470017003
1229,37,147,001800,1,2021,ACS 2021,371470018001
970,37,147,001800,2,2021,ACS 2021,371470018002
1126,37,147,001800,3,2021,ACS 2021,371470018003
635,37,147,001800,4,2021,ACS 2021,371470018004
2031,37,147,001800,5,2021,ACS 2021,371470018005
823,37,147,001900,1,2021,ACS 2021,371470019001
783,37,147,001900,2,2021,ACS 2021,371470019002
985,37,147,001900,3,2021,ACS 2021,371470019003
449,37,147,002002,1,2021,ACS 2021,371470020021
840,37,147,002002,2,2021,ACS 2021,371470020022
779,37,147,002002,3,2021,ACS 2021,371470020023
1552,37,147,002002,4,2021,ACS 2021,371470020024
1435,37,147,002002,5,2021,ACS 2021,371470020025
1391,37,147,002003,1,2021,ACS 2021,371470020031
648,37,147,002003,2,2021,ACS 2021,371470020032
1975,37,147,002003,3,2021,ACS 2021,371470020033
1301,37,147,002004,1,2021,ACS 2021,371470020041
1435,37,149,920101,1,2021,ACS 2021,371499201011
1667,37,149,920101,2,2021,ACS 2021,371499201012
712,37,149,920103,1,2021,ACS 2021,371499201031
2210,37,149,920103,2,2021,ACS 2021,371499201032
1354,37,149,920104,1,2021,ACS 2021,371499201041
1858,37,149,920104,2,2021,ACS 2021,371499201042
797,37,149,920201,1,2021,ACS 2021,371499202011
869,37,149,920201,2,2021,ACS 2021,371499202012
1016,37,149,920201,3,2021,ACS 2021,371499202013
591,37,149,920202,1,2021,ACS 2021,371499202021
940,37,149,920202,2,2021,ACS 2021,371499202022
1013,37,149,920301,1,2021,ACS 2021,371499203011
1710,37,149,920303,1,2021,ACS 2021,371499203031
673,37,149,920303,2,2021,ACS 2021,371499203032
819,37,149,920304,1,2021,ACS 2021,371499203041
747,37,149,920304,2,2021,ACS 2021,371499203042
415,37,149,920304,3,2021,ACS 2021,371499203043
587,37,149,920304,4,2021,ACS 2021,371499203044
1323,37,151,030100,1,2021,ACS 2021,371510301001
1881,37,151,030100,2,2021,ACS 2021,371510301002
955,37,151,030100,3,2021,ACS 2021,371510301003
546,37,151,030201,1,2021,ACS 2021,371510302011
1157,37,151,030201,2,2021,ACS 2021,371510302012
1447,37,151,030201,3,2021,ACS 2021,371510302013
1143,37,151,030202,1,2021,ACS 2021,371510302021
1000,37,151,030202,2,2021,ACS 2021,371510302022
2293,37,151,030202,3,2021,ACS 2021,371510302023
816,37,151,030301,1,2021,ACS 2021,371510303011
484,37,151,030301,2,2021,ACS 2021,371510303012
2283,37,151,030301,3,2021,ACS 2021,371510303013
1106,37,151,030301,4,2021,ACS 2021,371510303014
1491,37,151,030301,5,2021,ACS 2021,371510303015
1302,37,151,030302,1,2021,ACS 2021,371510303021
1992,37,151,030302,2,2021,ACS 2021,371510303022
1200,37,151,030400,1,2021,ACS 2021,371510304001
1311,37,151,030400,2,2021,ACS 2021,371510304002
3147,37,151,030400,3,2021,ACS 2021,371510304003
1203,37,151,030502,1,2021,ACS 2021,371510305021
531,37,151,030502,2,2021,ACS 2021,371510305022
1499,37,151,030502,3,2021,ACS 2021,371510305023
1960,37,151,030502,4,2021,ACS 2021,371510305024
1585,37,151,030503,1,2021,ACS 2021,371510305031
971,37,151,030503,2,2021,ACS 2021,371510305032
1265,37,151,030503,3,2021,ACS 2021,371510305033
1072,37,151,030503,4,2021,ACS 2021,371510305034
2011,37,151,030504,1,2021,ACS 2021,371510305041
1465,37,151,030504,2,2021,ACS 2021,371510305042
814,37,151,030504,3,2021,ACS 2021,371510305043
1255,37,151,030504,4,2021,ACS 2021,371510305044
965,37,151,030600,1,2021,ACS 2021,371510306001
904,37,151,030600,2,2021,ACS 2021,371510306002
1891,37,151,030600,3,2021,ACS 2021,371510306003
1223,37,151,030600,4,2021,ACS 2021,371510306004
2256,37,151,030600,5,2021,ACS 2021,371510306005
1578,37,151,030700,1,2021,ACS 2021,371510307001
906,37,151,030700,2,2021,ACS 2021,371510307002
1957,37,151,030700,3,2021,ACS 2021,371510307003
1909,37,151,030700,4,2021,ACS 2021,371510307004
1514,37,151,030803,1,2021,ACS 2021,371510308031
1822,37,151,030803,2,2021,ACS 2021,371510308032
1762,37,151,030804,1,2021,ACS 2021,371510308041
778,37,151,030804,2,2021,ACS 2021,371510308042
1212,37,151,030805,1,2021,ACS 2021,371510308051
1661,37,151,030805,2,2021,ACS 2021,371510308052
1287,37,151,030805,3,2021,ACS 2021,371510308053
2357,37,151,030806,1,2021,ACS 2021,371510308061
518,37,151,030806,2,2021,ACS 2021,371510308062
1916,37,151,030900,1,2021,ACS 2021,371510309001
1215,37,151,030900,2,2021,ACS 2021,371510309002
768,37,151,030900,3,2021,ACS 2021,371510309003
1385,37,151,031001,1,2021,ACS 2021,371510310011
1871,37,151,031001,2,2021,ACS 2021,371510310012
1103,37,151,031002,1,2021,ACS 2021,371510310021
1633,37,151,031002,2,2021,ACS 2021,371510310022
1356,37,151,031002,3,2021,ACS 2021,371510310023
1067,37,151,031101,1,2021,ACS 2021,371510311011
1004,37,151,031101,2,2021,ACS 2021,371510311012
1183,37,151,031101,3,2021,ACS 2021,371510311013
1169,37,151,031102,1,2021,ACS 2021,371510311021
1759,37,151,031102,2,2021,ACS 2021,371510311022
1551,37,151,031200,1,2021,ACS 2021,371510312001
698,37,151,031200,2,2021,ACS 2021,371510312002
1255,37,151,031200,3,2021,ACS 2021,371510312003
1724,37,151,031200,4,2021,ACS 2021,371510312004
2423,37,151,031303,1,2021,ACS 2021,371510313031
1826,37,151,031303,2,2021,ACS 2021,371510313032
1757,37,151,031304,1,2021,ACS 2021,371510313041
1999,37,151,031304,2,2021,ACS 2021,371510313042
904,37,151,031304,3,2021,ACS 2021,371510313043
1752,37,151,031305,1,2021,ACS 2021,371510313051
1611,37,151,031305,2,2021,ACS 2021,371510313052
893,37,151,031305,3,2021,ACS 2021,371510313053
1421,37,151,031307,1,2021,ACS 2021,371510313071
2157,37,151,031307,2,2021,ACS 2021,371510313072
625,37,151,031307,3,2021,ACS 2021,371510313073
1568,37,151,031308,1,2021,ACS 2021,371510313081
760,37,151,031308,2,2021,ACS 2021,371510313082
1159,37,151,031401,1,2021,ACS 2021,371510314011
2305,37,151,031401,2,2021,ACS 2021,371510314012
1809,37,151,031401,3,2021,ACS 2021,371510314013
1867,37,151,031402,1,2021,ACS 2021,371510314021
1529,37,151,031402,2,2021,ACS 2021,371510314022
540,37,151,031501,1,2021,ACS 2021,371510315011
1454,37,151,031501,2,2021,ACS 2021,371510315012
829,37,151,031501,3,2021,ACS 2021,371510315013
2894,37,151,031501,4,2021,ACS 2021,371510315014
2905,37,151,031503,1,2021,ACS 2021,371510315031
529,37,151,031504,1,2021,ACS 2021,371510315041
3148,37,151,031504,2,2021,ACS 2021,371510315042
2126,37,151,031504,3,2021,ACS 2021,371510315043
1090,37,151,031505,1,2021,ACS 2021,371510315051
1987,37,151,031505,2,2021,ACS 2021,371510315052
634,37,151,031505,3,2021,ACS 2021,371510315053
1355,37,151,031601,1,2021,ACS 2021,371510316011
1164,37,151,031601,2,2021,ACS 2021,371510316012
1872,37,151,031601,3,2021,ACS 2021,371510316013
1178,37,151,031602,1,2021,ACS 2021,371510316021
542,37,153,970100,1,2021,ACS 2021,371539701001
2195,37,153,970100,2,2021,ACS 2021,371539701002
1037,37,153,970100,3,2021,ACS 2021,371539701003
2174,37,153,970200,1,2021,ACS 2021,371539702001
910,37,153,970200,2,2021,ACS 2021,371539702002
1255,37,153,970200,3,2021,ACS 2021,371539702003
1329,37,153,970300,1,2021,ACS 2021,371539703001
710,37,153,970300,2,2021,ACS 2021,371539703002
757,37,153,970300,3,2021,ACS 2021,371539703003
1018,37,153,970300,4,2021,ACS 2021,371539703004
313,37,153,970300,5,2021,ACS 2021,371539703005
1057,37,153,970400,1,2021,ACS 2021,371539704001
625,37,153,970400,2,2021,ACS 2021,371539704002
773,37,153,970400,3,2021,ACS 2021,371539704003
1696,37,153,970400,4,2021,ACS 2021,371539704004
855,37,153,970500,1,2021,ACS 2021,371539705001
885,37,153,970500,2,2021,ACS 2021,371539705002
1159,37,153,970500,3,2021,ACS 2021,371539705003
1680,37,153,970600,1,2021,ACS 2021,371539706001
563,37,153,970600,2,2021,ACS 2021,371539706002
705,37,153,970600,3,2021,ACS 2021,371539706003
1256,37,153,970600,4,2021,ACS 2021,371539706004
994,37,153,970700,1,2021,ACS 2021,371539707001
1058,37,153,970700,2,2021,ACS 2021,371539707002
444,37,153,970700,3,2021,ACS 2021,371539707003
828,37,153,970700,4,2021,ACS 2021,371539707004
701,37,153,970800,1,2021,ACS 2021,371539708001
390,37,153,970800,2,2021,ACS 2021,371539708002
601,37,153,970800,3,2021,ACS 2021,371539708003
1278,37,153,970800,4,2021,ACS 2021,371539708004
1084,37,153,970800,5,2021,ACS 2021,371539708005
1022,37,153,970900,1,2021,ACS 2021,371539709001
1116,37,153,970900,2,2021,ACS 2021,371539709002
1164,37,153,970900,3,2021,ACS 2021,371539709003
1040,37,153,970900,4,2021,ACS 2021,371539709004
495,37,153,970900,5,2021,ACS 2021,371539709005
1329,37,153,971000,1,2021,ACS 2021,371539710001
1546,37,153,971000,2,2021,ACS 2021,371539710002
1177,37,153,971000,3,2021,ACS 2021,371539710003
1220,37,153,971100,1,2021,ACS 2021,371539711001
656,37,153,971100,2,2021,ACS 2021,371539711002
1664,37,153,971100,3,2021,ACS 2021,371539711003
502,37,155,960101,1,2021,ACS 2021,371559601011
1487,37,155,960101,2,2021,ACS 2021,371559601012
1434,37,155,960101,3,2021,ACS 2021,371559601013
1105,37,155,960102,1,2021,ACS 2021,371559601021
1019,37,155,960102,2,2021,ACS 2021,371559601022
1385,37,155,960102,3,2021,ACS 2021,371559601023
890,37,155,960102,4,2021,ACS 2021,371559601024
1772,37,155,960202,1,2021,ACS 2021,371559602021
891,37,155,960202,2,2021,ACS 2021,371559602022
1159,37,155,960202,3,2021,ACS 2021,371559602023
1064,37,155,960203,1,2021,ACS 2021,371559602031
1003,37,155,960203,2,2021,ACS 2021,371559602032
494,37,155,960203,3,2021,ACS 2021,371559602033
848,37,155,960204,1,2021,ACS 2021,371559602041
765,37,155,960204,2,2021,ACS 2021,371559602042
1052,37,155,960301,1,2021,ACS 2021,371559603011
1395,37,155,960301,2,2021,ACS 2021,371559603012
765,37,155,960301,3,2021,ACS 2021,371559603013
1132,37,155,960302,1,2021,ACS 2021,371559603021
1286,37,155,960302,2,2021,ACS 2021,371559603022
1536,37,155,960402,1,2021,ACS 2021,371559604021
2354,37,155,960402,2,2021,ACS 2021,371559604022
1965,37,155,960403,1,2021,ACS 2021,371559604031
802,37,155,960403,2,2021,ACS 2021,371559604032
1995,37,155,960404,1,2021,ACS 2021,371559604041
1444,37,155,960404,2,2021,ACS 2021,371559604042
1626,37,155,960501,1,2021,ACS 2021,371559605011
1338,37,155,960501,2,2021,ACS 2021,371559605012
1331,37,155,960502,1,2021,ACS 2021,371559605021
1937,37,155,960502,2,2021,ACS 2021,371559605022
1416,37,155,960502,3,2021,ACS 2021,371559605023
1623,37,155,960503,1,2021,ACS 2021,371559605031
2075,37,155,960601,1,2021,ACS 2021,371559606011
1347,37,155,960601,2,2021,ACS 2021,371559606012
837,37,155,960601,3,2021,ACS 2021,371559606013
1027,37,155,960602,1,2021,ACS 2021,371559606021
727,37,155,960602,2,2021,ACS 2021,371559606022
1444,37,155,960701,1,2021,ACS 2021,371559607011
2147,37,155,960701,2,2021,ACS 2021,371559607012
2218,37,155,960701,3,2021,ACS 2021,371559607013
744,37,155,960702,1,2021,ACS 2021,371559607021
2072,37,155,960702,2,2021,ACS 2021,371559607022
1364,37,155,960801,1,2021,ACS 2021,371559608011
579,37,155,960801,2,2021,ACS 2021,371559608012
601,37,155,960801,3,2021,ACS 2021,371559608013
394,37,155,960801,4,2021,ACS 2021,371559608014
1077,37,155,960802,1,2021,ACS 2021,371559608021
663,37,155,960900,1,2021,ACS 2021,371559609001
1333,37,155,960900,2,2021,ACS 2021,371559609002
573,37,155,961000,1,2021,ACS 2021,371559610001
987,37,155,961000,2,2021,ACS 2021,371559610002
366,37,155,961000,3,2021,ACS 2021,371559610003
704,37,155,961100,1,2021,ACS 2021,371559611001
1481,37,155,961100,2,2021,ACS 2021,371559611002
883,37,155,961200,1,2021,ACS 2021,371559612001
1371,37,155,961200,2,2021,ACS 2021,371559612002
707,37,155,961200,3,2021,ACS 2021,371559612003
1022,37,155,961301,1,2021,ACS 2021,371559613011
1959,37,155,961301,2,2021,ACS 2021,371559613012
1142,37,155,961301,3,2021,ACS 2021,371559613013
1238,37,155,961302,1,2021,ACS 2021,371559613021
1864,37,155,961302,2,2021,ACS 2021,371559613022
551,37,155,961302,3,2021,ACS 2021,371559613023
859,37,155,961302,4,2021,ACS 2021,371559613024
658,37,155,961302,5,2021,ACS 2021,371559613025
2109,37,155,961400,1,2021,ACS 2021,371559614001
1297,37,155,961400,2,2021,ACS 2021,371559614002
1292,37,155,961500,1,2021,ACS 2021,371559615001
1199,37,155,961500,2,2021,ACS 2021,371559615002
1673,37,155,961500,3,2021,ACS 2021,371559615003
810,37,155,961500,4,2021,ACS 2021,371559615004
1549,37,155,961601,1,2021,ACS 2021,371559616011
574,37,155,961601,2,2021,ACS 2021,371559616012
2091,37,155,961601,3,2021,ACS 2021,371559616013
1763,37,155,961602,1,2021,ACS 2021,371559616021
930,37,155,961602,2,2021,ACS 2021,371559616022
484,37,155,961602,3,2021,ACS 2021,371559616023
1293,37,155,961700,1,2021,ACS 2021,371559617001
1255,37,155,961700,2,2021,ACS 2021,371559617002
1278,37,155,961700,3,2021,ACS 2021,371559617003
836,37,155,961700,4,2021,ACS 2021,371559617004
1591,37,155,961801,1,2021,ACS 2021,371559618011
1498,37,155,961801,2,2021,ACS 2021,371559618012
1558,37,155,961801,3,2021,ACS 2021,371559618013
2217,37,155,961802,1,2021,ACS 2021,371559618021
1181,37,155,961802,2,2021,ACS 2021,371559618022
1025,37,155,961802,3,2021,ACS 2021,371559618023
877,37,155,961802,4,2021,ACS 2021,371559618024
782,37,155,961900,1,2021,ACS 2021,371559619001
1491,37,155,961900,2,2021,ACS 2021,371559619002
1048,37,155,961900,3,2021,ACS 2021,371559619003
487,37,155,961900,4,2021,ACS 2021,371559619004
690,37,155,961900,5,2021,ACS 2021,371559619005
1245,37,155,962001,1,2021,ACS 2021,371559620011
806,37,155,962001,2,2021,ACS 2021,371559620012
293,37,155,962001,3,2021,ACS 2021,371559620013
755,37,155,962001,4,2021,ACS 2021,371559620014
964,37,155,962002,1,2021,ACS 2021,371559620021
2066,37,155,962002,2,2021,ACS 2021,371559620022
929,37,157,040101,1,2021,ACS 2021,371570401011
1609,37,157,040101,2,2021,ACS 2021,371570401012
1572,37,157,040101,3,2021,ACS 2021,371570401013
475,37,157,040102,1,2021,ACS 2021,371570401021
1118,37,157,040102,2,2021,ACS 2021,371570401022
594,37,157,040102,3,2021,ACS 2021,371570401023
1152,37,157,040200,1,2021,ACS 2021,371570402001
1536,37,157,040200,2,2021,ACS 2021,371570402002
1128,37,157,040200,3,2021,ACS 2021,371570402003
1412,37,157,040300,1,2021,ACS 2021,371570403001
1038,37,157,040300,2,2021,ACS 2021,371570403002
1229,37,157,040300,3,2021,ACS 2021,371570403003
1637,37,157,040400,1,2021,ACS 2021,371570404001
1169,37,157,040400,2,2021,ACS 2021,371570404002
1850,37,157,040400,3,2021,ACS 2021,371570404003
1756,37,157,040400,4,2021,ACS 2021,371570404004
1796,37,157,040501,1,2021,ACS 2021,371570405011
854,37,157,040501,2,2021,ACS 2021,371570405012
827,37,157,040501,3,2021,ACS 2021,371570405013
1195,37,157,040502,1,2021,ACS 2021,371570405021
935,37,157,040502,2,2021,ACS 2021,371570405022
890,37,157,040502,3,2021,ACS 2021,371570405023
1310,37,157,040601,1,2021,ACS 2021,371570406011
1148,37,157,040601,2,2021,ACS 2021,371570406012
1552,37,157,040601,3,2021,ACS 2021,371570406013
1704,37,157,040602,1,2021,ACS 2021,371570406021
1801,37,157,040602,2,2021,ACS 2021,371570406022
876,37,157,040602,3,2021,ACS 2021,371570406023
1473,37,157,040700,1,2021,ACS 2021,371570407001
910,37,157,040700,2,2021,ACS 2021,371570407002
1223,37,157,040700,3,2021,ACS 2021,371570407003
628,37,157,040700,4,2021,ACS 2021,371570407004
1610,37,157,040800,1,2021,ACS 2021,371570408001
413,37,157,040900,1,2021,ACS 2021,371570409001
963,37,157,040900,2,2021,ACS 2021,371570409002
1070,37,157,040900,3,2021,ACS 2021,371570409003
1468,37,157,041001,1,2021,ACS 2021,371570410011
1092,37,157,041001,2,2021,ACS 2021,371570410012
1372,37,157,041001,3,2021,ACS 2021,371570410013
2281,37,157,041001,4,2021,ACS 2021,371570410014
581,37,157,041001,5,2021,ACS 2021,371570410015
1717,37,157,041002,1,2021,ACS 2021,371570410021
2177,37,157,041002,2,2021,ACS 2021,371570410022
1623,37,157,041002,3,2021,ACS 2021,371570410023
544,37,157,041100,1,2021,ACS 2021,371570411001
1395,37,157,041100,2,2021,ACS 2021,371570411002
1040,37,157,041100,3,2021,ACS 2021,371570411003
691,37,157,041100,4,2021,ACS 2021,371570411004
1387,37,157,041100,5,2021,ACS 2021,371570411005
1313,37,157,041100,6,2021,ACS 2021,371570411006
1309,37,157,041200,1,2021,ACS 2021,371570412001
1794,37,157,041200,2,2021,ACS 2021,371570412002
589,37,157,041200,3,2021,ACS 2021,371570412003
842,37,157,041200,4,2021,ACS 2021,371570412004
1650,37,157,041300,1,2021,ACS 2021,371570413001
1221,37,157,041300,2,2021,ACS 2021,371570413002
1706,37,157,041300,3,2021,ACS 2021,371570413003
849,37,157,041300,4,2021,ACS 2021,371570413004
393,37,157,041400,1,2021,ACS 2021,371570414001
1180,37,157,041400,2,2021,ACS 2021,371570414002
1515,37,157,041400,3,2021,ACS 2021,371570414003
1600,37,157,041501,1,2021,ACS 2021,371570415011
2867,37,157,041502,1,2021,ACS 2021,371570415021
1840,37,157,041502,2,2021,ACS 2021,371570415022
1442,37,157,041502,3,2021,ACS 2021,371570415023
1664,37,157,041601,1,2021,ACS 2021,371570416011
2006,37,157,041601,2,2021,ACS 2021,371570416012
1748,37,157,041602,1,2021,ACS 2021,371570416021
897,37,157,041602,2,2021,ACS 2021,371570416022
1728,37,157,041602,3,2021,ACS 2021,371570416023
1592,37,159,050201,1,2021,ACS 2021,371590502011
934,37,159,050201,2,2021,ACS 2021,371590502012
1816,37,159,050201,3,2021,ACS 2021,371590502013
1308,37,159,050202,1,2021,ACS 2021,371590502021
1072,37,159,050202,2,2021,ACS 2021,371590502022
3261,37,159,050202,3,2021,ACS 2021,371590502023
549,37,159,050300,1,2021,ACS 2021,371590503001
1975,37,159,050300,2,2021,ACS 2021,371590503002
1461,37,159,050300,3,2021,ACS 2021,371590503003
1479,37,159,050400,1,2021,ACS 2021,371590504001
1637,37,159,050400,2,2021,ACS 2021,371590504002
1694,37,159,050500,1,2021,ACS 2021,371590505001
383,37,159,050500,2,2021,ACS 2021,371590505002
1746,37,159,050500,3,2021,ACS 2021,371590505003
1196,37,159,050700,1,2021,ACS 2021,371590507001
783,37,159,050700,2,2021,ACS 2021,371590507002
586,37,159,050700,3,2021,ACS 2021,371590507003
971,37,159,050700,4,2021,ACS 2021,371590507004
413,37,159,050800,1,2021,ACS 2021,371590508001
699,37,159,050800,2,2021,ACS 2021,371590508002
592,37,159,050800,3,2021,ACS 2021,371590508003
641,37,159,050800,4,2021,ACS 2021,371590508004
2426,37,159,050901,1,2021,ACS 2021,371590509011
1719,37,159,050901,2,2021,ACS 2021,371590509012
724,37,159,050901,3,2021,ACS 2021,371590509013
2187,37,159,050903,1,2021,ACS 2021,371590509031
1538,37,159,050903,2,2021,ACS 2021,371590509032
2449,37,159,050903,3,2021,ACS 2021,371590509033
1109,37,159,050904,1,2021,ACS 2021,371590509041
1091,37,159,050904,2,2021,ACS 2021,371590509042
877,37,159,050904,3,2021,ACS 2021,371590509043
2441,37,159,051001,1,2021,ACS 2021,371590510011
2331,37,159,051001,2,2021,ACS 2021,371590510012
1092,37,159,051001,3,2021,ACS 2021,371590510013
1504,37,159,051001,4,2021,ACS 2021,371590510014
1957,37,159,051002,1,2021,ACS 2021,371590510021
2192,37,159,051002,2,2021,ACS 2021,371590510022
1600,37,159,051002,3,2021,ACS 2021,371590510023
1283,37,159,051002,4,2021,ACS 2021,371590510024
2696,37,159,051101,1,2021,ACS 2021,371590511011
1152,37,159,051101,2,2021,ACS 2021,371590511012
1554,37,159,051101,3,2021,ACS 2021,371590511013
1336,37,159,051101,4,2021,ACS 2021,371590511014
824,37,159,051102,1,2021,ACS 2021,371590511021
1903,37,159,051102,2,2021,ACS 2021,371590511022
1352,37,159,051201,1,2021,ACS 2021,371590512011
2210,37,159,051201,2,2021,ACS 2021,371590512012
831,37,159,051201,3,2021,ACS 2021,371590512013
2049,37,159,051201,4,2021,ACS 2021,371590512014
1650,37,159,051202,1,2021,ACS 2021,371590512021
2127,37,159,051202,2,2021,ACS 2021,371590512022
1935,37,159,051204,1,2021,ACS 2021,371590512041
1730,37,159,051204,2,2021,ACS 2021,371590512042
948,37,159,051204,3,2021,ACS 2021,371590512043
1078,37,159,051301,1,2021,ACS 2021,371590513011
805,37,159,051301,2,2021,ACS 2021,371590513012
1453,37,159,051302,1,2021,ACS 2021,371590513021
1864,37,159,051302,2,2021,ACS 2021,371590513022
1444,37,159,051302,3,2021,ACS 2021,371590513023
688,37,159,051303,1,2021,ACS 2021,371590513031
1489,37,159,051303,2,2021,ACS 2021,371590513032
585,37,159,051303,3,2021,ACS 2021,371590513033
2253,37,159,051303,4,2021,ACS 2021,371590513034
763,37,159,051303,5,2021,ACS 2021,371590513035
2057,37,159,051400,1,2021,ACS 2021,371590514001
1898,37,159,051400,2,2021,ACS 2021,371590514002
1880,37,159,051400,3,2021,ACS 2021,371590514003
1982,37,159,051400,4,2021,ACS 2021,371590514004
2549,37,159,051501,1,2021,ACS 2021,371590515011
1165,37,159,051501,2,2021,ACS 2021,371590515012
561,37,159,051501,3,2021,ACS 2021,371590515013
1878,37,159,051502,1,2021,ACS 2021,371590515021
1918,37,159,051502,2,2021,ACS 2021,371590515022
2493,37,159,051600,1,2021,ACS 2021,371590516001
487,37,159,051600,2,2021,ACS 2021,371590516002
679,37,159,051600,3,2021,ACS 2021,371590516003
692,37,159,051600,4,2021,ACS 2021,371590516004
2309,37,159,051600,5,2021,ACS 2021,371590516005
1368,37,159,051700,1,2021,ACS 2021,371590517001
1308,37,159,051700,2,2021,ACS 2021,371590517002
1339,37,159,051700,3,2021,ACS 2021,371590517003
1517,37,159,051700,4,2021,ACS 2021,371590517004
2571,37,159,051700,5,2021,ACS 2021,371590517005
2018,37,159,051801,1,2021,ACS 2021,371590518011
534,37,159,051801,2,2021,ACS 2021,371590518012
2013,37,159,051801,3,2021,ACS 2021,371590518013
2590,37,159,051802,1,2021,ACS 2021,371590518021
2085,37,159,051802,2,2021,ACS 2021,371590518022
2351,37,159,051901,1,2021,ACS 2021,371590519011
2693,37,159,051901,2,2021,ACS 2021,371590519012
1911,37,159,051903,1,2021,ACS 2021,371590519031
842,37,159,051903,2,2021,ACS 2021,371590519032
1993,37,159,051904,1,2021,ACS 2021,371590519041
1480,37,159,051904,2,2021,ACS 2021,371590519042
903,37,159,052000,1,2021,ACS 2021,371590520001
1693,37,159,052000,2,2021,ACS 2021,371590520002
1275,37,161,960101,1,2021,ACS 2021,371619601011
1567,37,161,960102,1,2021,ACS 2021,371619601021
821,37,161,960102,2,2021,ACS 2021,371619601022
869,37,161,960103,1,2021,ACS 2021,371619601031
1494,37,161,960103,2,2021,ACS 2021,371619601032
1823,37,161,960201,1,2021,ACS 2021,371619602011
1245,37,161,960201,2,2021,ACS 2021,371619602012
1030,37,161,960201,3,2021,ACS 2021,371619602013
483,37,161,960202,1,2021,ACS 2021,371619602021
856,37,161,960202,2,2021,ACS 2021,371619602022
1110,37,161,960203,1,2021,ACS 2021,371619602031
627,37,161,960301,1,2021,ACS 2021,371619603011
806,37,161,960301,2,2021,ACS 2021,371619603012
627,37,161,960302,1,2021,ACS 2021,371619603021
753,37,161,960302,2,2021,ACS 2021,371619603022
512,37,161,960400,1,2021,ACS 2021,371619604001
757,37,161,960400,2,2021,ACS 2021,371619604002
1038,37,161,960400,3,2021,ACS 2021,371619604003
1093,37,161,960400,4,2021,ACS 2021,371619604004
1977,37,161,960501,1,2021,ACS 2021,371619605011
884,37,161,960501,2,2021,ACS 2021,371619605012
1455,37,161,960502,1,2021,ACS 2021,371619605021
828,37,161,960502,2,2021,ACS 2021,371619605022
804,37,161,960502,3,2021,ACS 2021,371619605023
601,37,161,960503,1,2021,ACS 2021,371619605031
793,37,161,960503,2,2021,ACS 2021,371619605032
1615,37,161,960600,1,2021,ACS 2021,371619606001
1597,37,161,960600,2,2021,ACS 2021,371619606002
1033,37,161,960600,3,2021,ACS 2021,371619606003
634,37,161,960700,1,2021,ACS 2021,371619607001
783,37,161,960700,2,2021,ACS 2021,371619607002
1076,37,161,960700,3,2021,ACS 2021,371619607003
1398,37,161,960700,4,2021,ACS 2021,371619607004
860,37,161,960800,1,2021,ACS 2021,371619608001
1137,37,161,960800,2,2021,ACS 2021,371619608002
617,37,161,960800,3,2021,ACS 2021,371619608003
788,37,161,960800,4,2021,ACS 2021,371619608004
1178,37,161,960800,5,2021,ACS 2021,371619608005
1671,37,161,960900,1,2021,ACS 2021,371619609001
1257,37,161,960900,2,2021,ACS 2021,371619609002
1565,37,161,960900,3,2021,ACS 2021,371619609003
1117,37,161,960900,4,2021,ACS 2021,371619609004
1582,37,161,961001,1,2021,ACS 2021,371619610011
946,37,161,961001,2,2021,ACS 2021,371619610012
821,37,161,961001,3,2021,ACS 2021,371619610013
520,37,161,961002,1,2021,ACS 2021,371619610021
779,37,161,961002,2,2021,ACS 2021,371619610022
1886,37,161,961002,3,2021,ACS 2021,371619610023
2411,37,161,961102,1,2021,ACS 2021,371619611021
1067,37,161,961102,2,2021,ACS 2021,371619611022
2138,37,161,961103,1,2021,ACS 2021,371619611031
842,37,161,961103,2,2021,ACS 2021,371619611032
1769,37,161,961104,1,2021,ACS 2021,371619611041
1202,37,161,961104,2,2021,ACS 2021,371619611042
1869,37,161,961200,1,2021,ACS 2021,371619612001
942,37,161,961200,2,2021,ACS 2021,371619612002
1364,37,161,961200,3,2021,ACS 2021,371619612003
2029,37,163,970101,1,2021,ACS 2021,371639701011
807,37,163,970102,1,2021,ACS 2021,371639701021
821,37,163,970102,2,2021,ACS 2021,371639701022
1445,37,163,970102,3,2021,ACS 2021,371639701023
1006,37,163,970102,4,2021,ACS 2021,371639701024
1509,37,163,970201,1,2021,ACS 2021,371639702011
1500,37,163,970202,1,2021,ACS 2021,371639702021
1317,37,163,970202,2,2021,ACS 2021,371639702022
817,37,163,970202,3,2021,ACS 2021,371639702023
910,37,163,970202,4,2021,ACS 2021,371639702024
1875,37,163,970302,1,2021,ACS 2021,371639703021
1718,37,163,970302,2,2021,ACS 2021,371639703022
856,37,163,970302,3,2021,ACS 2021,371639703023
1031,37,163,970302,4,2021,ACS 2021,371639703024
2271,37,163,970303,1,2021,ACS 2021,371639703031
827,37,163,970303,2,2021,ACS 2021,371639703032
1421,37,163,970304,1,2021,ACS 2021,371639703041
1671,37,163,970304,2,2021,ACS 2021,371639703042
703,37,163,970401,1,2021,ACS 2021,371639704011
873,37,163,970401,2,2021,ACS 2021,371639704012
1064,37,163,970402,1,2021,ACS 2021,371639704021
708,37,163,970402,2,2021,ACS 2021,371639704022
849,37,163,970402,3,2021,ACS 2021,371639704023
810,37,163,970501,1,2021,ACS 2021,371639705011
2076,37,163,970502,1,2021,ACS 2021,371639705021
1473,37,163,970502,2,2021,ACS 2021,371639705022
923,37,163,970502,3,2021,ACS 2021,371639705023
1859,37,163,970600,1,2021,ACS 2021,371639706001
1321,37,163,970600,2,2021,ACS 2021,371639706002
945,37,163,970600,3,2021,ACS 2021,371639706003
508,37,163,970600,4,2021,ACS 2021,371639706004
1309,37,163,970701,1,2021,ACS 2021,371639707011
600,37,163,970701,2,2021,ACS 2021,371639707012
607,37,163,970702,1,2021,ACS 2021,371639707021
1191,37,163,970702,2,2021,ACS 2021,371639707022
1044,37,163,970702,3,2021,ACS 2021,371639707023
1739,37,163,970702,4,2021,ACS 2021,371639707024
1002,37,163,970801,1,2021,ACS 2021,371639708011
996,37,163,970801,2,2021,ACS 2021,371639708012
1619,37,163,970802,1,2021,ACS 2021,371639708021
893,37,163,970802,2,2021,ACS 2021,371639708022
2172,37,163,970802,3,2021,ACS 2021,371639708023
722,37,163,970900,1,2021,ACS 2021,371639709001
1587,37,163,970900,2,2021,ACS 2021,371639709002
1211,37,163,970900,3,2021,ACS 2021,371639709003
574,37,163,971001,1,2021,ACS 2021,371639710011
1890,37,163,971001,2,2021,ACS 2021,371639710012
1235,37,163,971002,1,2021,ACS 2021,371639710021
1134,37,163,971003,1,2021,ACS 2021,371639710031
990,37,165,010101,1,2021,ACS 2021,371650101011
2206,37,165,010101,2,2021,ACS 2021,371650101012
1868,37,165,010102,1,2021,ACS 2021,371650101021
1273,37,165,010102,2,2021,ACS 2021,371650101022
312,37,165,010102,3,2021,ACS 2021,371650101023
1863,37,165,010102,4,2021,ACS 2021,371650101024
1165,37,165,010200,1,2021,ACS 2021,371650102001
1081,37,165,010200,2,2021,ACS 2021,371650102002
421,37,165,010200,3,2021,ACS 2021,371650102003
981,37,165,010200,4,2021,ACS 2021,371650102004
1346,37,165,010300,1,2021,ACS 2021,371650103001
967,37,165,010300,2,2021,ACS 2021,371650103002
970,37,165,010300,3,2021,ACS 2021,371650103003
649,37,165,010300,4,2021,ACS 2021,371650103004
734,37,165,010300,5,2021,ACS 2021,371650103005
1683,37,165,010400,1,2021,ACS 2021,371650104001
2510,37,165,010400,2,2021,ACS 2021,371650104002
1368,37,165,010501,1,2021,ACS 2021,371650105011
1745,37,165,010501,2,2021,ACS 2021,371650105012
998,37,165,010502,1,2021,ACS 2021,371650105021
875,37,165,010502,2,2021,ACS 2021,371650105022
2008,37,165,010502,3,2021,ACS 2021,371650105023
654,37,165,010601,1,2021,ACS 2021,371650106011
1367,37,165,010601,2,2021,ACS 2021,371650106012
947,37,165,010601,3,2021,ACS 2021,371650106013
1955,37,165,010602,1,2021,ACS 2021,371650106021
1409,37,165,010602,2,2021,ACS 2021,371650106022
1340,37,167,930101,1,2021,ACS 2021,371679301011
1354,37,167,930101,2,2021,ACS 2021,371679301012
2225,37,167,930101,3,2021,ACS 2021,371679301013
1201,37,167,930102,1,2021,ACS 2021,371679301021
1047,37,167,930102,2,2021,ACS 2021,371679301022
1355,37,167,930102,3,2021,ACS 2021,371679301023
1695,37,167,930200,1,2021,ACS 2021,371679302001
1929,37,167,930200,2,2021,ACS 2021,371679302002
730,37,167,930200,3,2021,ACS 2021,371679302003
1801,37,167,930300,1,2021,ACS 2021,371679303001
1086,37,167,930300,2,2021,ACS 2021,371679303002
1252,37,167,930300,3,2021,ACS 2021,371679303003
748,37,167,930500,1,2021,ACS 2021,371679305001
1725,37,167,930500,2,2021,ACS 2021,371679305002
993,37,167,930500,3,2021,ACS 2021,371679305003
1125,37,167,930700,1,2021,ACS 2021,371679307001
1880,37,167,930700,2,2021,ACS 2021,371679307002
1602,37,167,930700,3,2021,ACS 2021,371679307003
2442,37,167,930801,1,2021,ACS 2021,371679308011
2014,37,167,930801,2,2021,ACS 2021,371679308012
1449,37,167,930801,3,2021,ACS 2021,371679308013
2720,37,167,930802,1,2021,ACS 2021,371679308021
1963,37,167,930802,2,2021,ACS 2021,371679308022
800,37,167,930901,1,2021,ACS 2021,371679309011
1946,37,167,930901,2,2021,ACS 2021,371679309012
1774,37,167,930902,1,2021,ACS 2021,371679309021
1305,37,167,930902,2,2021,ACS 2021,371679309022
578,37,167,930902,3,2021,ACS 2021,371679309023
829,37,167,931001,1,2021,ACS 2021,371679310011
1638,37,167,931001,2,2021,ACS 2021,371679310012
397,37,167,931002,1,2021,ACS 2021,371679310021
581,37,167,931002,2,2021,ACS 2021,371679310022
2343,37,167,931002,3,2021,ACS 2021,371679310023
1196,37,167,931101,1,2021,ACS 2021,371679311011
841,37,167,931101,2,2021,ACS 2021,371679311012
1796,37,167,931102,1,2021,ACS 2021,371679311021
323,37,167,931102,2,2021,ACS 2021,371679311022
1286,37,167,931102,3,2021,ACS 2021,371679311023
1697,37,167,931202,1,2021,ACS 2021,371679312021
910,37,167,931202,2,2021,ACS 2021,371679312022
391,37,167,931202,3,2021,ACS 2021,371679312023
963,37,167,931203,1,2021,ACS 2021,371679312031
498,37,167,931203,2,2021,ACS 2021,371679312032
1740,37,167,931203,3,2021,ACS 2021,371679312033
1051,37,167,931204,1,2021,ACS 2021,371679312041
828,37,167,931204,2,2021,ACS 2021,371679312042
761,37,167,931204,3,2021,ACS 2021,371679312043
1356,37,169,070101,1,2021,ACS 2021,371690701011
1117,37,169,070101,2,2021,ACS 2021,371690701012
542,37,169,070101,3,2021,ACS 2021,371690701013
1203,37,169,070102,1,2021,ACS 2021,371690701021
1323,37,169,070102,2,2021,ACS 2021,371690701022
827,37,169,070200,1,2021,ACS 2021,371690702001
1194,37,169,070200,2,2021,ACS 2021,371690702002
1412,37,169,070200,3,2021,ACS 2021,371690702003
1309,37,169,070301,1,2021,ACS 2021,371690703011
1192,37,169,070301,2,2021,ACS 2021,371690703012
577,37,169,070302,1,2021,ACS 2021,371690703021
1093,37,169,070302,2,2021,ACS 2021,371690703022
1276,37,169,070400,1,2021,ACS 2021,371690704001
1751,37,169,070400,2,2021,ACS 2021,371690704002
746,37,169,070400,3,2021,ACS 2021,371690704003
1498,37,169,070400,4,2021,ACS 2021,371690704004
2607,37,169,070503,1,2021,ACS 2021,371690705031
1334,37,169,070503,2,2021,ACS 2021,371690705032
1384,37,169,070503,3,2021,ACS 2021,371690705033
2482,37,169,070504,1,2021,ACS 2021,371690705041
1357,37,169,070504,2,2021,ACS 2021,371690705042
1648,37,169,070505,1,2021,ACS 2021,371690705051
1365,37,169,070505,2,2021,ACS 2021,371690705052
1881,37,169,070506,1,2021,ACS 2021,371690705061
1110,37,169,070506,2,2021,ACS 2021,371690705062
2339,37,169,070600,1,2021,ACS 2021,371690706001
976,37,169,070600,2,2021,ACS 2021,371690706002
2182,37,169,070600,3,2021,ACS 2021,371690706003
1686,37,169,070701,1,2021,ACS 2021,371690707011
1576,37,169,070701,2,2021,ACS 2021,371690707012
1289,37,169,070702,1,2021,ACS 2021,371690707021
956,37,169,070702,2,2021,ACS 2021,371690707022
1696,37,171,930101,1,2021,ACS 2021,371719301011
545,37,171,930101,2,2021,ACS 2021,371719301012
1130,37,171,930102,1,2021,ACS 2021,371719301021
2172,37,171,930102,2,2021,ACS 2021,371719301022
1444,37,171,930102,3,2021,ACS 2021,371719301023
818,37,171,930201,1,2021,ACS 2021,371719302011
1109,37,171,930201,2,2021,ACS 2021,371719302012
1121,37,171,930201,3,2021,ACS 2021,371719302013
1374,37,171,930202,1,2021,ACS 2021,371719302021
1595,37,171,930202,2,2021,ACS 2021,371719302022
438,37,171,930202,3,2021,ACS 2021,371719302023
797,37,171,930301,1,2021,ACS 2021,371719303011
1104,37,171,930301,2,2021,ACS 2021,371719303012
1381,37,171,930302,1,2021,ACS 2021,371719303021
1407,37,171,930302,2,2021,ACS 2021,371719303022
527,37,171,930302,3,2021,ACS 2021,371719303023
1017,37,171,930400,1,2021,ACS 2021,371719304001
1526,37,171,930400,2,2021,ACS 2021,371719304002
1953,37,171,930501,1,2021,ACS 2021,371719305011
1321,37,171,930501,2,2021,ACS 2021,371719305012
769,37,171,930502,1,2021,ACS 2021,371719305021
629,37,171,930502,2,2021,ACS 2021,371719305022
427,37,171,930502,3,2021,ACS 2021,371719305023
1062,37,171,930502,4,2021,ACS 2021,371719305024
1238,37,171,930600,1,2021,ACS 2021,371719306001
968,37,171,930600,2,2021,ACS 2021,371719306002
615,37,171,930600,3,2021,ACS 2021,371719306003
1144,37,171,930700,1,2021,ACS 2021,371719307001
746,37,171,930700,2,2021,ACS 2021,371719307002
1343,37,171,930700,3,2021,ACS 2021,371719307003
960,37,171,930700,4,2021,ACS 2021,371719307004
876,37,171,930802,1,2021,ACS 2021,371719308021
713,37,171,930802,2,2021,ACS 2021,371719308022
1219,37,171,930802,3,2021,ACS 2021,371719308023
601,37,171,930803,1,2021,ACS 2021,371719308031
763,37,171,930803,2,2021,ACS 2021,371719308032
1085,37,171,930803,3,2021,ACS 2021,371719308033
1543,37,171,930804,1,2021,ACS 2021,371719308041
949,37,171,930804,2,2021,ACS 2021,371719308042
724,37,171,930901,1,2021,ACS 2021,371719309011
879,37,171,930901,2,2021,ACS 2021,371719309012
975,37,171,930901,3,2021,ACS 2021,371719309013
1366,37,171,930901,4,2021,ACS 2021,371719309014
1736,37,171,930902,1,2021,ACS 2021,371719309021
1277,37,171,931001,1,2021,ACS 2021,371719310011
1285,37,171,931001,2,2021,ACS 2021,371719310012
1395,37,171,931002,1,2021,ACS 2021,371719310021
1479,37,171,931002,2,2021,ACS 2021,371719310022
991,37,171,931002,3,2021,ACS 2021,371719310023
1353,37,171,931002,4,2021,ACS 2021,371719310024
1656,37,171,931003,1,2021,ACS 2021,371719310031
1246,37,171,931003,2,2021,ACS 2021,371719310032
1208,37,171,931101,1,2021,ACS 2021,371719311011
1579,37,171,931101,2,2021,ACS 2021,371719311012
869,37,171,931102,1,2021,ACS 2021,371719311021
985,37,171,931102,2,2021,ACS 2021,371719311022
1316,37,171,931102,3,2021,ACS 2021,371719311023
806,37,171,931102,4,2021,ACS 2021,371719311024
665,37,171,931103,1,2021,ACS 2021,371719311031
1427,37,171,931103,2,2021,ACS 2021,371719311032
1438,37,171,931200,1,2021,ACS 2021,371719312001
1183,37,171,931200,2,2021,ACS 2021,371719312002
1476,37,171,931200,3,2021,ACS 2021,371719312003
2201,37,173,940100,1,2021,ACS 2021,371739401001
2248,37,173,940100,2,2021,ACS 2021,371739401002
641,37,173,960200,1,2021,ACS 2021,371739602001
1144,37,173,960200,2,2021,ACS 2021,371739602002
1247,37,173,960200,3,2021,ACS 2021,371739602003
1611,37,173,960301,1,2021,ACS 2021,371739603011
752,37,173,960301,2,2021,ACS 2021,371739603012
1253,37,173,960301,3,2021,ACS 2021,371739603013
2144,37,173,960302,1,2021,ACS 2021,371739603021
925,37,173,960302,2,2021,ACS 2021,371739603022
0,37,173,980200,1,2021,ACS 2021,371739802001
1371,37,175,960100,1,2021,ACS 2021,371759601001
740,37,175,960100,2,2021,ACS 2021,371759601002
1032,37,175,960100,3,2021,ACS 2021,371759601003
1149,37,175,960100,4,2021,ACS 2021,371759601004
2144,37,175,960201,1,2021,ACS 2021,371759602011
783,37,175,960202,1,2021,ACS 2021,371759602021
1746,37,175,960202,2,2021,ACS 2021,371759602022
913,37,175,960301,1,2021,ACS 2021,371759603011
1615,37,175,960301,2,2021,ACS 2021,371759603012
1042,37,175,960301,3,2021,ACS 2021,371759603013
1228,37,175,960302,1,2021,ACS 2021,371759603021
445,37,175,960302,2,2021,ACS 2021,371759603022
727,37,175,960302,3,2021,ACS 2021,371759603023
1576,37,175,960302,4,2021,ACS 2021,371759603024
2434,37,175,960401,1,2021,ACS 2021,371759604011
1076,37,175,960401,2,2021,ACS 2021,371759604012
1179,37,175,960401,3,2021,ACS 2021,371759604013
420,37,175,960403,1,2021,ACS 2021,371759604031
725,37,175,960403,2,2021,ACS 2021,371759604032
1588,37,175,960403,3,2021,ACS 2021,371759604033
1802,37,175,960404,1,2021,ACS 2021,371759604041
414,37,175,960501,1,2021,ACS 2021,371759605011
817,37,175,960501,2,2021,ACS 2021,371759605012
417,37,175,960501,3,2021,ACS 2021,371759605013
777,37,175,960501,4,2021,ACS 2021,371759605014
486,37,175,960502,1,2021,ACS 2021,371759605021
1557,37,175,960502,2,2021,ACS 2021,371759605022
232,37,175,960502,3,2021,ACS 2021,371759605023
561,37,175,960601,1,2021,ACS 2021,371759606011
761,37,175,960601,2,2021,ACS 2021,371759606012
533,37,175,960602,1,2021,ACS 2021,371759606021
689,37,175,960602,2,2021,ACS 2021,371759606022
0,37,177,960100,0,2021,ACS 2021,371779601000
1570,37,177,960100,1,2021,ACS 2021,371779601001
498,37,177,960100,2,2021,ACS 2021,371779601002
637,37,177,960100,3,2021,ACS 2021,371779601003
731,37,177,960100,4,2021,ACS 2021,371779601004
1767,37,179,020100,1,2021,ACS 2021,371790201001
1877,37,179,020100,2,2021,ACS 2021,371790201002
3134,37,179,020100,3,2021,ACS 2021,371790201003
854,37,179,020203,1,2021,ACS 2021,371790202031
2720,37,179,020203,2,2021,ACS 2021,371790202032
658,37,179,020203,3,2021,ACS 2021,371790202033
1335,37,179,020204,1,2021,ACS 2021,371790202041
1536,37,179,020204,2,2021,ACS 2021,371790202042
1291,37,179,020204,3,2021,ACS 2021,371790202043
1838,37,179,020205,1,2021,ACS 2021,371790202051
1250,37,179,020205,2,2021,ACS 2021,371790202052
1670,37,179,020206,1,2021,ACS 2021,371790202061
2299,37,179,020206,2,2021,ACS 2021,371790202062
2470,37,179,020305,1,2021,ACS 2021,371790203051
6147,37,179,020305,2,2021,ACS 2021,371790203052
3357,37,179,020307,1,2021,ACS 2021,371790203071
3088,37,179,020307,2,2021,ACS 2021,371790203072
1052,37,179,020307,3,2021,ACS 2021,371790203073
1470,37,179,020308,1,2021,ACS 2021,371790203081
2761,37,179,020308,2,2021,ACS 2021,371790203082
2298,37,179,020308,3,2021,ACS 2021,371790203083
583,37,179,020308,4,2021,ACS 2021,371790203084
844,37,179,020309,1,2021,ACS 2021,371790203091
1371,37,179,020309,2,2021,ACS 2021,371790203092
1562,37,179,020310,1,2021,ACS 2021,371790203101
1331,37,179,020310,2,2021,ACS 2021,371790203102
1542,37,179,020310,3,2021,ACS 2021,371790203103
1532,37,179,020310,4,2021,ACS 2021,371790203104
2365,37,179,020312,1,2021,ACS 2021,371790203121
2301,37,179,020312,2,2021,ACS 2021,371790203122
2054,37,179,020313,1,2021,ACS 2021,371790203131
2280,37,179,020314,1,2021,ACS 2021,371790203141
2112,37,179,020314,2,2021,ACS 2021,371790203142
1154,37,179,020314,3,2021,ACS 2021,371790203143
2185,37,179,020315,1,2021,ACS 2021,371790203151
1241,37,179,020315,2,2021,ACS 2021,371790203152
1525,37,179,020315,3,2021,ACS 2021,371790203153
2562,37,179,020316,1,2021,ACS 2021,371790203161
2714,37,179,020316,2,2021,ACS 2021,371790203162
1171,37,179,020317,1,2021,ACS 2021,371790203171
2206,37,179,020317,2,2021,ACS 2021,371790203172
3701,37,179,020317,3,2021,ACS 2021,371790203173
2234,37,179,020318,1,2021,ACS 2021,371790203181
1538,37,179,020318,2,2021,ACS 2021,371790203182
1430,37,179,020319,1,2021,ACS 2021,371790203191
1807,37,179,020319,2,2021,ACS 2021,371790203192
1515,37,179,020320,1,2021,ACS 2021,371790203201
1091,37,179,020320,2,2021,ACS 2021,371790203202
1025,37,179,020321,1,2021,ACS 2021,371790203211
880,37,179,020321,2,2021,ACS 2021,371790203212
2212,37,179,020321,3,2021,ACS 2021,371790203213
1891,37,179,020401,1,2021,ACS 2021,371790204011
1458,37,179,020401,2,2021,ACS 2021,371790204012
2984,37,179,020401,3,2021,ACS 2021,371790204013
1462,37,179,020403,1,2021,ACS 2021,371790204031
1656,37,179,020403,2,2021,ACS 2021,371790204032
1354,37,179,020403,3,2021,ACS 2021,371790204033
1735,37,179,020405,1,2021,ACS 2021,371790204051
606,37,179,020406,1,2021,ACS 2021,371790204061
2278,37,179,020406,2,2021,ACS 2021,371790204062
768,37,179,020406,3,2021,ACS 2021,371790204063
146,37,179,020406,4,2021,ACS 2021,371790204064
629,37,179,020501,1,2021,ACS 2021,371790205011
1846,37,179,020501,2,2021,ACS 2021,371790205012
2059,37,179,020501,3,2021,ACS 2021,371790205013
1057,37,179,020501,4,2021,ACS 2021,371790205014
1286,37,179,020502,1,2021,ACS 2021,371790205021
2461,37,179,020502,2,2021,ACS 2021,371790205022
1867,37,179,020601,1,2021,ACS 2021,371790206011
877,37,179,020601,2,2021,ACS 2021,371790206012
1516,37,179,020601,3,2021,ACS 2021,371790206013
1350,37,179,020601,4,2021,ACS 2021,371790206014
2160,37,179,020602,1,2021,ACS 2021,371790206021
1393,37,179,020602,2,2021,ACS 2021,371790206022
1020,37,179,020602,3,2021,ACS 2021,371790206023
1602,37,179,020701,1,2021,ACS 2021,371790207011
1164,37,179,020701,2,2021,ACS 2021,371790207012
2943,37,179,020701,3,2021,ACS 2021,371790207013
1624,37,179,020702,1,2021,ACS 2021,371790207021
2452,37,179,020702,2,2021,ACS 2021,371790207022
935,37,179,020800,1,2021,ACS 2021,371790208001
851,37,179,020800,2,2021,ACS 2021,371790208002
1280,37,179,020800,3,2021,ACS 2021,371790208003
1834,37,179,020800,4,2021,ACS 2021,371790208004
876,37,179,020800,5,2021,ACS 2021,371790208005
1936,37,179,020901,1,2021,ACS 2021,371790209011
1761,37,179,020901,2,2021,ACS 2021,371790209012
1525,37,179,020901,3,2021,ACS 2021,371790209013
2876,37,179,020902,1,2021,ACS 2021,371790209021
1240,37,179,020902,2,2021,ACS 2021,371790209022
747,37,179,020902,3,2021,ACS 2021,371790209023
1816,37,179,020902,4,2021,ACS 2021,371790209024
1498,37,179,021004,1,2021,ACS 2021,371790210041
2529,37,179,021004,2,2021,ACS 2021,371790210042
2692,37,179,021004,3,2021,ACS 2021,371790210043
1691,37,179,021005,1,2021,ACS 2021,371790210051
1777,37,179,021005,2,2021,ACS 2021,371790210052
1075,37,179,021005,3,2021,ACS 2021,371790210053
1614,37,179,021006,1,2021,ACS 2021,371790210061
1637,37,179,021006,2,2021,ACS 2021,371790210062
2482,37,179,021006,3,2021,ACS 2021,371790210063
1875,37,179,021007,1,2021,ACS 2021,371790210071
2265,37,179,021007,2,2021,ACS 2021,371790210072
2424,37,179,021007,3,2021,ACS 2021,371790210073
906,37,179,021009,1,2021,ACS 2021,371790210091
1360,37,179,021009,2,2021,ACS 2021,371790210092
2103,37,179,021009,3,2021,ACS 2021,371790210093
2110,37,179,021012,1,2021,ACS 2021,371790210121
2092,37,179,021012,2,2021,ACS 2021,371790210122
1274,37,179,021012,3,2021,ACS 2021,371790210123
2581,37,179,021013,1,2021,ACS 2021,371790210131
1639,37,179,021013,2,2021,ACS 2021,371790210132
3465,37,179,021013,3,2021,ACS 2021,371790210133
2112,37,179,021014,1,2021,ACS 2021,371790210141
602,37,179,021014,2,2021,ACS 2021,371790210142
2603,37,179,021015,1,2021,ACS 2021,371790210151
2404,37,179,021015,2,2021,ACS 2021,371790210152
3088,37,179,021016,1,2021,ACS 2021,371790210161
1728,37,179,021016,2,2021,ACS 2021,371790210162
3128,37,179,021017,1,2021,ACS 2021,371790210171
2895,37,179,021017,2,2021,ACS 2021,371790210172
917,37,179,021018,1,2021,ACS 2021,371790210181
3491,37,179,021018,2,2021,ACS 2021,371790210182
2511,37,179,021019,1,2021,ACS 2021,371790210191
1202,37,179,021019,2,2021,ACS 2021,371790210192
1240,37,179,021019,3,2021,ACS 2021,371790210193
765,37,179,021020,1,2021,ACS 2021,371790210201
327,37,179,021020,2,2021,ACS 2021,371790210202
1934,37,179,021020,3,2021,ACS 2021,371790210203
1294,37,179,021020,4,2021,ACS 2021,371790210204
934,37,179,021021,1,2021,ACS 2021,371790210211
1174,37,179,021021,2,2021,ACS 2021,371790210212
1164,37,181,960100,1,2021,ACS 2021,371819601001
1238,37,181,960100,2,2021,ACS 2021,371819601002
1521,37,181,960100,3,2021,ACS 2021,371819601003
1098,37,181,960200,1,2021,ACS 2021,371819602001
1309,37,181,960200,2,2021,ACS 2021,371819602002
1844,37,181,960200,3,2021,ACS 2021,371819602003
1817,37,181,960300,1,2021,ACS 2021,371819603001
1339,37,181,960300,2,2021,ACS 2021,371819603002
1113,37,181,960300,3,2021,ACS 2021,371819603003
1928,37,181,960400,1,2021,ACS 2021,371819604001
972,37,181,960400,2,2021,ACS 2021,371819604002
1503,37,181,960400,3,2021,ACS 2021,371819604003
1196,37,181,960500,1,2021,ACS 2021,371819605001
1108,37,181,960500,2,2021,ACS 2021,371819605002
764,37,181,960500,3,2021,ACS 2021,371819605003
916,37,181,960500,4,2021,ACS 2021,371819605004
86,37,181,960500,5,2021,ACS 2021,371819605005
1298,37,181,960600,1,2021,ACS 2021,371819606001
325,37,181,960700,1,2021,ACS 2021,371819607001
1685,37,181,960700,2,2021,ACS 2021,371819607002
774,37,181,960700,3,2021,ACS 2021,371819607003
861,37,181,960700,4,2021,ACS 2021,371819607004
604,37,181,960700,5,2021,ACS 2021,371819607005
879,37,181,960800,1,2021,ACS 2021,371819608001
835,37,181,960800,2,2021,ACS 2021,371819608002
589,37,181,960800,3,2021,ACS 2021,371819608003
1262,37,181,960901,1,2021,ACS 2021,371819609011
1867,37,181,960901,2,2021,ACS 2021,371819609012
1571,37,181,960902,1,2021,ACS 2021,371819609021
2007,37,181,960903,1,2021,ACS 2021,371819609031
1499,37,181,960903,2,2021,ACS 2021,371819609032
2146,37,181,961000,1,2021,ACS 2021,371819610001
1847,37,181,961000,2,2021,ACS 2021,371819610002
1178,37,181,961000,3,2021,ACS 2021,371819610003
507,37,181,961000,4,2021,ACS 2021,371819610004
1203,37,183,050100,1,2021,ACS 2021,371830501001
2874,37,183,050100,2,2021,ACS 2021,371830501002
1110,37,183,050100,3,2021,ACS 2021,371830501003
1723,37,183,050300,1,2021,ACS 2021,371830503001
605,37,183,050300,2,2021,ACS 2021,371830503002
1022,37,183,050300,3,2021,ACS 2021,371830503003
1110,37,183,050400,1,2021,ACS 2021,371830504001
813,37,183,050400,2,2021,ACS 2021,371830504002
1409,37,183,050500,1,2021,ACS 2021,371830505001
1727,37,183,050500,2,2021,ACS 2021,371830505002
673,37,183,050500,3,2021,ACS 2021,371830505003
1337,37,183,050600,1,2021,ACS 2021,371830506001
876,37,183,050600,2,2021,ACS 2021,371830506002
1357,37,183,050600,3,2021,ACS 2021,371830506003
1151,37,183,050700,1,2021,ACS 2021,371830507001
456,37,183,050700,2,2021,ACS 2021,371830507002
1671,37,183,050700,3,2021,ACS 2021,371830507003
1066,37,183,050800,1,2021,ACS 2021,371830508001
733,37,183,050800,2,2021,ACS 2021,371830508002
1760,37,183,050800,3,2021,ACS 2021,371830508003
1418,37,183,050900,1,2021,ACS 2021,371830509001
783,37,183,050900,2,2021,ACS 2021,371830509002
525,37,183,050900,3,2021,ACS 2021,371830509003
1393,37,183,051000,1,2021,ACS 2021,371830510001
1124,37,183,051000,2,2021,ACS 2021,371830510002
3542,37,183,051101,1,2021,ACS 2021,371830511011
1705,37,183,051101,2,2021,ACS 2021,371830511012
530,37,183,051102,1,2021,ACS 2021,371830511021
3243,37,183,051102,2,2021,ACS 2021,371830511022
770,37,183,051102,3,2021,ACS 2021,371830511023
1567,37,183,051200,1,2021,ACS 2021,371830512001
1083,37,183,051200,2,2021,ACS 2021,371830512002
2013,37,183,051200,3,2021,ACS 2021,371830512003
844,37,183,051400,1,2021,ACS 2021,371830514001
1054,37,183,051400,2,2021,ACS 2021,371830514002
656,37,183,051400,3,2021,ACS 2021,371830514003
1075,37,183,051400,4,2021,ACS 2021,371830514004
1502,37,183,051400,5,2021,ACS 2021,371830514005
1680,37,183,051501,1,2021,ACS 2021,371830515011
2136,37,183,051501,2,2021,ACS 2021,371830515012
752,37,183,051502,1,2021,ACS 2021,371830515021
1432,37,183,051502,2,2021,ACS 2021,371830515022
780,37,183,051600,1,2021,ACS 2021,371830516001
1064,37,183,051600,2,2021,ACS 2021,371830516002
1023,37,183,051600,3,2021,ACS 2021,371830516003
1466,37,183,051600,4,2021,ACS 2021,371830516004
661,37,183,051600,5,2021,ACS 2021,371830516005
1003,37,183,051700,1,2021,ACS 2021,371830517001
1111,37,183,051700,2,2021,ACS 2021,371830517002
1496,37,183,051700,3,2021,ACS 2021,371830517003
1871,37,183,051800,1,2021,ACS 2021,371830518001
1526,37,183,051800,2,2021,ACS 2021,371830518002
1888,37,183,051800,3,2021,ACS 2021,371830518003
2144,37,183,051900,1,2021,ACS 2021,371830519001
1232,37,183,051900,2,2021,ACS 2021,371830519002
1170,37,183,051900,3,2021,ACS 2021,371830519003
2589,37,183,052001,1,2021,ACS 2021,371830520011
1618,37,183,052001,2,2021,ACS 2021,371830520012
3014,37,183,052002,1,2021,ACS 2021,371830520021
2881,37,183,052002,2,2021,ACS 2021,371830520022
5136,37,183,052101,1,2021,ACS 2021,371830521011
1094,37,183,052101,2,2021,ACS 2021,371830521012
1888,37,183,052101,3,2021,ACS 2021,371830521013
955,37,183,052101,4,2021,ACS 2021,371830521014
2303,37,183,052102,1,2021,ACS 2021,371830521021
1493,37,183,052102,2,2021,ACS 2021,371830521022
3274,37,183,052102,3,2021,ACS 2021,371830521023
1358,37,183,052303,1,2021,ACS 2021,371830523031
2494,37,183,052303,2,2021,ACS 2021,371830523032
2275,37,183,052304,1,2021,ACS 2021,371830523041
726,37,183,052304,2,2021,ACS 2021,371830523042
984,37,183,052305,1,2021,ACS 2021,371830523051
1064,37,183,052305,2,2021,ACS 2021,371830523052
1077,37,183,052306,1,2021,ACS 2021,371830523061
875,37,183,052307,1,2021,ACS 2021,371830523071
1605,37,183,052307,2,2021,ACS 2021,371830523072
1170,37,183,052307,3,2021,ACS 2021,371830523073
807,37,183,052307,4,2021,ACS 2021,371830523074
1268,37,183,052307,5,2021,ACS 2021,371830523075
5143,37,183,052401,1,2021,ACS 2021,371830524011
1034,37,183,052401,2,2021,ACS 2021,371830524012
2070,37,183,052404,1,2021,ACS 2021,371830524041
967,37,183,052404,2,2021,ACS 2021,371830524042
674,37,183,052404,3,2021,ACS 2021,371830524043
1782,37,183,052407,1,2021,ACS 2021,371830524071
1432,37,183,052407,2,2021,ACS 2021,371830524072
1352,37,183,052407,3,2021,ACS 2021,371830524073
1001,37,183,052408,1,2021,ACS 2021,371830524081
2621,37,183,052408,2,2021,ACS 2021,371830524082
706,37,183,052409,1,2021,ACS 2021,371830524091
1731,37,183,052409,2,2021,ACS 2021,371830524092
1564,37,183,052409,3,2021,ACS 2021,371830524093
1355,37,183,052410,1,2021,ACS 2021,371830524101
2021,37,183,052411,1,2021,ACS 2021,371830524111
3328,37,183,052411,2,2021,ACS 2021,371830524112
2029,37,183,052504,1,2021,ACS 2021,371830525041
1570,37,183,052504,2,2021,ACS 2021,371830525042
3486,37,183,052504,3,2021,ACS 2021,371830525043
2859,37,183,052505,1,2021,ACS 2021,371830525051
1771,37,183,052505,2,2021,ACS 2021,371830525052
862,37,183,052506,1,2021,ACS 2021,371830525061
1468,37,183,052506,2,2021,ACS 2021,371830525062
952,37,183,052507,1,2021,ACS 2021,371830525071
2211,37,183,052507,2,2021,ACS 2021,371830525072
1944,37,183,052508,1,2021,ACS 2021,371830525081
1721,37,183,052508,2,2021,ACS 2021,371830525082
1094,37,183,052509,1,2021,ACS 2021,371830525091
1443,37,183,052509,2,2021,ACS 2021,371830525092
744,37,183,052509,3,2021,ACS 2021,371830525093
2461,37,183,052601,1,2021,ACS 2021,371830526011
989,37,183,052601,2,2021,ACS 2021,371830526012
1638,37,183,052602,1,2021,ACS 2021,371830526021
1449,37,183,052602,2,2021,ACS 2021,371830526022
808,37,183,052602,3,2021,ACS 2021,371830526023
2468,37,183,052603,1,2021,ACS 2021,371830526031
866,37,183,052603,2,2021,ACS 2021,371830526032
2767,37,183,052701,1,2021,ACS 2021,371830527011
1729,37,183,052701,2,2021,ACS 2021,371830527012
2661,37,183,052701,3,2021,ACS 2021,371830527013
2061,37,183,052704,1,2021,ACS 2021,371830527041
1795,37,183,052704,2,2021,ACS 2021,371830527042
1818,37,183,052704,3,2021,ACS 2021,371830527043
1831,37,183,052705,1,2021,ACS 2021,371830527051
485,37,183,052705,2,2021,ACS 2021,371830527052
2610,37,183,052705,3,2021,ACS 2021,371830527053
1701,37,183,052706,1,2021,ACS 2021,371830527061
2819,37,183,052706,2,2021,ACS 2021,371830527062
1102,37,183,052707,1,2021,ACS 2021,371830527071
2361,37,183,052707,2,2021,ACS 2021,371830527072
1937,37,183,052707,3,2021,ACS 2021,371830527073
1206,37,183,052707,4,2021,ACS 2021,371830527074
929,37,183,052801,1,2021,ACS 2021,371830528011
1279,37,183,052801,2,2021,ACS 2021,371830528012
2204,37,183,052801,3,2021,ACS 2021,371830528013
581,37,183,052801,4,2021,ACS 2021,371830528014
608,37,183,052801,5,2021,ACS 2021,371830528015
2178,37,183,052802,1,2021,ACS 2021,371830528021
1367,37,183,052802,2,2021,ACS 2021,371830528022
1743,37,183,052802,3,2021,ACS 2021,371830528023
1205,37,183,052802,4,2021,ACS 2021,371830528024
2248,37,183,052807,1,2021,ACS 2021,371830528071
2090,37,183,052807,2,2021,ACS 2021,371830528072
2919,37,183,052807,3,2021,ACS 2021,371830528073
1265,37,183,052809,1,2021,ACS 2021,371830528091
1342,37,183,052809,2,2021,ACS 2021,371830528092
879,37,183,052810,1,2021,ACS 2021,371830528101
2684,37,183,052810,2,2021,ACS 2021,371830528102
3106,37,183,052810,3,2021,ACS 2021,371830528103
2224,37,183,052810,4,2021,ACS 2021,371830528104
884,37,183,052811,1,2021,ACS 2021,371830528111
1351,37,183,052811,2,2021,ACS 2021,371830528112
4510,37,183,052811,3,2021,ACS 2021,371830528113
2709,37,183,052811,4,2021,ACS 2021,371830528114
2191,37,183,052812,1,2021,ACS 2021,371830528121
1632,37,183,052812,2,2021,ACS 2021,371830528122
761,37,183,052813,1,2021,ACS 2021,371830528131
2370,37,183,052813,2,2021,ACS 2021,371830528132
1066,37,183,052814,1,2021,ACS 2021,371830528141
1265,37,183,052814,2,2021,ACS 2021,371830528142
1808,37,183,052814,3,2021,ACS 2021,371830528143
3302,37,183,052815,1,2021,ACS 2021,371830528151
2286,37,183,052815,2,2021,ACS 2021,371830528152
2881,37,183,052816,1,2021,ACS 2021,371830528161
4042,37,183,052816,2,2021,ACS 2021,371830528162
1770,37,183,052901,1,2021,ACS 2021,371830529011
892,37,183,052901,2,2021,ACS 2021,371830529012
2992,37,183,052902,1,2021,ACS 2021,371830529021
1667,37,183,052902,2,2021,ACS 2021,371830529022
3086,37,183,052902,3,2021,ACS 2021,371830529023
1151,37,183,052903,1,2021,ACS 2021,371830529031
2398,37,183,052903,2,2021,ACS 2021,371830529032
2068,37,183,052905,1,2021,ACS 2021,371830529051
1318,37,183,052905,2,2021,ACS 2021,371830529052
2627,37,183,052906,1,2021,ACS 2021,371830529061
1376,37,183,052906,2,2021,ACS 2021,371830529062
1048,37,183,052906,3,2021,ACS 2021,371830529063
902,37,183,053003,1,2021,ACS 2021,371830530031
701,37,183,053003,2,2021,ACS 2021,371830530032
1537,37,183,053003,3,2021,ACS 2021,371830530033
1614,37,183,053003,4,2021,ACS 2021,371830530034
770,37,183,053003,5,2021,ACS 2021,371830530035
1348,37,183,053004,1,2021,ACS 2021,371830530041
1314,37,183,053004,2,2021,ACS 2021,371830530042
706,37,183,053005,1,2021,ACS 2021,371830530051
526,37,183,053005,2,2021,ACS 2021,371830530052
1346,37,183,053005,3,2021,ACS 2021,371830530053
2156,37,183,053005,4,2021,ACS 2021,371830530054
1272,37,183,053006,1,2021,ACS 2021,371830530061
914,37,183,053006,2,2021,ACS 2021,371830530062
886,37,183,053006,3,2021,ACS 2021,371830530063
1857,37,183,053007,1,2021,ACS 2021,371830530071
599,37,183,053007,2,2021,ACS 2021,371830530072
974,37,183,053007,3,2021,ACS 2021,371830530073
2084,37,183,053009,1,2021,ACS 2021,371830530091
1168,37,183,053009,2,2021,ACS 2021,371830530092
868,37,183,053009,3,2021,ACS 2021,371830530093
2138,37,183,053009,4,2021,ACS 2021,371830530094
2514,37,183,053009,5,2021,ACS 2021,371830530095
2233,37,183,053010,1,2021,ACS 2021,371830530101
1124,37,183,053010,2,2021,ACS 2021,371830530102
1512,37,183,053010,3,2021,ACS 2021,371830530103
1855,37,183,053011,1,2021,ACS 2021,371830530111
559,37,183,053011,2,2021,ACS 2021,371830530112
743,37,183,053011,3,2021,ACS 2021,371830530113
990,37,183,053011,4,2021,ACS 2021,371830530114
1901,37,183,053105,1,2021,ACS 2021,371830531051
2664,37,183,053105,2,2021,ACS 2021,371830531052
1672,37,183,053106,1,2021,ACS 2021,371830531061
2415,37,183,053106,2,2021,ACS 2021,371830531062
2346,37,183,053109,1,2021,ACS 2021,371830531091
5943,37,183,053109,2,2021,ACS 2021,371830531092
3323,37,183,053109,3,2021,ACS 2021,371830531093
2549,37,183,053110,1,2021,ACS 2021,371830531101
1636,37,183,053110,2,2021,ACS 2021,371830531102
2474,37,183,053110,3,2021,ACS 2021,371830531103
2492,37,183,053111,1,2021,ACS 2021,371830531111
2175,37,183,053111,2,2021,ACS 2021,371830531112
1447,37,183,053111,3,2021,ACS 2021,371830531113
1793,37,183,053112,1,2021,ACS 2021,371830531121
1434,37,183,053112,2,2021,ACS 2021,371830531122
2486,37,183,053112,3,2021,ACS 2021,371830531123
889,37,183,053113,1,2021,ACS 2021,371830531131
1427,37,183,053113,2,2021,ACS 2021,371830531132
554,37,183,053113,3,2021,ACS 2021,371830531133
1905,37,183,053113,4,2021,ACS 2021,371830531134
742,37,183,053114,1,2021,ACS 2021,371830531141
1114,37,183,053114,2,2021,ACS 2021,371830531142
2772,37,183,053114,3,2021,ACS 2021,371830531143
750,37,183,053114,4,2021,ACS 2021,371830531144
2006,37,183,053114,5,2021,ACS 2021,371830531145
846,37,183,053115,1,2021,ACS 2021,371830531151
607,37,183,053115,2,2021,ACS 2021,371830531152
793,37,183,053115,3,2021,ACS 2021,371830531153
3653,37,183,053202,1,2021,ACS 2021,371830532021
2039,37,183,053202,2,2021,ACS 2021,371830532022
5343,37,183,053203,1,2021,ACS 2021,371830532031
3793,37,183,053203,2,2021,ACS 2021,371830532032
2914,37,183,053204,1,2021,ACS 2021,371830532041
2755,37,183,053204,2,2021,ACS 2021,371830532042
3317,37,183,053205,1,2021,ACS 2021,371830532051
1972,37,183,053205,2,2021,ACS 2021,371830532052
1550,37,183,053206,1,2021,ACS 2021,371830532061
1931,37,183,053206,2,2021,ACS 2021,371830532062
1780,37,183,053206,3,2021,ACS 2021,371830532063
6412,37,183,053208,1,2021,ACS 2021,371830532081
6139,37,183,053208,2,2021,ACS 2021,371830532082
980,37,183,053209,1,2021,ACS 2021,371830532091
1244,37,183,053209,2,2021,ACS 2021,371830532092
5783,37,183,053210,1,2021,ACS 2021,371830532101
5013,37,183,053211,1,2021,ACS 2021,371830532111
2752,37,183,053211,2,2021,ACS 2021,371830532112
1045,37,183,053405,1,2021,ACS 2021,371830534051
2575,37,183,053405,2,2021,ACS 2021,371830534052
1003,37,183,053405,3,2021,ACS 2021,371830534053
2637,37,183,053408,1,2021,ACS 2021,371830534081
1377,37,183,053408,2,2021,ACS 2021,371830534082
1957,37,183,053409,1,2021,ACS 2021,371830534091
2793,37,183,053409,2,2021,ACS 2021,371830534092
2017,37,183,053409,3,2021,ACS 2021,371830534093
3727,37,183,053410,1,2021,ACS 2021,371830534101
2335,37,183,053410,2,2021,ACS 2021,371830534102
9247,37,183,053411,1,2021,ACS 2021,371830534111
2202,37,183,053411,2,2021,ACS 2021,371830534112
2190,37,183,053411,3,2021,ACS 2021,371830534113
1009,37,183,053415,1,2021,ACS 2021,371830534151
1090,37,183,053415,2,2021,ACS 2021,371830534152
2734,37,183,053415,3,2021,ACS 2021,371830534153
2205,37,183,053417,1,2021,ACS 2021,371830534171
2522,37,183,053417,2,2021,ACS 2021,371830534172
1458,37,183,053419,1,2021,ACS 2021,371830534191
2462,37,183,053419,2,2021,ACS 2021,371830534192
2734,37,183,053421,1,2021,ACS 2021,371830534211
2576,37,183,053421,2,2021,ACS 2021,371830534212
2252,37,183,053422,1,2021,ACS 2021,371830534221
1265,37,183,053423,1,2021,ACS 2021,371830534231
768,37,183,053423,2,2021,ACS 2021,371830534232
2044,37,183,053424,1,2021,ACS 2021,371830534241
2942,37,183,053424,2,2021,ACS 2021,371830534242
1749,37,183,053425,1,2021,ACS 2021,371830534251
1394,37,183,053425,2,2021,ACS 2021,371830534252
3261,37,183,053426,1,2021,ACS 2021,371830534261
2238,37,183,053426,2,2021,ACS 2021,371830534262
1833,37,183,053427,1,2021,ACS 2021,371830534271
2656,37,183,053427,2,2021,ACS 2021,371830534272
2477,37,183,053428,1,2021,ACS 2021,371830534281
1179,37,183,053428,2,2021,ACS 2021,371830534282
7995,37,183,053428,3,2021,ACS 2021,371830534283
582,37,183,053429,1,2021,ACS 2021,371830534291
2167,37,183,053429,2,2021,ACS 2021,371830534292
1566,37,183,053430,1,2021,ACS 2021,371830534301
942,37,183,053430,2,2021,ACS 2021,371830534302
1782,37,183,053430,3,2021,ACS 2021,371830534303
2749,37,183,053431,1,2021,ACS 2021,371830534311
2042,37,183,053431,2,2021,ACS 2021,371830534312
2647,37,183,053432,1,2021,ACS 2021,371830534321
3050,37,183,053433,1,2021,ACS 2021,371830534331
2915,37,183,053433,2,2021,ACS 2021,371830534332
660,37,183,053434,1,2021,ACS 2021,371830534341
847,37,183,053434,2,2021,ACS 2021,371830534342
2892,37,183,053434,3,2021,ACS 2021,371830534343
4160,37,183,053435,1,2021,ACS 2021,371830534351
1489,37,183,053436,1,2021,ACS 2021,371830534361
1683,37,183,053436,2,2021,ACS 2021,371830534362
1202,37,183,053505,1,2021,ACS 2021,371830535051
930,37,183,053505,2,2021,ACS 2021,371830535052
1005,37,183,053505,3,2021,ACS 2021,371830535053
1093,37,183,053506,1,2021,ACS 2021,371830535061
916,37,183,053506,2,2021,ACS 2021,371830535062
1788,37,183,053506,3,2021,ACS 2021,371830535063
1999,37,183,053506,4,2021,ACS 2021,371830535064
670,37,183,053507,1,2021,ACS 2021,371830535071
1745,37,183,053507,2,2021,ACS 2021,371830535072
1254,37,183,053507,3,2021,ACS 2021,371830535073
1602,37,183,053509,1,2021,ACS 2021,371830535091
2208,37,183,053509,2,2021,ACS 2021,371830535092
1941,37,183,053509,3,2021,ACS 2021,371830535093
3264,37,183,053512,1,2021,ACS 2021,371830535121
2567,37,183,053512,2,2021,ACS 2021,371830535122
1201,37,183,053512,3,2021,ACS 2021,371830535123
2003,37,183,053513,1,2021,ACS 2021,371830535131
2330,37,183,053513,2,2021,ACS 2021,371830535132
2366,37,183,053516,1,2021,ACS 2021,371830535161
1148,37,183,053516,2,2021,ACS 2021,371830535162
2244,37,183,053517,1,2021,ACS 2021,371830535171
625,37,183,053517,2,2021,ACS 2021,371830535172
1405,37,183,053517,3,2021,ACS 2021,371830535173
275,37,183,053517,4,2021,ACS 2021,371830535174
1840,37,183,053518,1,2021,ACS 2021,371830535181
1616,37,183,053518,2,2021,ACS 2021,371830535182
767,37,183,053518,3,2021,ACS 2021,371830535183
1113,37,183,053519,1,2021,ACS 2021,371830535191
2500,37,183,053519,2,2021,ACS 2021,371830535192
1266,37,183,053520,1,2021,ACS 2021,371830535201
3241,37,183,053520,2,2021,ACS 2021,371830535202
2279,37,183,053520,3,2021,ACS 2021,371830535203
2560,37,183,053521,1,2021,ACS 2021,371830535211
1459,37,183,053521,2,2021,ACS 2021,371830535212
2900,37,183,053522,1,2021,ACS 2021,371830535221
1350,37,183,053522,2,2021,ACS 2021,371830535222
3358,37,183,053522,3,2021,ACS 2021,371830535223
2728,37,183,053523,1,2021,ACS 2021,371830535231
3317,37,183,053523,2,2021,ACS 2021,371830535232
1538,37,183,053524,1,2021,ACS 2021,371830535241
1944,37,183,053524,2,2021,ACS 2021,371830535242
1119,37,183,053525,1,2021,ACS 2021,371830535251
2453,37,183,053525,2,2021,ACS 2021,371830535252
2360,37,183,053603,1,2021,ACS 2021,371830536031
2428,37,183,053603,2,2021,ACS 2021,371830536032
1848,37,183,053604,1,2021,ACS 2021,371830536041
2595,37,183,053604,2,2021,ACS 2021,371830536042
4746,37,183,053608,1,2021,ACS 2021,371830536081
3516,37,183,053608,2,2021,ACS 2021,371830536082
1385,37,183,053609,1,2021,ACS 2021,371830536091
1747,37,183,053611,1,2021,ACS 2021,371830536111
2130,37,183,053611,2,2021,ACS 2021,371830536112
1619,37,183,053611,3,2021,ACS 2021,371830536113
1666,37,183,053611,4,2021,ACS 2021,371830536114
409,37,183,053612,1,2021,ACS 2021,371830536121
2565,37,183,053612,2,2021,ACS 2021,371830536122
1230,37,183,053613,1,2021,ACS 2021,371830536131
1231,37,183,053613,2,2021,ACS 2021,371830536132
1858,37,183,053613,3,2021,ACS 2021,371830536133
828,37,183,053614,1,2021,ACS 2021,371830536141
2072,37,183,053614,2,2021,ACS 2021,371830536142
1754,37,183,053615,1,2021,ACS 2021,371830536151
2510,37,183,053615,2,2021,ACS 2021,371830536152
1612,37,183,053616,1,2021,ACS 2021,371830536161
639,37,183,053616,2,2021,ACS 2021,371830536162
2622,37,183,053616,3,2021,ACS 2021,371830536163
1859,37,183,053617,1,2021,ACS 2021,371830536171
4586,37,183,053617,2,2021,ACS 2021,371830536172
3461,37,183,053617,3,2021,ACS 2021,371830536173
2672,37,183,053618,1,2021,ACS 2021,371830536181
1732,37,183,053618,2,2021,ACS 2021,371830536182
565,37,183,053619,1,2021,ACS 2021,371830536191
1360,37,183,053620,1,2021,ACS 2021,371830536201
2303,37,183,053620,2,2021,ACS 2021,371830536202
1871,37,183,053620,3,2021,ACS 2021,371830536203
1530,37,183,053620,4,2021,ACS 2021,371830536204
1644,37,183,053711,1,2021,ACS 2021,371830537111
1772,37,183,053711,2,2021,ACS 2021,371830537112
1313,37,183,053711,3,2021,ACS 2021,371830537113
1331,37,183,053712,1,2021,ACS 2021,371830537121
1615,37,183,053712,2,2021,ACS 2021,371830537122
1571,37,183,053713,1,2021,ACS 2021,371830537131
1416,37,183,053713,2,2021,ACS 2021,371830537132
1936,37,183,053714,1,2021,ACS 2021,371830537141
2184,37,183,053714,2,2021,ACS 2021,371830537142
748,37,183,053714,3,2021,ACS 2021,371830537143
1832,37,183,053715,1,2021,ACS 2021,371830537151
1702,37,183,053715,2,2021,ACS 2021,371830537152
1009,37,183,053716,1,2021,ACS 2021,371830537161
1308,37,183,053716,2,2021,ACS 2021,371830537162
2521,37,183,053716,3,2021,ACS 2021,371830537163
1329,37,183,053717,1,2021,ACS 2021,371830537171
2876,37,183,053717,2,2021,ACS 2021,371830537172
1602,37,183,053718,1,2021,ACS 2021,371830537181
1664,37,183,053718,2,2021,ACS 2021,371830537182
830,37,183,053719,1,2021,ACS 2021,371830537191
1092,37,183,053719,2,2021,ACS 2021,371830537192
1227,37,183,053719,3,2021,ACS 2021,371830537193
1027,37,183,053719,4,2021,ACS 2021,371830537194
1308,37,183,053720,1,2021,ACS 2021,371830537201
847,37,183,053720,2,2021,ACS 2021,371830537202
2144,37,183,053720,3,2021,ACS 2021,371830537203
633,37,183,053721,1,2021,ACS 2021,371830537211
1629,37,183,053721,2,2021,ACS 2021,371830537212
1455,37,183,053721,3,2021,ACS 2021,371830537213
1214,37,183,053722,1,2021,ACS 2021,371830537221
1977,37,183,053722,2,2021,ACS 2021,371830537222
995,37,183,053722,3,2021,ACS 2021,371830537223
673,37,183,053722,4,2021,ACS 2021,371830537224
2001,37,183,053723,1,2021,ACS 2021,371830537231
1534,37,183,053723,2,2021,ACS 2021,371830537232
2253,37,183,053724,1,2021,ACS 2021,371830537241
1745,37,183,053724,2,2021,ACS 2021,371830537242
1533,37,183,053724,3,2021,ACS 2021,371830537243
2378,37,183,053725,1,2021,ACS 2021,371830537251
1372,37,183,053725,2,2021,ACS 2021,371830537252
1381,37,183,053725,3,2021,ACS 2021,371830537253
1642,37,183,053726,1,2021,ACS 2021,371830537261
1486,37,183,053726,2,2021,ACS 2021,371830537262
1744,37,183,053727,1,2021,ACS 2021,371830537271
679,37,183,053727,2,2021,ACS 2021,371830537272
2856,37,183,053727,3,2021,ACS 2021,371830537273
838,37,183,053728,1,2021,ACS 2021,371830537281
1575,37,183,053728,2,2021,ACS 2021,371830537282
2356,37,183,053729,1,2021,ACS 2021,371830537291
2454,37,183,053729,2,2021,ACS 2021,371830537292
980,37,183,053730,1,2021,ACS 2021,371830537301
1860,37,183,053730,2,2021,ACS 2021,371830537302
2804,37,183,053803,1,2021,ACS 2021,371830538031
1204,37,183,053803,2,2021,ACS 2021,371830538032
2476,37,183,053804,1,2021,ACS 2021,371830538041
965,37,183,053804,2,2021,ACS 2021,371830538042
1102,37,183,053805,1,2021,ACS 2021,371830538051
783,37,183,053805,2,2021,ACS 2021,371830538052
2090,37,183,053806,1,2021,ACS 2021,371830538061
1060,37,183,053806,2,2021,ACS 2021,371830538062
1954,37,183,053807,1,2021,ACS 2021,371830538071
2909,37,183,053807,2,2021,ACS 2021,371830538072
975,37,183,053808,1,2021,ACS 2021,371830538081
1403,37,183,053808,2,2021,ACS 2021,371830538082
1986,37,183,053808,3,2021,ACS 2021,371830538083
710,37,183,053808,4,2021,ACS 2021,371830538084
869,37,183,053901,1,2021,ACS 2021,371830539011
1247,37,183,053901,2,2021,ACS 2021,371830539012
2052,37,183,053901,3,2021,ACS 2021,371830539013
877,37,183,053902,1,2021,ACS 2021,371830539021
2319,37,183,053902,2,2021,ACS 2021,371830539022
2752,37,183,053902,3,2021,ACS 2021,371830539023
2294,37,183,054001,1,2021,ACS 2021,371830540011
1198,37,183,054001,2,2021,ACS 2021,371830540012
1786,37,183,054001,3,2021,ACS 2021,371830540013
1496,37,183,054004,1,2021,ACS 2021,371830540041
1255,37,183,054004,2,2021,ACS 2021,371830540042
1007,37,183,054004,3,2021,ACS 2021,371830540043
1183,37,183,054004,4,2021,ACS 2021,371830540044
2397,37,183,054006,1,2021,ACS 2021,371830540061
972,37,183,054006,2,2021,ACS 2021,371830540062
2212,37,183,054007,1,2021,ACS 2021,371830540071
2140,37,183,054007,2,2021,ACS 2021,371830540072
1910,37,183,054008,1,2021,ACS 2021,371830540081
2787,37,183,054008,2,2021,ACS 2021,371830540082
1433,37,183,054008,3,2021,ACS 2021,371830540083
830,37,183,054008,4,2021,ACS 2021,371830540084
1430,37,183,054011,1,2021,ACS 2021,371830540111
1413,37,183,054011,2,2021,ACS 2021,371830540112
1958,37,183,054012,1,2021,ACS 2021,371830540121
1039,37,183,054012,2,2021,ACS 2021,371830540122
643,37,183,054012,3,2021,ACS 2021,371830540123
4380,37,183,054015,1,2021,ACS 2021,371830540151
1180,37,183,054016,1,2021,ACS 2021,371830540161
2313,37,183,054016,2,2021,ACS 2021,371830540162
3147,37,183,054016,3,2021,ACS 2021,371830540163
2684,37,183,054017,1,2021,ACS 2021,371830540171
1455,37,183,054018,1,2021,ACS 2021,371830540181
2443,37,183,054018,2,2021,ACS 2021,371830540182
1990,37,183,054019,1,2021,ACS 2021,371830540191
2754,37,183,054019,2,2021,ACS 2021,371830540192
1268,37,183,054020,1,2021,ACS 2021,371830540201
3372,37,183,054020,2,2021,ACS 2021,371830540202
1075,37,183,054021,1,2021,ACS 2021,371830540211
1534,37,183,054021,2,2021,ACS 2021,371830540212
1093,37,183,054022,1,2021,ACS 2021,371830540221
1672,37,183,054022,2,2021,ACS 2021,371830540222
1676,37,183,054022,3,2021,ACS 2021,371830540223
2332,37,183,054023,1,2021,ACS 2021,371830540231
3153,37,183,054023,2,2021,ACS 2021,371830540232
1811,37,183,054023,3,2021,ACS 2021,371830540233
2345,37,183,054106,1,2021,ACS 2021,371830541061
1957,37,183,054106,2,2021,ACS 2021,371830541062
2169,37,183,054106,3,2021,ACS 2021,371830541063
2167,37,183,054106,4,2021,ACS 2021,371830541064
2044,37,183,054108,1,2021,ACS 2021,371830541081
2679,37,183,054108,2,2021,ACS 2021,371830541082
3368,37,183,054108,3,2021,ACS 2021,371830541083
2277,37,183,054109,1,2021,ACS 2021,371830541091
1732,37,183,054109,2,2021,ACS 2021,371830541092
1862,37,183,054111,1,2021,ACS 2021,371830541111
709,37,183,054111,2,2021,ACS 2021,371830541112
1217,37,183,054112,1,2021,ACS 2021,371830541121
2765,37,183,054112,2,2021,ACS 2021,371830541122
1871,37,183,054113,1,2021,ACS 2021,371830541131
3181,37,183,054113,2,2021,ACS 2021,371830541132
3500,37,183,054114,1,2021,ACS 2021,371830541141
2082,37,183,054114,2,2021,ACS 2021,371830541142
3166,37,183,054114,3,2021,ACS 2021,371830541143
3274,37,183,054115,1,2021,ACS 2021,371830541151
1176,37,183,054115,2,2021,ACS 2021,371830541152
3881,37,183,054115,3,2021,ACS 2021,371830541153
3081,37,183,054116,1,2021,ACS 2021,371830541161
1181,37,183,054116,2,2021,ACS 2021,371830541162
2581,37,183,054116,3,2021,ACS 2021,371830541163
2166,37,183,054117,1,2021,ACS 2021,371830541171
2035,37,183,054117,2,2021,ACS 2021,371830541172
1584,37,183,054117,3,2021,ACS 2021,371830541173
2255,37,183,054118,1,2021,ACS 2021,371830541181
2278,37,183,054118,2,2021,ACS 2021,371830541182
3009,37,183,054119,1,2021,ACS 2021,371830541191
5272,37,183,054119,2,2021,ACS 2021,371830541192
590,37,183,054119,3,2021,ACS 2021,371830541193
1361,37,183,054120,1,2021,ACS 2021,371830541201
4353,37,183,054121,1,2021,ACS 2021,371830541211
4948,37,183,054121,2,2021,ACS 2021,371830541212
1958,37,183,054203,1,2021,ACS 2021,371830542031
2545,37,183,054203,2,2021,ACS 2021,371830542032
3034,37,183,054204,1,2021,ACS 2021,371830542041
2350,37,183,054204,2,2021,ACS 2021,371830542042
743,37,183,054206,1,2021,ACS 2021,371830542061
3416,37,183,054206,2,2021,ACS 2021,371830542062
2116,37,183,054206,3,2021,ACS 2021,371830542063
2093,37,183,054212,1,2021,ACS 2021,371830542121
1974,37,183,054212,2,2021,ACS 2021,371830542122
3091,37,183,054212,3,2021,ACS 2021,371830542123
1021,37,183,054213,1,2021,ACS 2021,371830542131
1540,37,183,054213,2,2021,ACS 2021,371830542132
1027,37,183,054213,3,2021,ACS 2021,371830542133
931,37,183,054214,1,2021,ACS 2021,371830542141
1298,37,183,054214,2,2021,ACS 2021,371830542142
1240,37,183,054215,1,2021,ACS 2021,371830542151
3503,37,183,054215,2,2021,ACS 2021,371830542152
871,37,183,054216,1,2021,ACS 2021,371830542161
1735,37,183,054216,2,2021,ACS 2021,371830542162
2348,37,183,054216,3,2021,ACS 2021,371830542163
2924,37,183,054217,1,2021,ACS 2021,371830542171
525,37,183,054217,2,2021,ACS 2021,371830542172
2695,37,183,054217,3,2021,ACS 2021,371830542173
3350,37,183,054218,1,2021,ACS 2021,371830542181
2295,37,183,054218,2,2021,ACS 2021,371830542182
1382,37,183,054218,3,2021,ACS 2021,371830542183
1746,37,183,054218,4,2021,ACS 2021,371830542184
2032,37,183,054219,1,2021,ACS 2021,371830542191
2295,37,183,054219,2,2021,ACS 2021,371830542192
2408,37,183,054220,1,2021,ACS 2021,371830542201
822,37,183,054220,2,2021,ACS 2021,371830542202
2145,37,183,054220,3,2021,ACS 2021,371830542203
3025,37,183,054221,1,2021,ACS 2021,371830542211
1436,37,183,054221,2,2021,ACS 2021,371830542212
1842,37,183,054221,3,2021,ACS 2021,371830542213
2047,37,183,054222,1,2021,ACS 2021,371830542221
2056,37,183,054222,2,2021,ACS 2021,371830542222
3459,37,183,054222,3,2021,ACS 2021,371830542223
136,37,183,054222,4,2021,ACS 2021,371830542224
1494,37,183,054223,1,2021,ACS 2021,371830542231
1291,37,183,054223,2,2021,ACS 2021,371830542232
1847,37,183,054224,1,2021,ACS 2021,371830542241
1575,37,183,054224,2,2021,ACS 2021,371830542242
1715,37,183,054224,3,2021,ACS 2021,371830542243
1575,37,183,054303,1,2021,ACS 2021,371830543031
1154,37,183,054303,2,2021,ACS 2021,371830543032
2825,37,183,054304,1,2021,ACS 2021,371830543041
1365,37,183,054304,2,2021,ACS 2021,371830543042
1969,37,183,054305,1,2021,ACS 2021,371830543051
2602,37,183,054305,2,2021,ACS 2021,371830543052
2127,37,183,054306,1,2021,ACS 2021,371830543061
1915,37,183,054306,2,2021,ACS 2021,371830543062
570,37,183,054306,3,2021,ACS 2021,371830543063
1096,37,183,054402,1,2021,ACS 2021,371830544021
3027,37,183,054402,2,2021,ACS 2021,371830544022
4044,37,183,054402,3,2021,ACS 2021,371830544023
1029,37,183,054403,1,2021,ACS 2021,371830544031
1280,37,183,054403,2,2021,ACS 2021,371830544032
1547,37,183,054403,3,2021,ACS 2021,371830544033
3787,37,183,054404,1,2021,ACS 2021,371830544041
1333,37,183,054404,2,2021,ACS 2021,371830544042
2593,37,183,054404,3,2021,ACS 2021,371830544043
1254,37,183,054501,1,2021,ACS 2021,371830545011
1582,37,183,054501,2,2021,ACS 2021,371830545012
755,37,183,054501,3,2021,ACS 2021,371830545013
2432,37,183,054501,4,2021,ACS 2021,371830545014
1088,37,183,054502,1,2021,ACS 2021,371830545021
363,37,183,054502,2,2021,ACS 2021,371830545022
1486,37,183,054502,3,2021,ACS 2021,371830545023
1271,37,183,054502,4,2021,ACS 2021,371830545024
0,37,183,980100,1,2021,ACS 2021,371839801001
0,37,183,980200,1,2021,ACS 2021,371839802001
1128,37,185,950101,1,2021,ACS 2021,371859501011
1328,37,185,950101,2,2021,ACS 2021,371859501012
1376,37,185,950102,1,2021,ACS 2021,371859501021
681,37,185,950103,1,2021,ACS 2021,371859501031
1800,37,185,950103,2,2021,ACS 2021,371859501032
1100,37,185,950201,1,2021,ACS 2021,371859502011
860,37,185,950201,2,2021,ACS 2021,371859502012
1696,37,185,950201,3,2021,ACS 2021,371859502013
951,37,185,950202,1,2021,ACS 2021,371859502021
1297,37,185,950202,2,2021,ACS 2021,371859502022
1650,37,185,950300,1,2021,ACS 2021,371859503001
775,37,185,950300,2,2021,ACS 2021,371859503002
1018,37,185,950300,3,2021,ACS 2021,371859503003
1682,37,185,950400,1,2021,ACS 2021,371859504001
1547,37,185,950400,2,2021,ACS 2021,371859504002
0,37,187,950100,0,2021,ACS 2021,371879501000
431,37,187,950100,1,2021,ACS 2021,371879501001
561,37,187,950100,2,2021,ACS 2021,371879501002
641,37,187,950100,3,2021,ACS 2021,371879501003
1036,37,187,950100,4,2021,ACS 2021,371879501004
631,37,187,950100,5,2021,ACS 2021,371879501005
852,37,187,950100,6,2021,ACS 2021,371879501006
1279,37,187,950201,1,2021,ACS 2021,371879502011
474,37,187,950201,2,2021,ACS 2021,371879502012
975,37,187,950201,3,2021,ACS 2021,371879502013
852,37,187,950202,1,2021,ACS 2021,371879502021
457,37,187,950202,2,2021,ACS 2021,371879502022
1403,37,187,950202,3,2021,ACS 2021,371879502023
711,37,187,950300,1,2021,ACS 2021,371879503001
880,37,187,950300,2,2021,ACS 2021,371879503002
1845,37,189,920100,1,2021,ACS 2021,371899201001
1441,37,189,920100,2,2021,ACS 2021,371899201002
1246,37,189,920100,3,2021,ACS 2021,371899201003
1588,37,189,920200,1,2021,ACS 2021,371899202001
1578,37,189,920200,2,2021,ACS 2021,371899202002
1014,37,189,920200,3,2021,ACS 2021,371899202003
1201,37,189,920300,1,2021,ACS 2021,371899203001
1036,37,189,920300,2,2021,ACS 2021,371899203002
3457,37,189,920400,1,2021,ACS 2021,371899204001
1095,37,189,920400,2,2021,ACS 2021,371899204002
2307,37,189,920400,3,2021,ACS 2021,371899204003
1145,37,189,920400,4,2021,ACS 2021,371899204004
2480,37,189,920500,1,2021,ACS 2021,371899205001
4499,37,189,920500,2,2021,ACS 2021,371899205002
1096,37,189,920601,1,2021,ACS 2021,371899206011
2269,37,189,920601,2,2021,ACS 2021,371899206012
2429,37,189,920601,3,2021,ACS 2021,371899206013
2546,37,189,920602,1,2021,ACS 2021,371899206021
2239,37,189,920701,1,2021,ACS 2021,371899207011
1689,37,189,920702,1,2021,ACS 2021,371899207021
1902,37,189,920702,2,2021,ACS 2021,371899207022
1658,37,189,920703,1,2021,ACS 2021,371899207031
1259,37,189,920703,2,2021,ACS 2021,371899207032
3131,37,189,920703,3,2021,ACS 2021,371899207033
1329,37,189,920800,1,2021,ACS 2021,371899208001
1332,37,189,920800,2,2021,ACS 2021,371899208002
1191,37,189,920900,1,2021,ACS 2021,371899209001
1287,37,189,920900,2,2021,ACS 2021,371899209002
1004,37,189,920900,3,2021,ACS 2021,371899209003
351,37,189,920900,4,2021,ACS 2021,371899209004
629,37,189,920900,5,2021,ACS 2021,371899209005
804,37,189,921000,1,2021,ACS 2021,371899210001
1157,37,191,000102,1,2021,ACS 2021,371910001021
1617,37,191,000102,2,2021,ACS 2021,371910001022
956,37,191,000102,3,2021,ACS 2021,371910001023
1926,37,191,000102,4,2021,ACS 2021,371910001024
714,37,191,000103,1,2021,ACS 2021,371910001031
1794,37,191,000103,2,2021,ACS 2021,371910001032
1726,37,191,000104,1,2021,ACS 2021,371910001041
2239,37,191,000104,2,2021,ACS 2021,371910001042
1602,37,191,000104,3,2021,ACS 2021,371910001043
819,37,191,000200,1,2021,ACS 2021,371910002001
729,37,191,000200,2,2021,ACS 2021,371910002002
1726,37,191,000200,3,2021,ACS 2021,371910002003
1507,37,191,000302,1,2021,ACS 2021,371910003021
2114,37,191,000302,2,2021,ACS 2021,371910003022
1576,37,191,000302,3,2021,ACS 2021,371910003023
2515,37,191,000303,1,2021,ACS 2021,371910003031
1840,37,191,000303,2,2021,ACS 2021,371910003032
1982,37,191,000303,3,2021,ACS 2021,371910003033
2915,37,191,000304,1,2021,ACS 2021,371910003041
1524,37,191,000304,2,2021,ACS 2021,371910003042
1083,37,191,000304,3,2021,ACS 2021,371910003043
529,37,191,000401,1,2021,ACS 2021,371910004011
498,37,191,000401,2,2021,ACS 2021,371910004012
1360,37,191,000401,3,2021,ACS 2021,371910004013
3342,37,191,000401,4,2021,ACS 2021,371910004014
1327,37,191,000402,1,2021,ACS 2021,371910004021
1786,37,191,000402,2,2021,ACS 2021,371910004022
1075,37,191,000402,3,2021,ACS 2021,371910004023
1056,37,191,000500,1,2021,ACS 2021,371910005001
715,37,191,000500,2,2021,ACS 2021,371910005002
1324,37,191,000500,3,2021,ACS 2021,371910005003
1564,37,191,000601,1,2021,ACS 2021,371910006011
695,37,191,000601,2,2021,ACS 2021,371910006012
1735,37,191,000601,3,2021,ACS 2021,371910006013
818,37,191,000603,1,2021,ACS 2021,371910006031
724,37,191,000603,2,2021,ACS 2021,371910006032
1712,37,191,000603,3,2021,ACS 2021,371910006033
1950,37,191,000603,4,2021,ACS 2021,371910006034
1171,37,191,000604,1,2021,ACS 2021,371910006041
1441,37,191,000604,2,2021,ACS 2021,371910006042
551,37,191,000604,3,2021,ACS 2021,371910006043
897,37,191,000700,1,2021,ACS 2021,371910007001
664,37,191,000700,2,2021,ACS 2021,371910007002
915,37,191,000700,3,2021,ACS 2021,371910007003
860,37,191,000800,1,2021,ACS 2021,371910008001
1694,37,191,000800,2,2021,ACS 2021,371910008002
1853,37,191,000901,1,2021,ACS 2021,371910009011
1623,37,191,000901,2,2021,ACS 2021,371910009012
1404,37,191,000901,3,2021,ACS 2021,371910009013
1610,37,191,000902,1,2021,ACS 2021,371910009021
1330,37,191,000902,2,2021,ACS 2021,371910009022
1953,37,191,000902,3,2021,ACS 2021,371910009023
1481,37,191,001000,1,2021,ACS 2021,371910010001
1462,37,191,001000,2,2021,ACS 2021,371910010002
1180,37,191,001000,3,2021,ACS 2021,371910010003
673,37,191,001102,1,2021,ACS 2021,371910011021
1219,37,191,001102,2,2021,ACS 2021,371910011022
1478,37,191,001102,3,2021,ACS 2021,371910011023
1353,37,191,001103,1,2021,ACS 2021,371910011031
1675,37,191,001103,2,2021,ACS 2021,371910011032
735,37,191,001103,3,2021,ACS 2021,371910011033
2187,37,191,001104,1,2021,ACS 2021,371910011041
1384,37,191,001104,2,2021,ACS 2021,371910011042
3194,37,191,001200,1,2021,ACS 2021,371910012001
398,37,191,001200,2,2021,ACS 2021,371910012002
2082,37,191,001301,1,2021,ACS 2021,371910013011
1300,37,191,001301,2,2021,ACS 2021,371910013012
2089,37,191,001301,3,2021,ACS 2021,371910013013
1757,37,191,001302,1,2021,ACS 2021,371910013021
2074,37,191,001302,2,2021,ACS 2021,371910013022
980,37,191,001401,1,2021,ACS 2021,371910014011
1115,37,191,001401,2,2021,ACS 2021,371910014012
1558,37,191,001401,3,2021,ACS 2021,371910014013
1268,37,191,001402,1,2021,ACS 2021,371910014021
816,37,191,001402,2,2021,ACS 2021,371910014022
1589,37,191,001500,1,2021,ACS 2021,371910015001
764,37,191,001500,2,2021,ACS 2021,371910015002
1803,37,191,001800,1,2021,ACS 2021,371910018001
733,37,191,001800,2,2021,ACS 2021,371910018002
1656,37,191,001900,1,2021,ACS 2021,371910019001
1035,37,191,001900,2,2021,ACS 2021,371910019002
1489,37,191,001900,3,2021,ACS 2021,371910019003
928,37,191,002000,1,2021,ACS 2021,371910020001
1917,37,193,960101,1,2021,ACS 2021,371939601011
360,37,193,960101,2,2021,ACS 2021,371939601012
652,37,193,960101,3,2021,ACS 2021,371939601013
958,37,193,960102,1,2021,ACS 2021,371939601021
1702,37,193,960102,2,2021,ACS 2021,371939601022
921,37,193,960102,3,2021,ACS 2021,371939601023
981,37,193,960200,1,2021,ACS 2021,371939602001
841,37,193,960200,2,2021,ACS 2021,371939602002
1633,37,193,960200,3,2021,ACS 2021,371939602003
964,37,193,960300,1,2021,ACS 2021,371939603001
1843,37,193,960300,2,2021,ACS 2021,371939603002
1653,37,193,960300,3,2021,ACS 2021,371939603003
2110,37,193,960300,4,2021,ACS 2021,371939603004
1079,37,193,960401,1,2021,ACS 2021,371939604011
1692,37,193,960401,2,2021,ACS 2021,371939604012
1091,37,193,960401,3,2021,ACS 2021,371939604013
1384,37,193,960402,1,2021,ACS 2021,371939604021
1350,37,193,960402,2,2021,ACS 2021,371939604022
825,37,193,960402,3,2021,ACS 2021,371939604023
1418,37,193,960500,1,2021,ACS 2021,371939605001
943,37,193,960500,2,2021,ACS 2021,371939605002
523,37,193,960500,3,2021,ACS 2021,371939605003
1110,37,193,960600,1,2021,ACS 2021,371939606001
641,37,193,960600,2,2021,ACS 2021,371939606002
956,37,193,960600,3,2021,ACS 2021,371939606003
1869,37,193,960700,1,2021,ACS 2021,371939607001
1246,37,193,960700,2,2021,ACS 2021,371939607002
1242,37,193,960700,3,2021,ACS 2021,371939607003
1266,37,193,960801,1,2021,ACS 2021,371939608011
695,37,193,960801,2,2021,ACS 2021,371939608012
1690,37,193,960801,3,2021,ACS 2021,371939608013
1513,37,193,960802,1,2021,ACS 2021,371939608021
663,37,193,960802,2,2021,ACS 2021,371939608022
1466,37,193,960802,3,2021,ACS 2021,371939608023
1127,37,193,960802,4,2021,ACS 2021,371939608024
989,37,193,960901,1,2021,ACS 2021,371939609011
1303,37,193,960901,2,2021,ACS 2021,371939609012
809,37,193,960902,1,2021,ACS 2021,371939609021
1251,37,193,960902,2,2021,ACS 2021,371939609022
1019,37,193,961001,1,2021,ACS 2021,371939610011
853,37,193,961001,2,2021,ACS 2021,371939610012
1806,37,193,961001,3,2021,ACS 2021,371939610013
565,37,193,961001,4,2021,ACS 2021,371939610014
1266,37,193,961002,1,2021,ACS 2021,371939610021
838,37,193,961002,2,2021,ACS 2021,371939610022
1613,37,193,961002,3,2021,ACS 2021,371939610023
1374,37,193,961002,4,2021,ACS 2021,371939610024
1080,37,193,961100,1,2021,ACS 2021,371939611001
878,37,193,961100,2,2021,ACS 2021,371939611002
1525,37,193,961100,3,2021,ACS 2021,371939611003
1481,37,193,961201,1,2021,ACS 2021,371939612011
1101,37,193,961201,2,2021,ACS 2021,371939612012
1213,37,193,961201,3,2021,ACS 2021,371939612013
1427,37,193,961202,1,2021,ACS 2021,371939612021
1620,37,193,961202,2,2021,ACS 2021,371939612022
1034,37,195,000100,1,2021,ACS 2021,371950001001
1041,37,195,000100,2,2021,ACS 2021,371950001002
611,37,195,000100,3,2021,ACS 2021,371950001003
814,37,195,000100,4,2021,ACS 2021,371950001004
1028,37,195,000200,1,2021,ACS 2021,371950002001
915,37,195,000300,1,2021,ACS 2021,371950003001
1300,37,195,000300,2,2021,ACS 2021,371950003002
1012,37,195,000401,1,2021,ACS 2021,371950004011
1410,37,195,000401,2,2021,ACS 2021,371950004012
1252,37,195,000401,3,2021,ACS 2021,371950004013
1242,37,195,000401,4,2021,ACS 2021,371950004014
1485,37,195,000402,1,2021,ACS 2021,371950004021
1977,37,195,000402,2,2021,ACS 2021,371950004022
1933,37,195,000501,1,2021,ACS 2021,371950005011
1624,37,195,000501,2,2021,ACS 2021,371950005012
959,37,195,000502,1,2021,ACS 2021,371950005021
1655,37,195,000502,2,2021,ACS 2021,371950005022
1337,37,195,000502,3,2021,ACS 2021,371950005023
1195,37,195,000502,4,2021,ACS 2021,371950005024
1202,37,195,000601,1,2021,ACS 2021,371950006011
609,37,195,000601,2,2021,ACS 2021,371950006012
922,37,195,000601,3,2021,ACS 2021,371950006013
1252,37,195,000601,4,2021,ACS 2021,371950006014
2065,37,195,000602,1,2021,ACS 2021,371950006021
1158,37,195,000602,2,2021,ACS 2021,371950006022
473,37,195,000701,1,2021,ACS 2021,371950007011
1692,37,195,000701,2,2021,ACS 2021,371950007012
576,37,195,000702,1,2021,ACS 2021,371950007021
638,37,195,000702,2,2021,ACS 2021,371950007022
260,37,195,000702,3,2021,ACS 2021,371950007023
921,37,195,000702,4,2021,ACS 2021,371950007024
222,37,195,000801,1,2021,ACS 2021,371950008011
1530,37,195,000801,2,2021,ACS 2021,371950008012
595,37,195,000801,3,2021,ACS 2021,371950008013
1549,37,195,000802,1,2021,ACS 2021,371950008021
1317,37,195,000802,2,2021,ACS 2021,371950008022
733,37,195,000802,3,2021,ACS 2021,371950008023
837,37,195,000900,1,2021,ACS 2021,371950009001
2779,37,195,000900,2,2021,ACS 2021,371950009002
682,37,195,000900,3,2021,ACS 2021,371950009003
1513,37,195,001000,1,2021,ACS 2021,371950010001
663,37,195,001100,1,2021,ACS 2021,371950011001
625,37,195,001100,2,2021,ACS 2021,371950011002
1711,37,195,001200,1,2021,ACS 2021,371950012001
927,37,195,001200,2,2021,ACS 2021,371950012002
967,37,195,001200,3,2021,ACS 2021,371950012003
607,37,195,001301,1,2021,ACS 2021,371950013011
1649,37,195,001301,2,2021,ACS 2021,371950013012
729,37,195,001301,3,2021,ACS 2021,371950013013
977,37,195,001302,1,2021,ACS 2021,371950013021
984,37,195,001302,2,2021,ACS 2021,371950013022
173,37,195,001302,3,2021,ACS 2021,371950013023
912,37,195,001401,1,2021,ACS 2021,371950014011
2198,37,195,001401,2,2021,ACS 2021,371950014012
5509,37,195,001402,1,2021,ACS 2021,371950014021
1352,37,195,001501,1,2021,ACS 2021,371950015011
1430,37,195,001501,2,2021,ACS 2021,371950015012
1203,37,195,001502,1,2021,ACS 2021,371950015021
1924,37,195,001502,2,2021,ACS 2021,371950015022
1233,37,195,001600,1,2021,ACS 2021,371950016001
1197,37,195,001600,2,2021,ACS 2021,371950016002
1139,37,195,001600,3,2021,ACS 2021,371950016003
1062,37,195,001700,1,2021,ACS 2021,371950017001
1273,37,195,001700,2,2021,ACS 2021,371950017002
1051,37,195,001700,3,2021,ACS 2021,371950017003
2132,37,197,050101,1,2021,ACS 2021,371970501011
2582,37,197,050101,2,2021,ACS 2021,371970501012
812,37,197,050101,3,2021,ACS 2021,371970501013
806,37,197,050102,1,2021,ACS 2021,371970501021
854,37,197,050102,2,2021,ACS 2021,371970501022
1496,37,197,050102,3,2021,ACS 2021,371970501023
523,37,197,050102,4,2021,ACS 2021,371970501024
1679,37,197,050200,1,2021,ACS 2021,371970502001
1763,37,197,050200,2,2021,ACS 2021,371970502002
1107,37,197,050200,3,2021,ACS 2021,371970502003
864,37,197,050300,1,2021,ACS 2021,371970503001
870,37,197,050300,2,2021,ACS 2021,371970503002
755,37,197,050300,3,2021,ACS 2021,371970503003
818,37,197,050300,4,2021,ACS 2021,371970503004
690,37,197,050300,5,2021,ACS 2021,371970503005
1696,37,197,050300,6,2021,ACS 2021,371970503006
219,37,197,050401,1,2021,ACS 2021,371970504011
2448,37,197,050401,2,2021,ACS 2021,371970504012
541,37,197,050401,3,2021,ACS 2021,371970504013
1256,37,197,050402,1,2021,ACS 2021,371970504021
1801,37,197,050402,2,2021,ACS 2021,371970504022
1653,37,197,050502,1,2021,ACS 2021,371970505021
1512,37,197,050502,2,2021,ACS 2021,371970505022
1428,37,197,050502,3,2021,ACS 2021,371970505023
1508,37,197,050503,1,2021,ACS 2021,371970505031
1853,37,197,050503,2,2021,ACS 2021,371970505032
1054,37,197,050504,1,2021,ACS 2021,371970505041
395,37,197,050504,2,2021,ACS 2021,371970505042
2083,37,197,050504,3,2021,ACS 2021,371970505043
2297,37,199,960101,1,2021,ACS 2021,371999601011
2001,37,199,960101,2,2021,ACS 2021,371999601012
1988,37,199,960102,1,2021,ACS 2021,371999601021
1387,37,199,960200,1,2021,ACS 2021,371999602001
1589,37,199,960200,2,2021,ACS 2021,371999602002
1350,37,199,960200,3,2021,ACS 2021,371999602003
1989,37,199,960300,1,2021,ACS 2021,371999603001
1302,37,199,960300,2,2021,ACS 2021,371999603002
1409,37,199,960400,1,2021,ACS 2021,371999604001
3045,37,199,960400,2,2021,ACS 2021,371999604002
