X,Y,Rate_per_100000,PopulationDensity,Beer,NoHealthInsurance,Neighbor_Disadvantage
-86.443581,32.472082,222.5,9630.25297,14.775616,91.45,-1.17901
-87.78623,31.112755,172.7,14435.29598,54.869272,282.13,-10.238901
-85.572544,31.800161,499,1191.26062,3.071859,103.5,6.661802
-87.009323,32.961403,204.1,174.20999,3.707315,48.14,0.646958
-86.635686,34.032785,72.3,847.5534,15.319032,101.41,-0.864327
-85.825803,32.068123,570.5,56.738031,2.217519,34.15,2.191279
-86.588424,31.903303,395.2,1386.81512,2.251809,54.58,0.98855
-85.873202,33.64412,274.8,16342.04627,15.51005,299.22,11.429899
-85.197184,32.847257,407.1,2942.74245,8.091798,79.97,0.222689
-85.569484,34.355408,122.7,413.08889,4.515066,52.55,-0.666968
-86.738255,32.772464,138.5,946.39676,4.552529,112.67,1.44697
-88.212506,32.066324,230.4,56.22487,1.937653,40.9,1.364559
-87.699686,31.634827,188.9,216.7897,4.513315,49.14,2.597825
-85.877103,33.304726,176.5,99.80688,1.914941,43.25,1.038601
-85.562208,33.692621,103.6,118.16607,2.291052,49.9,0.01518
-86.028552,31.253286,175.8,5484.84227,12.52581,154.77,0.724189
-87.63981,34.747097,119.4,11273.90568,25.853744,106.67,-0.301514
-86.800952,31.38495,272.5,100.068435,1.777162,64.32,2.561512
-86.335788,33.002011,190.7,63.16255,1.766569,23.93,-0.550078
-86.404756,31.438935,153.6,1995.495482,31.736483,164.16,3.579443
-86.226238,31.726809,172.3,137.17821,4.329227,55.87,0.955247
-86.864139,34.187442,92.6,3845.2412,26.612414,195.92,-0.724786
-85.636959,31.445272,326.6,3222.74381,12.410722,158.31,1.098757
-87.033485,32.564382,453.9,8242.41905,17.689634,148.41,10.129236
-85.637516,34.456554,102.6,1557.03998,11.858952,195.39,1.367971
-85.979538,32.516028,269.2,4324.49013,19.233431,115.03,-3.410143
-86.89051,31.115195,264.3,1153.2846,8.031614,130.74,4.628415
-85.967496,34.001389,217.5,25207.03183,28.668901,385.81,7.186268
-87.636713,33.808525,101.2,155.69392,2.639002,39.53,0.497314
-88.072658,34.521142,81,1167.0367,4.392688,109.42,0.546665
-86.08719,31.088301,175.1,321.47992,8.622159,74.36,0.129409
-87.938855,32.688042,437.5,39.829007,1.474541,38.18,3.054224
-87.701022,32.864468,499.6,143.30454,7.161972,48.58,2.538798
-85.255158,31.566294,258.4,257.73823,6.687084,58.26,0.411673
-85.419304,31.220099,397.3,21872.54069,47.764159,245.72,5.882603
-86.218177,34.867007,88.2,1474.538435,10.622809,107.49,-0.180651
-86.857717,33.512429,672.8,321253.1794,259.868544,1696.67,37.495006
-88.096943,33.946116,110.7,69.30521,2.282515,31.76,1.080928
-87.681804,34.829955,118.4,20063.76042,39.675399,225.61,-0.791214
-87.41755,34.567622,86.2,607.20763,9.271752,79.07,0.669066
-85.515268,32.596024,224.2,37331.06115,31.270406,209.83,0.856842
-86.982912,34.78542,133.7,7662.28827,22.321563,161.48,0.027585
-86.719898,32.270648,613.6,47.92676,1.899027,25.73,2.495226
-85.624798,32.302491,612.5,4161.116129,7.117618,97.31,7.697141
-86.69641,34.960651,259.9,115965.0386,110.253721,694.19,4.905173
-87.94483,32.08018,169.8,216.729892,3.191158,49.92,1.488777
-87.949791,34.196722,137.3,343.59282,10.123235,64.61,1.546879
-86.226351,34.280137,159.1,5606.648,10.842391,221.49,-0.353104
-88.143755,30.643455,554.5,201353.3882,117.921643,1296.07,25.728792
-87.413893,31.716986,192.3,192.413689,3.60701,86.18,6.896361
-86.228474,32.372142,789.9,113407.9125,28.742669,646.7,19.008583
-87.008751,34.59699,140.7,28705.70321,37.92904,268.48,-1.075685
-87.13947,32.685264,366.8,39.585197,2.823203,32.43,2.385453
-88.10342,33.142607,307.8,130.28584,3.951037,45.13,1.746868
-85.996562,31.782457,414.5,850.16807,19.486989,75.12,1.584253
-85.527882,33.426217,82.7,279.04133,7.724451,55.74,0.843262
-85.006312,32.474319,412.2,14390.73187,26.436849,156.86,5.704339
-86.200866,33.751917,156.6,3284.11402,11.986526,116.46,-1.302017
-86.793157,33.358377,181.2,44719.02741,62.163814,325.48,-20.467954
-88.247798,32.850612,404.5,52.475309,3.465788,48.76,2.42618
-86.181643,33.301196,249.7,8934.8509,15.888705,214.04,10.397788
-85.649304,32.77661,212.1,998.26978,6.145916,80.7,3.651448
-87.327522,33.324315,291.7,71166.58166,102.546562,374.2,15.856987
-87.304314,33.952927,147.5,2503.22764,10.481508,220.21,3.933737
-88.053624,31.417921,101.1,83.036808,1.575356,49.39,0.739965
-87.41633,32.14173,264.8,30.296367,0.592929,22.99,1.561977
-87.385555,34.132591,44.2,372.62932,5.522667,82.17,0.975238
-109.184475,35.416491,187.1,978.059264,2.171438,117.95,2.109407
-110.24907,31.546888,193.9,25280.39202,15.586582,241.46,2.277397
-111.01837,35.714053,142.6,34446.34533,28.808628,254.54,-3.46012
-111.525429,34.343019,101.3,2819.513384,10.781453,126.58,-1.345791
-109.947699,33.275953,92.3,5601.539594,3.257437,40.25,-0.181156
-109.346176,32.978057,92.3,33.34649,0.242484,3.96,-0.772227
-114.013445,34.1987,117.1,2010.678405,3.830234,69.09,-0.045882
-112.155854,33.54579,312.8,4520601.597,1145.511689,9564.95,-116.292106
-114.623754,35.103767,140.3,53534.91633,43.324298,382.69,-0.085453
-110.32226,35.760414,149.5,3903.715004,6.674027,249.84,8.995153
-110.949372,32.26412,295.1,727035.2582,251.30407,2059.3,-4.025224
-111.554658,33.234506,262.9,115722.1989,73.163158,672.68,0.146899
-110.643677,31.56525,152.9,8329.680782,15.879055,106.3,7.982958
-112.366388,34.826834,132.6,33388.40876,43.147099,412.41,-14.645732
-114.594268,32.680498,163.2,132833.5924,52.569979,529.77,15.541122
-91.21635,34.349886,260.8,997.004183,22.725548,27.37,0.922047
-91.914274,33.299483,138.6,601.937834,14.010182,53.34,0.097837
-92.3816,36.308297,106.1,2320.09345,9.540487,45.9,-3.233826
-94.195692,36.346352,120,53155.14646,106.269816,455.4,-21.127954
-92.977134,36.372565,76.1,2277.63908,7.684956,47.88,-1.282543
-92.140199,33.644146,134.8,190.629087,3.505851,56.73,1.249191
-92.407057,33.542677,179.7,16.55653,5.982599,18.56,-0.404368
-93.469359,36.238533,229.5,422.81735,10.377352,57.45,-1.741664
-91.299499,33.286022,337.3,311.333811,3.779508,37,2.361064
-93.30935,34.133292,150.4,2513.68568,11.941684,43.47,-1.412509
-90.387595,36.37404,73.1,714.557399,10.469981,38.99,1.310455
-91.998781,35.510075,110.2,791.62178,27.339969,55.43,-1.958417
-92.155977,33.815391,132.7,27.5062,5.022037,11.22,-0.000984
-93.247109,33.255511,170.4,1796.17702,7.334717,35.97,2.821931
-92.875065,35.111303,154.4,432.32888,28.73391,40.17,0.141585
-90.681947,35.844015,180.8,19027.98602,33.230593,151.71,1.261947
-94.344003,35.451495,108.6,5884.43708,27.488664,91.89,-0.692903
-90.154121,35.14182,557.3,20536.97362,32.98829,151.91,9.251217
-90.765079,35.229859,250.2,1182.267702,21.56089,48.19,0.740477
-91.161473,33.866174,192.4,108.8683,6.813835,18.05,4.584051
-91.882993,33.586464,157.6,419.514296,10.776329,27.63,0.212508
-92.218844,35.242036,158.5,24973.22452,82.779158,219.52,-5.79633
-93.878696,35.624244,86.8,130.22197,10.014875,16.37,-0.09811
-91.962564,36.377212,131,39.55559,2.73957,23.43,-0.108666
-93.047366,34.416188,247.1,15240.76317,78.399042,228.27,2.245859
-92.567293,34.296421,135.8,393.57998,15.542997,18.21,0.004138
-90.49534,36.173074,98.6,4246.58252,19.085674,66.29,0.5123
-93.620451,33.854582,142.6,1181.8866,5.145044,44.21,0.218773
-93.210482,34.331756,217.2,1681.57186,26.78155,54.07,-0.247843
-93.925394,33.877461,158.6,605.30152,4.36548,26.1,0.486444
-91.582858,35.597624,147,1092.58606,11.604788,68.51,-0.801065
-91.92754,36.139118,151.4,113.3443,3.020161,25.41,-0.343984
-91.173693,35.780776,271.4,445.11164,9.617981,39.19,1.630313
-92.053554,34.243662,506.5,22183.87404,69.309775,164.73,26.467176
-93.628447,35.475367,54.7,815.92735,6.839529,64.09,0.015307
-93.625262,33.170435,138.2,34.01302,2.941887,16.65,0.613861
-91.027145,35.959132,79.4,813.869787,6.309891,43.63,0.282382
-90.625602,34.785605,530.8,297.657182,8.057583,28.2,2.004989
-91.710579,33.909868,338.8,232.624213,13.756316,26.5,0.06152
-94.006129,33.639257,154,113.50128,3.376812,23.75,0.540405
-93.476388,35.284267,76.4,801.19668,4.565296,40,-0.038974
-91.747476,34.736278,119.2,6378.038132,84.984907,123.87,-3.350684
-93.751926,36.208572,94.2,159.7661,6.305111,38.84,0.037235
-92.584648,36.281656,131.4,156.97136,3.369605,22.63,0.060526
-94.036511,33.438051,330.5,15218.22302,32.862381,106.58,4.993398
-89.879022,35.941338,250.8,2999.7536,43.33986,97.82,7.569564
-91.141523,34.603114,336.5,48.912558,19.795327,26.28,1.365944
-93.505557,34.602279,76.1,38.88949,16.911555,28.63,0.225398
-93.258631,33.677803,173.9,46.347703,3.950678,27.21,0.815888
-92.750669,33.709307,249.7,1614.49161,6.274237,43.66,2.096545
-92.855125,34.950385,113.7,69.918111,8.392494,15.29,-0.194843
-90.866142,34.318367,353.2,1099.920179,18.576819,47.76,6.695726
-93.604327,34.038356,77,56.614901,25.783328,27.8,-0.910743
-90.500527,35.671795,97.4,1446.431484,16.899272,85.93,1.937175
-94.070632,34.562555,83.3,350.75783,5.512469,62.57,1.069932
-93.151669,35.271973,100.7,5252.491495,19.739396,91.82,-0.322116
-91.613731,34.737211,188.8,38.01639,18.271078,24.63,0.389245
-92.364291,34.73404,606.7,180145.6518,410.543414,777.23,10.741438
-90.87292,36.328468,93.1,665.99519,2.981817,28.39,0.25536
-90.987431,35.010401,264.6,1555.48544,16.499796,50.02,3.090411
-92.371064,34.603949,121.8,13930.50312,150.261677,120.16,-5.67948
-94.13018,34.928714,93.8,250.036247,3.189772,26.97,1.141903
-94.387828,35.380201,195.5,46454.07482,57.336511,276.57,1.385044
-94.377488,33.996328,89.1,963.24747,3.298207,63.46,0.204507
-91.498776,36.187518,67.5,203.08193,2.169814,27.43,0.32476
-92.257844,35.884142,91.7,54.00786,0.94071,14.72,-0.137013
-92.856332,33.187868,340.3,3905.70929,26.119578,81.05,2.163669
-92.655564,35.548922,83.8,57.34165,4.527354,33.24,0.786887
-94.149375,36.199696,178.7,53391.8906,76.83025,366.08,-3.939335
-91.97463,35.159043,114.1,4259.62183,25.377115,109.87,0.169107
-91.178595,35.142663,257.6,22.20006,1.161073,11.92,0.946133
-93.441435,35.03958,152.5,563.374934,6.894721,45.61,0.652153
-121.9615,37.527844,428.6,3981097.178,1107.278964,1595.17,-27.422893
-120.255331,38.54225,519.6,993.37335,6.779077,47.42,-2.085675
-121.504539,39.388784,132.6,112975.8654,83.809296,313.98,9.890428
-120.473364,38.1289,118,598.850745,15.390752,39.4,-2.225504
-122.283172,39.106677,103.7,107.774041,13.705515,38.11,1.263888
-122.322348,37.939848,274.9,1089405.707,465.52517,1059.35,-35.971084
-124.023062,41.58293,143.7,8169.658566,8.463217,46.65,3.667722
-120.248502,38.725681,128.8,41978.55731,68.979989,212.26,-15.314596
-119.793375,36.74307,259.2,850764.5756,393.453024,1570.37,172.270512
-122.209926,39.521392,95.7,2330.819333,11.51418,50.47,1.661678
-123.757369,40.684624,188.3,37468.43834,41.671488,258.2,2.426759
-115.486684,32.668693,252.1,78076.13041,35.827441,209.96,31.233345
-117.117631,36.251518,150.4,1934.083338,11.903826,26.56,-2.005627
-119.06781,35.34494,250.5,543879.4692,283.622006,1142.08,115.522594
-119.930133,36.312528,156.8,58397.91991,41.983846,192.86,15.94059
-122.770803,38.871682,264,9984.00961,12.068345,107.8,4.654542
-120.97024,40.512563,111.9,1438.710827,3.562202,45.98,-0.66891
-117.9617,34.095832,586.6,31293080.12,5540.330218,22373.51,784.571151
-120.054123,36.936176,146.4,53151.88517,41.123164,193.16,15.645835
-122.543541,38.100942,357.9,216855.6603,104.811558,179.33,-30.913809
-120.085692,37.369645,151.8,100.931243,4.946058,26.97,-0.142083
-123.293023,39.104122,223.8,13462.31697,20.937869,156.78,4.808176
-120.572253,37.201602,142.9,124880.8393,71.360782,405.16,53.247116
-118.58016,37.703931,71.2,131.669397,4.596421,37.76,-0.730333
-121.843261,36.601554,213.8,522567.1167,152.884347,799.5,9.239494
-122.195581,38.411828,222.7,141022.1364,193.54297,218.01,-10.446292
-120.880001,39.23833,140,9644.596401,34.863555,129.96,-8.104102
-117.910676,33.720791,259.8,4894974.813,1228.20996,4166.27,-102.341253
-121.270448,38.733183,108.1,211594.8669,190.299166,358.91,-38.510219
-120.934198,39.9351,113.8,138.77138,2.576483,21.71,-2.291482
-116.726737,33.605468,462.8,1872521.927,873.35396,4014.24,103.409224
-121.51824,38.672587,342.4,1782927.54,710.085619,1719.77,52.285333
-121.373806,36.830339,101,36637.04408,20.128289,81.23,1.312537
-117.392148,34.088632,267.2,1760731.348,1069.737535,3132.83,171.670731
-117.221086,32.95124,471.1,4685056.802,1591.225311,4933.5,-34.16627
-122.418413,37.751822,1519.6,6055110.053,542.877341,715.46,-42.081617
-121.31487,38.024447,222.3,742633.483,464.651912,956.78,69.806852
-120.833064,35.32709,154.3,107352.0952,189.513462,309.54,-20.818637
-122.371202,37.594294,258.3,1384304.957,333.492201,596.24,-66.316542
-120.427651,34.872224,154.7,520265.0249,100.083108,804.68,-3.237607
-121.814483,37.266089,208.8,3300529.186,773.90224,1575.75,-110.387776
-121.754323,36.927244,206.9,217730.0525,98.512569,248.16,-7.584772
-122.359057,40.99514,137.7,60347.48605,83.147342,308.57,-3.51544
-123.038575,41.350213,160.4,2180.414314,12.618042,66.16,0.618238
-122.213912,38.093212,335.2,466893.0102,279.042136,454.56,0.804566
-123.33853,38.613511,332.5,330609.3873,175.951892,562.61,-31.309856
-120.856397,37.525674,184.4,436708.6557,238.252884,560.63,50.814161
-121.612708,39.135321,142.7,51198.58258,25.084436,166.24,8.756062
-122.634508,40.062176,88.6,4642.379742,13.743136,67.98,2.818681
-122.738,40.850639,147.6,17.10184,1.17641,30.39,0.703624
-119.304778,36.319847,134.7,223285.4287,95.382014,629.21,84.085021
-120.426131,37.931562,108.8,2348.027401,6.559582,51.57,-2.208742
-119.202478,34.268255,155.5,881510.6298,392.549408,1441,-26.999502
-121.721574,38.555812,161.5,206381.4653,58.173224,195.05,0.827465
-121.542398,39.120708,153.3,25471.18532,14.710085,101.87,6.191675
-104.903956,39.843596,288.5,477215.855,337.689108,1010.96,-10.005414
-105.929608,37.456129,210.2,1101.364624,18.07746,45.98,1.040198
-104.870617,39.69109,288,804913.8101,434.263393,1100.3,-57.116644
-107.237667,37.106767,131.3,218.239045,6.055013,42.05,-1.789888
-105.253508,40.003901,166.4,258229.5545,155.078327,315.87,-31.554459
-105.020423,39.949292,26.7,53882.0819,42.287503,66.16,-9.29071
-106.070361,38.870205,115.5,1970.820797,9.181657,50.19,-2.251983
-105.534468,39.675105,162.9,328.9923,9.97484,31.53,-1.786943
-108.02503,38.903196,89.6,413.55519,16.815497,61.29,-0.510147
-104.931402,39.756519,893,1179447.981,354.946165,1268.51,-22.583748
-104.907598,39.547413,91.4,162157.3161,292.06069,181.13,-47.603046
-106.753004,39.598209,140.6,1910.358456,70.496333,137.64,-8.73883
-104.634833,39.412559,126.3,417.298611,37.125949,35.36,-4.647994
-104.804302,38.869788,165.2,465523.6216,536.672785,981.17,-32.354553
-105.097919,38.359542,391.8,7264.499824,53.96328,71.3,-1.973736
-108.470153,39.521786,144.3,2144.426922,63.686248,178.15,-3.622298
-105.887689,39.941368,107.3,41.007098,10.971114,37.42,-1.81602
-106.715906,38.666019,64.7,1203.945372,11.59154,31.53,-1.81621
-104.965969,37.685869,196.3,79.627063,3.548577,18.97,-0.269172
-105.13683,39.631307,180.8,503526.5334,356.124832,742.86,-73.247155
-106.34589,39.201057,116.5,371.990889,8.429074,37.82,0.663246
-107.587057,37.380059,114.1,5286.95439,33.02333,82.7,-5.089369
-105.088199,40.545424,100.1,219441.5484,198.768095,463.86,-32.322719
-104.726497,37.313384,182.4,1365.789165,5.885275,29.31,0.238601
-103.602277,39.346648,225.9,12.297474,10.659539,16.24,-0.558013
-103.10449,40.91612,158.6,1089.443197,20.973967,47.48,-1.221921
-108.011728,39.211972,115.1,61864.73343,74.501273,279.9,-3.058202
-108.231356,40.621687,111.3,2867.250967,6.032797,58.43,-0.522092
-108.708298,37.134065,111.9,1505.565919,29.835904,65.34,-0.913327
-108.232616,38.533617,74.2,5721.741891,61.323286,105.34,-1.051232
-103.838558,40.150631,106.6,5818.037503,35.655232,73.37,-0.575201
-103.708703,38.085484,92.1,2795.319867,18.848,71.06,3.652674
-105.823293,39.186132,118.2,91.332396,16.670942,41.9,-3.357316
-107.131646,39.234001,143,592.94241,18.738751,42.55,-2.625404
-102.477956,37.921785,101.6,3107.516943,8.048081,57.13,0.78939
-104.631036,38.237766,169,139811.8761,166.266775,367.95,16.209764
-106.367495,37.674064,105.2,726.830579,11.466793,33.64,1.14597
-107.170439,40.350144,120.2,580.634391,25.814867,56.84,-5.472488
-106.2785,38.115999,187.6,12.39122,1.771288,26.7,0.670465
-107.980937,37.964225,69.3,232.604573,14.32972,34.66,-2.44278
-105.932549,39.609089,164.9,300.66096,16.475207,82.61,-3.087805
-105.058649,38.971104,75.7,1132.64253,12.454477,45.46,-2.5697
-104.76535,40.425321,89,176132.452,345.687194,609.83,-19.35258
-102.262485,40.01494,137.1,12.06419,11.393855,17.82,-0.267533
-73.231048,41.238791,337.1,1110538.853,870.729805,1734.35,-18.669033
-72.793953,41.663902,407.8,933178.8799,954.328221,950.34,61.667417
-73.20781,41.689792,149.2,43834.20412,277.207469,205.34,-18.806455
-72.520378,41.313682,199,52308.9277,195.320417,120.45,-10.723532
-72.831104,41.555823,451.4,781459.6411,968.855135,966.41,43.004782
-72.095636,41.34453,239.8,99390.91026,382.016558,254.39,-6.292663
-72.452287,41.848206,105.7,35928.26432,135.738478,75.88,-11.109625
-71.818415,41.702473,187.1,25105.20953,140.143575,107.48,7.392623
-75.614496,39.260045,317.1,34790.46513,157.462259,221.77,1.609313
-75.490511,39.805411,437.2,597478.583,631.338746,658.28,-5.953958
-75.083232,38.724934,341,25048.57381,282.893561,317.63,-16.988558
-76.99503,38.949231,2310.2,3230370.481,673.346195,658.17,57.573313
-82.430792,29.645276,433.2,141552.6146,104.113035,520.32,-3.267918
-82.099362,30.32105,477.5,447.76786,2.477276,39.88,-0.45109
-85.90355,30.238011,328.4,70749.30732,65.031365,561.8,-4.975171
-82.205715,29.88391,303.2,566.24516,5.325051,45.19,1.148691
-80.629691,28.064231,316,265339.5117,154.430789,1156.87,-30.48456
-80.272017,26.01573,1194.8,2329711.142,601.512922,5044.72,-3.735923
-85.093768,30.374184,221.8,92.10505,2.62994,47.08,0.384368
-82.022461,27.002455,187.7,58654.61085,61.24115,371.35,-16.136055
-82.462582,28.911717,179.5,15836.51156,22.038636,281.85,-3.207482
-81.760781,30.12701,225.4,42263.22354,54.182269,314.04,-3.766392
-81.808857,26.255681,289.5,181834.4848,68.524927,1001.98,-31.18663
-82.664081,30.171714,541.1,4257.69701,16.558959,156.82,2.582
-81.856833,27.186329,405.6,3350.49253,7.717854,167.52,0.782383
-83.121269,29.648746,292.7,153.5296,4.986149,49.36,0.622216
-81.46312,30.333946,779.3,532044.0525,331.759968,2111.63,28.65985
-87.167559,30.419098,481.2,137255.4703,150.194643,759.3,-3.883229
-81.198239,29.566564,226.8,27666.1312,43.824727,252.84,-8.148833
-84.875945,29.887399,185.4,157.27232,23.751637,72.86,0.803711
-84.362609,30.636117,659,1053.19899,20.346639,127.77,3.908873
-82.709828,29.644171,150.7,284.81595,7.668117,79.52,0.009729
-80.988145,26.919726,716.7,53.28297,3.030748,69.39,0.70128
-85.25204,30.063895,239.6,117.51253,12.398215,31.1,-0.241046
-82.900172,30.51257,1199.2,74.64998,4.582923,41.57,1.936131
-81.932947,27.426477,275.4,451.03478,5.597049,65.98,1.137979
-80.903721,26.8354,406.7,2028.588911,4.086988,155.9,5.331332
-82.529659,28.522398,233.1,63085.89968,39.101986,533.94,-3.604502
-81.503405,27.507061,272.5,17460.78721,25.801265,267.56,1.53654
-82.131313,28.002565,567.6,1156767.549,537.928623,3965.09,2.251629
-85.771839,30.863582,148.4,193.04352,4.920427,71.09,1.494076
-80.412095,27.630822,278.9,43007.53895,48.788047,292.83,-10.416643
-85.083536,30.871287,1092.7,854.37917,20.049226,120.62,2.522782
-83.949585,30.327925,1023.9,119.44266,4.478547,22.18,0.155489
-83.162516,29.953613,178.9,47.15843,1.218457,37.37,0.237343
-81.673379,28.80453,330.3,63307.33772,116.881686,630.24,-10.590158
-82.014845,26.623027,325.6,329666.2622,314.137327,2036.91,-45.895961
-84.234423,30.442329,507.7,164849.8993,158.340058,568.89,4.212227
-82.476551,29.444588,249,567.759828,17.887361,129.95,1.405463
-84.990853,30.280833,149.7,22.207914,2.407138,28.43,-0.407827
-83.623325,30.450252,689.1,355.76586,2.203852,64.56,0.659646
-82.572741,27.416274,308.7,229931.5515,125.431878,952.89,-15.595756
-82.209909,29.241343,340.3,53245.86681,51.423667,758.09,5.918648
-80.183443,27.153474,253.6,63139.20603,51.517969,342.52,-12.974575
-80.156509,25.968687,1143.7,5917918.003,1154.771834,8372.91,142.205371
-81.792774,24.55602,812.8,58614.56565,78.146254,502.96,-13.593982
-81.669793,30.66458,181.2,6517.91102,22.418585,120.72,-5.142882
-86.625221,30.444242,258.7,94085.80592,119.632935,504.52,-16.073491
-80.978912,27.516022,291.6,4135.835177,35.402188,174,2.996089
-81.414532,28.458907,753.7,843712.8634,354.140974,2853.26,6.96916
-81.434336,28.314142,444.4,100837.1654,63.747664,598,4.263353
-80.077396,26.766914,617.3,1416256.905,508.227461,3981.05,-40.273177
-82.752246,28.205908,259.6,291929.5834,214.832193,1636.55,-6.554215
-82.842537,27.902128,545.4,1078858.975,376.861931,2627.52,-39.625576
-81.72582,27.953305,422.4,245146.3178,221.804761,1918.99,16.886908
-81.653723,29.669679,405,4811.08294,18.266145,252.43,6.080338
-81.26183,29.801821,159.2,50732.36551,83.828932,357.85,-17.596764
-80.332526,27.417331,613.3,90784.33872,78.747339,617.63,3.108714
-87.110906,30.37494,158.2,22253.76898,50.671647,236.79,-7.557745
-82.479644,27.218358,254.2,251078.4418,177.010734,988.3,-47.311028
-81.340066,28.770304,319.2,269889.468,140.901961,868.58,-21.129277
-82.211491,28.619137,205.5,11622.70182,25.760748,148.79,-3.840774
-83.0342,30.259093,412.3,546.31853,12.396631,102.53,1.471901
-83.78837,30.163859,775.9,297.48482,3.8811,38.31,0.139329
-82.385094,30.05605,2124.9,185.08647,3.521273,31.37,0.89337
-81.012684,29.163422,375,239854.2038,257.894277,1352.85,-22.099497
-84.529633,30.143035,364.8,401.0151,8.882479,37.69,-0.866798
-85.989897,30.635767,134.7,2762.25895,25.462344,145.51,-1.402719
-85.765793,30.520344,675.9,437.98798,5.645355,87.5,2.318766
-82.270069,31.878009,225.1,326.36417,6.324149,72.88,1.198209
-83.024257,31.324919,296.6,51.65146,1.801807,46.27,1.185679
-82.483683,31.485142,473.2,141.60589,16.511757,63.23,0.50358
-84.36011,31.343338,304.1,10.94605,2.416585,13.93,0.241357
-83.139346,33.072776,329.7,5607.52891,21.548218,117.9,3.503547
-83.588397,34.319869,104.8,333.41168,6.321116,62.3,0.534875
-83.838488,34.00208,187.5,11039.7211,58.367434,277.32,-0.722509
-84.718526,34.183994,227.4,6717.81429,25.351058,225.86,1.396785
-83.234283,31.725941,101.7,1452.77718,1.924592,94.5,2.015786
-83.288638,31.245272,309.2,278.48335,21.677631,132.45,1.000092
-83.653301,32.797737,958,70812.11495,93.293266,650.07,32.472383
-83.422462,32.414903,404.8,248.76283,4.93109,28.68,1.030115
-81.967085,31.199715,137.3,134.67363,13.391452,43.96,0.526104
-83.503932,30.936134,511.7,202.24165,3.596923,91.06,1.667956
-81.494803,32.03046,172.1,2534.13392,14.507606,71.54,-0.464587
-81.622451,32.259871,375,10752.11748,12.641159,169.57,3.657947
-81.90765,33.172795,542.8,179.037508,7.039558,80.55,1.147776
-83.958117,33.289672,573.4,435.37567,2.508755,32.57,0.426591
-84.746447,31.531137,602.2,50.49224,1.885199,33.13,1.418648
-81.620006,30.919963,220.3,3070.27104,13.810951,119.59,-1.864874
-82.129357,32.355221,324.4,132.5895,9.256833,67.06,1.290888
-85.11931,33.589282,268.7,7676.73806,28.763944,212.17,2.472599
-85.242621,34.92861,96.2,8948.0892,12.087253,125.36,-2.698476
-82.154378,30.913598,503.1,31.24829,1.153702,36.2,0.387151
-81.08607,32.044257,723.4,197215.8866,117.584072,1046.69,17.972779
-84.939473,32.367272,122.2,2158.54898,8.096336,19.1,-1.196728
-85.308191,34.550037,253.7,844.10275,6.29607,80.12,3.404627
-84.494595,34.168298,185.6,35020.57855,58.864727,285.31,-12.729132
-83.355772,33.954633,397.3,77230.6071,58.172997,399.98,2.404511
-84.372822,33.584564,1014.9,139170.4519,89.958404,923.59,25.231253
-82.780176,31.068629,515.8,20.290024,0.532096,38.95,2.172979
-84.495749,33.855709,523.7,332108.038,257.353233,1475.13,-45.373936
-82.888781,31.544218,289,1340.44642,16.187075,161.59,2.001708
-83.799407,31.164793,505.6,4254.82608,14.655852,211.77,6.897547
-82.100587,33.500958,182.6,28729.32847,34.866751,167.35,-8.633433
-83.379136,31.162165,507.6,307.8971,3.980847,72.54,1.246406
-84.706379,33.351773,226.1,12632.12989,26.478436,187.58,-5.427094
-83.885928,32.73161,245.3,124.92487,5.685001,43.26,0.93151
-83.760972,31.943146,702.5,1242.05253,8.25761,91.38,4.342755
-85.526405,34.77678,143.6,374.73823,3.986061,48.99,-0.258426
-84.011803,34.372599,155.9,553.32054,5.368646,36.24,-1.097306
-84.531934,30.8702,635,957.79462,27.120382,131.33,1.414592
-84.342339,33.954081,1405.1,546400.2538,243.887423,2021.88,-2.000707
-83.201024,32.369536,470.2,288.31257,2.685571,69.6,0.966473
-83.926369,32.174792,513.3,83.79016,1.566556,29.46,1.406892
-84.163387,31.576601,1063.4,35115.56371,64.653475,456.25,25.82409
-84.752947,33.718008,479.8,22199.0984,39.308462,253.04,1.283553
-84.887736,31.32101,274,111.449457,10.594168,82.41,2.792972
-82.847414,30.703963,157.2,34.412519,1.541347,43.78,0.741474
-81.410128,32.480361,147.5,2069.46418,15.880796,90.14,-3.116395
-82.747021,34.038976,234.9,1030.27704,8.110263,67.71,2.138336
-82.308171,32.660535,350.8,237.82262,15.927519,111.8,2.973944
-81.913685,32.221401,473.5,201.60539,4.705085,51.63,1.575423
-84.518134,34.923219,142.6,492.35995,4.650024,69.23,-1.177471
-84.578961,33.379942,233.5,15880.1054,35.156833,139.33,-12.348487
-85.205753,34.27644,284.3,15207.56181,57.883653,277.12,6.426627
-84.1908,34.098965,83.2,57717.4219,156.490568,416.28,-25.562606
-83.129994,34.413083,228.6,546.74384,7.493992,72.97,0.604098
-84.383006,33.784167,1733.9,892741.3329,406.364457,2246.25,5.754606
-84.328785,34.688592,157.4,545.93119,10.097048,93.28,-0.664929
-81.470496,31.219015,465.1,14017.19942,27.378462,212.42,-0.221721
-84.997522,34.422155,132,3858.05999,37.136879,139.41,0.445271
-84.248116,31.030772,325.6,476.79059,9.441186,109.79,0.745068
-83.103617,33.452047,170.4,480.64354,6.825047,107.96,-0.215516
-84.108243,33.907024,400.2,341830.4985,174.027062,2047.11,-21.080143
-83.60718,34.604891,169.5,2016.34395,9.00335,122.79,-1.046032
-83.834592,34.310988,176.5,34926.5602,69.713872,604.21,0.685931
-82.944092,33.312792,460.8,33.19029,3.147144,20.16,0.242034
-85.183668,33.753834,133,590.39421,10.756478,61.94,1.080744
-84.976577,32.710571,149.7,412.86106,19.992924,36.47,-1.465339
-82.938157,34.42145,169.4,550.11275,4.827328,62.06,0.294149
-85.155916,33.37864,140.6,122.51565,3.215986,36.33,0.557848
-84.253385,33.626408,479.1,25587.2398,42.531623,265.13,-3.984385
-83.611163,32.610761,324,34690.55287,50.028992,283.46,0.329696
-83.209672,31.575069,890.2,48.71875,1.004604,40.65,0.495821
-83.689517,34.159771,169.9,2530.31765,25.505729,134.01,-1.601469
-83.611245,33.418219,218.4,116.98456,3.567833,41.18,0.118615
-82.726911,31.750077,64.9,177.916992,3.400984,51.18,1.084143
-82.427778,33.020095,398.3,120.56916,6.579737,61.81,1.612892
-81.936004,32.849435,427.1,49.40139,0.439856,32.95,0.69155
-82.8144,32.723882,248.7,102.87454,2.909991,39.54,1.578234
-83.664909,32.945233,107.3,913.15078,7.838916,59.06,-0.510062
-84.214997,33.036095,328.3,330.02317,5.910876,37.77,0.900084
-83.006223,31.032657,217.2,100.97744,1.405544,28.66,0.473331
-82.924525,32.546187,486.9,4724.88352,29.475408,147.82,3.552754
-84.212243,31.73337,244.8,1148.37832,17.110781,54.31,-0.712621
-81.413903,31.708937,502.9,13048.27373,25.37016,147.63,1.780794
-82.387583,33.736501,231.6,74.83454,1.347034,25.05,0.272517
-81.819632,31.796653,120.5,104.23223,2.32491,27.22,0.196453
-83.290137,30.852914,642.9,34509.92396,35.500292,372.26,6.353673
-83.937753,34.633149,101.3,525.14956,6.538024,47.15,-0.649706
-82.550163,33.480617,337.7,688.02861,2.986912,59.27,0.906832
-81.25583,31.515317,447.8,114.30732,5.316676,44.94,-0.038254
-83.955317,32.312112,409.9,144.4192,6.081812,67.99,3.42126
-83.309348,34.069827,167.5,692.91584,10.16965,86.52,0.487524
-84.521952,32.435374,166.5,46.3188,4.975892,21.25,0.486094
-84.697547,33.023118,307.4,198.37279,6.427004,52.29,2.086469
-84.823151,31.146019,379.6,75.39795,21.24526,47.6,1.184862
-84.32413,31.134268,502.3,229.17986,8.555537,87.86,4.550373
-83.85633,33.100837,197.8,448.66374,11.665252,62.01,0.012294
-82.548009,32.173424,229.4,114.13042,8.240811,41.1,0.792516
-83.604539,33.609809,221.9,262.8552,16.483579,56.25,-1.543682
-84.695003,34.7285,117.5,1671.81261,5.532071,115.66,2.358531
-84.969623,32.480453,699.2,123243.4936,154.171214,729.88,33.026442
-83.869408,33.613691,429.8,9742.0865,18.598467,169.69,1.693182
-83.391821,33.858036,72.4,1606.07448,12.859612,41.97,-3.739031
-82.95428,33.953992,138.7,175.73247,8.648935,50.54,0.533253
-84.744537,33.908161,160.7,15335.10203,44.805573,219.55,-4.631945
-83.86182,32.495698,572,1139.98543,8.990031,83.06,3.352769
-84.515379,34.518365,99.3,939.59647,10.658889,62.81,-0.803554
-82.106129,31.3754,142.9,241.63575,8.903059,64.97,0.554465
-84.438663,33.164295,87.3,337.50012,16.22804,50.22,-0.465068
-85.345863,34.001733,208.7,1100.08063,9.729052,109.22,1.513833
-83.514513,32.180282,235,152.85967,11.354743,47.71,0.563883
-83.430186,33.328136,163,358.71214,11.857178,71.98,-1.133757
-83.520491,34.813371,144.9,231.4093,4.210819,91.54,-0.14109
-84.681649,31.798877,722.9,31.998639,2.85777,26.83,1.362937
-81.957697,33.465915,886.6,87090.5066,63.348958,689.18,32.521902
-84.016724,33.564745,545.3,15841.9982,21.154163,210.54,1.549181
-84.308535,32.200534,158.6,62.5926,4.702926,29.83,0.423689
-81.601903,32.899219,397,130.13822,2.392501,67.98,1.105162
-84.806061,30.927856,346.5,190.42493,8.936341,48.01,1.26561
-84.174813,33.219149,392.3,7578.96968,41.443379,177.36,3.311296
-83.332457,34.618423,229.2,1463.62901,13.422742,70.42,1.431391
-84.695331,32.085984,1177.8,28.01463,3.001001,32.49,1.213241
-84.249919,31.992979,536.4,3015.81437,18.617702,92.23,2.94023
-84.48789,32.701207,420.6,49.00194,3.299791,44.56,0.834809
-82.121889,32.23241,424.8,276.73705,3.220336,72.68,0.477017
-84.290981,32.504556,475.9,74.15708,8.075404,51.8,1.544944
-82.887829,31.8744,590.5,131.22507,2.894373,32.11,0.376254
-84.355617,31.686259,657,183.942358,11.512652,62.27,2.324995
-84.028928,30.963908,469.1,3781.38833,26.578607,170.09,3.239512
-83.48947,31.439084,533.1,4128.52836,10.999971,155.38,-0.04982
-82.384811,32.189247,403,1131.21589,10.656933,108.03,3.115519
-83.743559,34.872842,64.2,248.10437,6.840325,35.61,-0.782486
-82.612531,32.370932,436.3,45.96472,0.669555,15.31,0.595038
-85.040605,33.028956,303.6,8074.51146,40.575696,160.71,4.286103
-83.70647,31.726576,708.7,58.71454,1.185323,28.59,0.666052
-83.441433,32.596382,227,46.16312,3.086434,18.88,1.324764
-83.924418,34.873824,154.5,538.62338,5.673644,75.13,-1.964112
-84.438397,32.90361,317,1471.62966,4.431885,81.34,0.992001
-85.347261,34.853083,197.6,5974.28466,13.194916,159.56,0.369021
-83.892219,33.801118,315.3,6574.16714,43.769843,170.75,-1.717471
-82.360108,31.224913,590.8,7208.93094,17.447724,141.18,2.996065
-82.720059,33.430554,445.1,44.28888,0.756749,25.9,1.334885
-82.652052,32.908862,267.8,234.664379,8.970303,54.09,1.744663
-82.02779,31.714561,373.9,1314.07823,14.364281,89.31,0.373423
-82.668503,32.11618,418,56.96976,1.148816,40.38,0.869017
-83.810681,34.655136,79.3,717.43245,9.238768,56.93,-1.606053
-84.987039,34.747966,176.4,14995.77055,18.678234,287.47,4.326912
-83.31095,31.96145,658.5,92.31365,1.789839,68.57,0.951972
-82.682509,33.682436,263.9,85.36627,3.124357,62.15,0.052567
-83.186223,32.859375,159.2,79.61452,5.205759,31.27,0.612687
-83.891261,31.385674,369.5,239.16514,10.388561,95.98,1.29661
-116.295789,43.33301,39.3,190130.3732,92.762746,511.22,-24.476483
-112.446333,42.903045,29.3,44215.42558,14.512133,215.15,-0.320519
-111.192643,42.257015,0,12.37162,0.889731,11.34,-0.949042
-112.701386,43.258067,30,1097.023656,3.445378,91.02,-0.014356
-114.082055,43.590593,35.5,75.043878,3.720297,48.41,-2.111201
-116.235812,48.168492,35.4,3331.538004,9.8474,96.57,-2.783806
-112.030107,43.49119,16.1,45703.92377,19.884345,181.81,-6.691974
-116.685152,43.658336,33.1,65761.18549,26.970233,430.36,5.813694
-111.865817,42.706552,0,10.056661,0.632894,15.96,-0.843841
-115.628184,46.68261,76.2,58.338134,0.424407,23.23,-0.616952
-115.869518,43.073931,45.2,399.149389,3.208465,62.1,-0.775371
-111.507059,44.289165,0,120.943699,2.414841,28.97,-0.895974
-116.366454,44.093462,32.7,846.779451,5.172431,50.35,-0.062858
-114.754786,42.763027,56.6,60.06454,0.983877,32.22,-0.067996
-114.14192,42.673504,26.1,4479.289845,2.430389,97,0.749954
-116.530589,47.621065,30.2,39801.57533,38.234496,246.48,-8.350394
-116.791712,46.953444,37.2,1283.63106,4.317947,47.51,-3.043047
-116.850441,46.124353,23.3,13379.97059,7.261978,89.66,-1.590096
-116.099342,47.508649,45.6,93.626592,3.396696,43.37,0.843615
-114.469287,42.556853,20,18273.87814,11.018458,170.18,-3.116764
-115.46694,44.7186,0,23.130053,5.912723,32.77,-1.648408
-117.060986,44.426915,0,36.211182,1.36015,46.04,-0.312825
-91.385655,39.941739,76.7,36307.78481,23.196259,95.53,-3.335548
-89.171197,36.988689,306.9,36.03363,2.568053,17.17,1.030003
-89.538264,38.9239,97.8,1154.49491,5.059896,24.78,-1.296923
-88.850468,42.244078,47.2,10302.7264,7.838703,46.43,-0.207454
-90.750229,39.961493,119.5,8.019825,12.618334,5.79,-0.547229
-89.195936,41.371139,68.1,1971.65643,15.451377,46.64,-2.571665
-90.005863,41.967974,48.4,799.01186,11.870087,35.61,-2.014789
-88.212131,40.10474,209.4,231925.7725,56.209031,184.6,-3.981996
-89.074506,39.383256,97,7815.58291,15.272504,44.17,-3.387691
-87.694088,39.334188,77,484.71482,5.736632,17.4,-1.097521
-88.476551,38.67039,54.4,422.14974,9.731058,26.3,-0.205748
-89.314555,38.530417,100.6,723.7101,18.778493,31.69,-3.673564
-88.374644,39.467577,97,13769.3138,13.672088,71.87,0.209888
-87.728134,42.027956,593.4,17892264.49,2732.554503,11369.78,375.144212
-87.740775,38.997992,174.8,2367.39326,23.999781,37.1,-0.195497
-88.095093,39.256216,66.5,94.03167,4.024318,16.38,-1.237632
-88.769716,41.934209,85.4,33019.19087,38.39253,114.81,-2.618995
-88.20621,39.827311,31.1,1406.83648,4.517287,64.85,-0.772223
-88.091069,41.930012,98.2,842776.5545,409.349153,1113.44,-103.339814
-87.732004,39.546876,60.9,671.1949,9.945812,25.23,-0.860765
-88.557128,39.151075,35.4,1659.23852,15.384128,38.3,-3.885778
-88.860435,39.107333,93.3,1719.76445,14.348616,56.17,2.360838
-88.183974,40.814705,73.2,1464.24566,12.795715,27.94,-1.153752
-88.91655,37.97842,89.1,4430.79681,24.551827,75.38,2.574435
-90.007137,40.698775,148.6,6429.96511,7.285739,77.04,-1.293306
-88.226356,37.691987,119.8,31.3498,4.71979,6.03,0.20548
-90.514049,39.344592,45.5,1131.320029,3.778482,29.65,-1.42681
-88.290985,41.171726,30.8,4894.51301,34.868041,38.56,-4.417499
-88.551903,38.097404,0,309.56349,2.799374,16,-1.11663
-89.931164,41.238755,45.9,5529.49626,12.633969,56.15,-4.393732
-88.036505,40.622603,65.1,1007.06501,15.121687,52.34,-2.205993
-89.488993,37.729334,101.4,15931.61558,21.625372,98.21,4.570921
-88.933509,38.335128,129.8,7360.50897,30.270568,68.64,2.975732
-90.31865,38.989315,43,467.65787,9.518171,23.27,-2.719824
-90.427422,42.412152,32.4,309.95664,17.74127,29.54,-2.84394
-88.768486,37.399695,194.6,94.48124,4.999838,11.68,-0.444293
-88.324859,42.046982,90.4,336761.9959,131.973742,723.77,-5.20631
-87.863454,41.185147,171.2,41577.16032,50.072348,166.38,1.752367
-88.360356,41.704336,41.4,23186.8353,23.033857,48.99,-3.342832
-90.341886,40.956556,173.7,15300.21307,21.472746,79.63,-0.220025
-87.975773,42.162056,142.5,439198.6084,331.49141,1029.51,-37.917324
-88.841841,41.113583,74.6,29243.07808,57.298836,124.1,-2.584165
-87.768507,38.640324,44.3,1831.83274,19.627951,38.71,-0.238282
-89.112126,41.685775,75,3739.73155,29.158702,33.03,-3.077992
-88.610295,40.894535,179,4037.45504,13.248373,52.67,-2.025024
-89.48705,40.236475,185.9,3842.7702,5.885747,35,-2.517996
-90.655321,40.479483,76.4,8095.356375,13.596148,44.97,0.050268
-88.361705,42.173566,51.8,99194.6489,113.068797,278.79,-23.364422
-88.983639,40.478781,135.6,123530.5709,88.217156,176.28,-13.110629
-88.968358,39.862027,177.5,60767.55825,69.25122,171.88,11.294161
-89.788906,39.011815,75.2,4412.16878,12.658437,56.75,-2.468119
-89.940141,38.797562,94.6,96150.9133,119.4459,314.5,-3.292615
-88.829014,38.551665,51.6,8035.06359,53.650094,79.19,2.57987
-89.700864,40.192387,61.1,1593.95513,4.808149,23.65,-0.935521
-89.705218,40.045184,134.9,240.1626,2.563837,8.56,-1.21409
-90.748827,41.193591,60.4,273.56954,3.598624,12.05,-1.638768
-90.230398,38.432703,23.9,1922.77768,13.370372,14.97,-4.043382
-89.239146,39.292306,135.3,2812.10917,14.346536,29.51,-1.743094
-90.214327,39.735713,78.6,10802.11338,32.773443,36.24,-1.554104
-89.103813,41.903418,63.1,1797.3695,19.246096,51.46,-2.675101
-89.559547,40.712683,240.1,121442.9247,53.976553,296.79,18.898183
-89.265309,38.023789,137.8,1741.84317,7.589121,21.86,0.556507
-88.526641,39.906709,36,321.78152,5.928939,17.28,-1.859389
-89.192622,37.221898,309.7,55.28892,4.408486,10.73,1.057435
-89.219878,41.257591,0,85.91238,4.159881,5.14,-1.091381
-89.748003,37.962952,142.1,1155.22555,6.171234,46.74,-1.801572
-90.474091,41.515803,202.5,105890.6995,34.383705,218.66,3.976993
-90.063664,38.595191,329.3,88904.17278,101.836724,363.15,10.149698
-89.60958,39.826993,204.7,112509.4797,69.299192,227.25,3.223275
-90.438231,39.584144,0,39.66313,6.184542,5.17,-0.552867
-88.633124,39.413885,32.6,805.6002,5.416857,22.97,-2.304965
-89.659366,42.278391,119.3,11258.65492,14.981124,76.2,0.242789
-89.660423,40.557862,77.4,39775.26551,34.612861,113.69,-10.845228
-89.379478,37.520907,56.1,854.93933,2.510379,29.1,0.671359
-87.617732,40.126984,184,18308.67436,35.70615,137.24,2.400749
-87.850867,38.450323,73.1,1205.16508,8.143028,31.28,-1.033951
-89.286279,38.43267,0,322.75985,20.941641,13.94,-1.711942
-88.535613,38.497247,58.9,880.47114,11.365413,38.74,-1.168466
-88.170483,41.543624,104.9,435225.2613,422.937653,867.04,-38.911501
-89.026623,37.833978,94.1,12298.67325,29.606741,81.09,0.51205
-89.122441,42.243405,138.8,205279.0935,123.996988,496.38,34.200605
-89.045749,40.882752,65.7,1115.54032,13.572932,38.32,-4.57801
-84.935663,40.703299,18.2,2396.64753,23.133614,112.61,-1.764426
-85.149967,41.08515,177.6,232430.8546,422.718307,870.47,-1.921403
-85.889554,39.20933,90.6,18372.42727,19.619884,126.06,-4.071854
-87.180764,40.584586,96.7,66.18498,8.202186,28.6,-1.072762
-85.325865,40.524256,80.2,3020.98894,4.831385,21.88,-0.4805
-86.262008,39.944887,104.7,7864.69672,17.439654,52.82,-6.401541
-86.159913,39.316399,105.3,262.44901,5.729477,36.28,-1.540436
-86.441935,40.489238,81.7,1221.50606,10.010215,56.69,-3.659399
-86.41268,40.83897,75.9,15331.42328,23.306249,102.2,-1.893433
-85.720316,38.308251,241,47681.01079,64.297398,194.16,-5.96373
-87.100192,39.527068,95.3,1828.81789,18.756573,24.17,-2.455216
-86.499455,40.291366,72.2,10719.74119,16.019943,80.91,-1.522651
-86.540764,38.333253,66.8,120.49167,4.850736,19.19,-0.383346
-87.167275,38.741389,76.1,4889.9402,8.751158,115.45,-1.128538
-84.838365,39.181252,40.4,3377.13407,24.360337,47.57,-3.732099
-85.586541,39.187035,86.3,4172.61839,13.128014,38.49,-2.241252
-85.001698,41.485233,52.6,3105.17904,29.686444,75.8,-4.154145
-85.272537,40.155357,142.3,69742.71939,77.878507,279.09,9.870161
-86.94885,38.292949,65.2,2986.94672,23.331438,34.01,-2.71725
-85.829497,41.652729,117.7,55956.83794,75.520266,533.56,0.334728
-85.139707,39.629401,81.8,7397.45516,9.218038,67.17,1.021307
-85.815262,38.311697,160.4,39320.81986,90.902929,111.59,-3.891949
-87.279902,40.015868,50.3,2717.72388,11.96178,39.1,-1.390963
-85.238917,39.365705,31.3,590.74525,8.544104,26.6,-1.253409
-86.054476,41.03435,71.9,1827.55789,6.637154,63.38,-1.77429
-87.543154,38.425421,71.4,2739.05372,20.384403,45.93,-2.484093
-85.66248,40.558241,119.5,15104.9163,25.878502,140.07,1.194798
-87.154937,39.036181,73.2,2949.1837,16.122806,72.83,-1.849414
-86.032523,40.132804,94.5,74259.6373,78.038682,194.8,-26.539574
-85.867387,39.741252,102.4,9005.25687,30.85078,66.66,-5.502085
-86.146755,38.375978,79,618.86482,22.864066,38.74,-2.054672
-86.382083,39.689971,117.1,22858.39333,35.100849,133,-10.265977
-85.375674,39.930759,123.6,15161.00128,19.247186,98.21,-0.093467
-85.934508,40.489107,179.3,37413.2288,76.046749,148.79,-0.026614
-85.511111,40.965313,97.1,5376.37034,19.244838,71.77,-4.427232
-85.868498,38.97193,159,10202.97811,19.508838,83.52,-0.925502
-87.209236,41.212188,78.1,1224.09306,11.218555,57.36,-2.300308
-84.999154,40.431677,77.7,1780.06471,18.023059,52.84,-1.50598
-85.382199,38.735871,115.9,5604.86226,10.633551,51.07,-0.520799
-86.124419,39.606181,119.4,39701.0173,41.473114,151.46,-10.027662
-87.280114,38.838389,96.8,16142.85413,14.163253,78.31,-1.321643
-85.853769,41.237614,59.1,9748.3229,36.438164,170.93,-5.035516
-85.566448,41.619317,39.3,896.59678,7.883226,221.12,-0.804296
-87.358171,41.460309,255.6,332606.772,310.087672,978.96,32.578549
-86.880355,41.705425,191.2,39957.89742,61.711312,212.21,-0.973843
-86.499379,38.865505,82.9,7210.24706,19.968622,84.08,-1.551476
-85.701129,40.105343,168.4,53798.33025,73.48048,315.57,5.209103
-86.103163,39.86185,591.4,806545.9908,560.12639,2565.52,52.377505
-86.142849,41.450089,47.1,2977.08094,14.584912,137.63,-1.893314
-86.903821,38.666197,70.1,321.62061,4.904202,12.6,-0.70501
-86.056703,40.758024,151.7,10080.29208,18.61339,77.33,-1.125131
-86.477278,39.171937,171,90360.43077,70.218329,217.2,-5.975985
-86.891802,40.026661,99.7,5629.12692,16.13608,76.05,-3.359762
-86.302112,39.439067,85.7,12294.38744,40.187681,94.25,-2.850927
-87.356729,40.839862,75.5,165.52601,13.449461,29.19,-0.372201
-85.265417,41.3257,45.5,6182.45304,18.787206,89.84,-2.491873
-86.566221,38.622031,66.8,960.70559,32.996871,47.97,-0.402207
-86.850181,39.416958,89.6,375.28105,9.082672,52.6,-0.902386
-87.203651,39.871038,139.7,286.87596,4.4777,53.43,-0.746231
-86.757585,37.970347,67.5,2004.44928,6.740521,20.81,-1.679615
-87.192013,41.536046,107.7,45339.34651,64.06465,182.87,-12.786935
-87.881537,37.939165,69.8,3096.99954,20.776508,31.73,-1.948452
-86.767174,41.108744,47.6,302.99265,8.358321,27.94,-0.341957
-86.883414,39.657299,151.1,1122.67238,19.960023,42.42,-2.710572
-84.910765,40.247922,106.5,1476.75004,19.194537,76.13,-0.844435
-85.171352,39.017753,50.4,522.16172,9.004697,49.31,-0.944492
-85.368719,39.620046,50,1716.86756,7.879878,48.71,-1.036426
-86.20627,41.676563,236.3,192896.1417,152.026032,650.66,2.756385
-85.671297,38.655005,757.3,2205.84804,19.558945,40.6,-0.059549
-85.7823,39.517041,79.6,13791.65753,27.007919,72.81,-2.254203
-87.16786,37.886701,34.7,303.29421,6.424795,21.51,-1.696043
-86.724066,41.253976,56.9,1196.90105,4.855251,33.62,-0.494866
-85.006946,41.555232,50.3,1930.94083,16.756876,65.04,-5.247408
-87.349465,39.201967,140.4,578.76922,10.708699,47.61,-1.352458
-84.911304,38.847158,89.5,122.60737,2.82499,17.45,0.482454
-86.900997,40.406407,106,133570.5729,51.102134,311.81,-5.734373
-86.126902,40.36237,46.2,316.08025,6.463471,29.11,-1.580469
-84.924499,39.678989,245.5,88.86757,4.713251,18.23,-1.198557
-87.461655,37.96835,180.1,136871.799,109.755775,419.32,5.82993
-87.402409,39.657324,45.8,1925.47897,6.750328,32.08,-0.950981
-87.415954,39.491378,225.6,52411.3626,74.309644,235.06,9.363056
-85.835085,40.784482,30.1,5481.19582,10.67747,64.94,-1.917131
-87.380498,38.001977,83.5,10831.29862,18.035019,53.11,-5.237695
-86.061523,38.603177,101.8,2391.5969,10.219664,53.19,0.237281
-84.885756,39.831672,104.3,20167.51516,53.020112,201.46,-0.212437
-85.153262,40.728256,43.1,2681.4346,17.454655,43.57,-3.429324
-87.003032,40.717353,108.8,2222.05285,17.117107,78.13,-3.381515
-85.368105,41.2227,63.2,1056.56827,14.933716,51.53,-3.968157
-94.673268,41.047708,0,28.917507,1.483187,11.95,-1.031534
-91.506538,43.179437,52.9,343.06858,5.19031,5.87,-0.994453
-94.932008,41.713621,171.6,155.605901,5.233084,15.54,-1.533864
-92.265851,41.897961,56.2,767.50489,7.469513,15.8,-3.437907
-92.392163,42.491362,108,88272.50447,37.903223,211.62,-2.508429
-93.903227,42.052131,71.1,4058.21569,12.200675,18.17,-4.21934
-92.102155,42.857201,33,2147.97913,8.43313,20.41,-5.519305
-91.727916,42.554965,46.2,1218.38799,3.586363,30.82,-3.06001
-95.230374,42.655377,106.3,1087.47999,2.357852,44.1,-1.178742
-94.866209,42.081349,102.4,2101.95931,13.075598,7.42,-2.239662
-90.955752,41.687614,50.8,255.42453,4.1975,11.11,-2.746811
-93.189857,43.171309,83.1,8343.79179,22.980607,53.47,-4.250267
-92.312017,43.068851,70.3,347.75813,1.843968,23.17,-2.616947
-93.670421,41.028171,78.2,692.504372,1.593945,17.36,-1.222498
-95.278005,43.081312,44.5,951.3214,4.668108,11.49,-0.425673
-91.392074,42.864244,67.3,154.30304,4.303229,39.03,-2.618248
-90.196517,41.865282,84.7,13248.1663,13.911125,47.77,-2.084792
-95.480507,42.139142,86.7,448.65027,2.631208,31.38,-1.051183
-93.823991,41.614877,74.8,20096.9045,15.619607,55.5,-9.290864
-93.921187,40.755255,91.1,124.579201,4.419864,28.06,-0.204164
-91.45399,42.485235,56.2,645.15985,7.328835,11.75,-2.164659
-91.113543,40.795327,79.5,17520.93643,33.604334,56.14,-1.650467
-95.279436,43.374271,46.8,1298.68943,14.370513,14.58,-2.226991
-90.65665,42.523468,103,63043.22948,29.528605,107.57,-8.204671
-91.911026,42.660488,66.1,694.15793,6.572062,26.57,-1.87527
-92.684053,43.108001,38.1,1025.68863,1.91531,20.19,-1.560825
-93.822503,42.291593,72.7,798.367525,6.701352,14.73,-2.570634
-93.071345,42.364988,68.7,398.78181,3.522783,13.42,-2.086707
-95.76575,41.557418,59.5,524.44503,4.143117,20,-2.499445
-91.541351,41.096175,77.4,1031.95853,3.282579,16.25,-1.425404
-91.943587,41.773106,52,111.54478,4.77659,14.64,-2.038624
-90.591325,42.223593,42.8,1387.62913,3.249695,26.37,-1.989967
-92.926834,41.778718,114.8,8061.14629,10.305783,27.25,-3.221206
-91.835675,41.034819,43.3,1336.30744,1.97515,18.15,-0.470978
-91.525946,41.656651,152,96351.27832,29.180683,133.4,-8.378152
-91.187618,42.233179,102.1,1233.15149,15.13688,16.28,-2.632411
-91.395424,40.399815,49.1,9568.7155,12.895749,41.11,-1.496114
-91.588554,42.041351,151.1,98869.81072,69.03048,187.87,-16.792782
-91.38869,41.251339,85.7,88.46616,1.895499,15.47,-0.673297
-93.319625,41.048697,83.9,604.378654,3.727055,22.23,-0.981751
-93.941262,41.408148,103.7,901.13738,3.491621,10.55,-2.115439
-92.657797,41.309236,53.8,3979.64937,9.805015,31.25,-1.534318
-93.049608,41.332332,50.4,6193.93105,12.422216,26.56,-3.28966
-93.053793,41.933724,95.6,7735.67196,13.538218,56.41,-1.399097
-95.756301,41.051027,55.1,1911.18668,5.849291,20.85,-2.27352
-95.872539,42.142584,0,455.204652,8.880196,18.8,-1.413082
-95.210616,41.010869,72,1348.574691,2.383405,13.77,-0.585213
-91.022611,41.452909,71.3,15217.06,3.914849,38.57,-2.4271
-95.367322,40.771527,37.9,2196.015606,6.21349,26.75,-2.029628
-96.024306,42.668074,38.6,1030.50521,11.345282,29.78,-2.986204
-94.734212,42.859763,89.7,39.249141,1.819623,13.12,-0.771648
-93.611311,41.53364,205.1,314633.7276,124.657337,543.03,-13.859156
-95.879993,41.27177,160.6,67269.97038,27.067074,177.87,-6.421876
-92.653806,41.68976,75.5,1254.05156,3.973231,26.55,-2.082754
-90.511725,41.546609,154.8,133467.3894,66.115897,226.27,-12.869795
-95.198827,41.682881,61.9,186.667732,2.593383,21.19,-1.887325
-96.175555,43.077091,28.4,2314.78399,7.580055,28.26,-4.231143
-93.64448,42.027588,48.9,58460.1223,14.328699,94.06,-7.660732
-92.598441,42.005831,92.8,450.89743,3.661884,39.64,-2.395801
-94.365639,41.073182,58.1,1470.540903,6.426869,25.82,-0.717829
-92.41166,41.058584,98.7,4262.56202,10.954533,44.41,-1.082711
-93.551549,41.349901,56.4,9121.79308,14.956271,36.15,-5.48229
-91.634801,41.45906,82.7,1344.3934,2.791018,35.62,-2.059977
-93.265733,40.647712,0,38.032355,1.555671,34.62,-0.68877
-94.18541,42.512301,52.5,11638.50759,22.102755,71.06,-1.160811
-96.365308,42.471043,139.4,71555.83435,21.792803,165.28,3.396917
-93.143736,43.335544,0,68.45856,8.769201,12.48,-1.304206
-93.903582,42.662177,77,453.502691,3.016083,21.45,-2.113985
-95.397434,37.944889,95.3,547.943787,12.266129,28.68,-0.966932
-95.320278,38.183837,108.2,44.871492,2.065012,21.89,-0.661819
-95.124632,39.564951,44.3,4101.52639,5.440083,23.91,-0.85711
-98.765185,38.379749,78.9,8522.498386,36.302528,99.33,-1.049789
-94.661514,37.82691,92.8,2134.172963,17.503881,54.79,-1.625396
-95.464705,39.757321,64.4,161.134195,12.646548,21.71,-1.466358
-96.975981,37.678799,90.7,10723.68267,24.435367,109.75,-4.576661
-94.831833,37.170936,47.7,783.548345,6.748346,70.31,-1.396668
-97.67985,39.563091,82.4,545.786823,9.622931,34.33,-1.971846
-95.623724,38.236916,72.3,134.089718,10.329664,23.63,-1.187581
-97.016523,37.252553,96.6,5496.576206,15.348345,87.75,-2.70615
-94.742019,37.425959,46,10537.75372,20.219463,114.81,0.177385
-96.949289,38.674782,84.2,1306.13872,22.978894,44.59,-2.251272
-95.251304,38.942427,66.6,56598.22233,43.357605,163.5,-8.205834
-99.308738,38.87819,45.4,3352.341259,35.444444,41.07,-2.459519
-98.349681,38.775677,188.6,25.83759,4.129513,12.51,-0.827547
-100.859893,37.98383,84.7,19231.89395,31.470609,152.87,0.742542
-99.962035,37.784565,96.1,2616.076578,17.733661,95.11,0.430874
-95.240349,38.502737,84.4,1815.92635,9.231649,36.77,-1.461308
-96.829036,39.021107,179.8,10002.18431,11.416447,67.83,-1.802718
-96.276688,37.826835,137.3,187.117149,12.373881,22.89,-1.159374
-97.437255,38.108785,90.8,2667.57392,8.798353,49.22,-2.396396
-98.237352,39.673237,0,4.38235,1.147152,7.58,-0.535233
-94.658209,38.944007,143.6,397999.5717,381.757216,790.75,-81.039049
-95.264983,37.337155,116.6,2503.517876,8.295001,89.32,-1.440505
-94.928709,39.323708,163.5,20808.51596,63.047422,82.56,-5.867594
-94.847039,38.111051,60.4,33.35135,7.567699,20.72,-0.242296
-96.185281,38.411292,39.4,13157.44434,33.553064,66.45,-1.635351
-97.669201,38.36955,33.2,3054.400794,18.93761,51.05,-3.775153
-97.113501,38.514661,49.6,65.641533,7.002667,26.98,-1.989618
-96.63245,39.833796,62.5,110.00575,8.024193,13.38,-0.726431
-94.758976,38.68101,52.7,989.00652,21.648004,46.78,-4.419609
-95.62894,37.04457,60.6,9444.218496,18.527817,174.05,1.009838
-95.835147,38.804254,37.3,480.086691,37.398703,47.06,-1.654061
-99.087552,38.178396,157.3,99.480092,2.415761,20.93,-0.963244
-99.337952,39.748892,0,114.322,5.915684,6.98,-0.400162
-96.324755,39.198828,41.4,382.217599,18.362202,20.31,-2.319165
-97.931119,38.070352,74.4,23345.64629,60.231348,180.42,-3.440404
-96.795045,39.410474,64.6,42502.62683,45.622318,81.94,-3.603289
-97.616894,38.86162,139.4,24490.81407,22.677925,113.46,-4.64377
-97.241457,37.675892,203.7,355756.537,315.156154,1496.32,0.203056
-100.914341,37.059551,212.2,4101.694458,3.13411,97.39,1.309074
-95.75237,39.057113,144.6,96295.43761,97.241167,337.31,-8.109947
-100.446707,39.364006,0,1.476214,3.235671,10.46,-0.311084
-98.790845,39.779483,0,63.504513,7.563082,17.26,-1.07122
-98.617473,38.052323,147.5,11.114605,2.119934,21.34,-0.664512
-101.343711,37.180185,0,168.38929,1.373558,33.83,0.007461
-97.247111,37.16935,95.1,378.973951,8.97121,46.81,-2.003358
-94.672946,39.052819,321.4,169825.2872,131.232209,1121.47,25.829829
-85.259547,36.991382,59.4,441.38609,14.847783,35.42,0.730636
-86.169435,36.851185,112.2,450.83662,12.979225,48.37,0.41305
-85.043201,37.950417,116.4,1710.67203,6.459355,16.73,-0.641466
-85.960297,36.835657,103.6,2055.44909,10.929073,70.32,2.363151
-83.619803,38.084355,97.6,125.6871,2.467322,20.01,0.659214
-83.725371,36.617649,67.8,1823.78677,4.161746,48.8,8.29798
-84.675521,38.998653,141.8,34715.6005,44.696372,97.47,-8.565441
-84.097967,38.182627,138.2,2159.65356,10.48787,36.2,-0.642098
-82.634695,38.471082,165.9,16841.34885,24.026091,79.12,4.752096
-84.714014,37.638482,100.9,4594.16426,7.142678,31.38,-0.101015
-84.08914,38.638318,115.1,128.34975,2.122061,12.9,-0.368642
-86.439188,37.776122,87,214.4099,4.49123,41.62,0.392953
-85.69098,38.046855,63.2,17533.71926,72.152937,61.64,-5.235515
-86.848685,37.157035,92.9,154.08267,4.656546,34.66,0.68377
-87.932124,37.238367,149.8,119.75505,4.98018,20.61,-0.345131
-88.319931,36.616708,49.9,8803.73685,12.411417,52.88,-0.621375
-84.501031,39.089166,178,80890.6485,92.093177,88.93,-2.347833
-85.033226,38.676706,92.8,392.48297,2.369305,27.57,0.950589
-83.136491,38.422068,84.4,517.59276,7.796055,46.89,2.351617
-85.06615,37.338619,66.6,154.26838,4.714978,55.43,1.276532
-87.386601,37.044886,178.2,20843.79813,50.233309,160.71,4.334473
-84.157372,37.971622,137.6,8286.10775,13.520527,42.1,-0.045762
-83.62305,37.155429,112.1,343.59726,1.04645,35.5,4.842152
-85.077668,36.675474,104.3,155.75072,1.431,25.67,0.93398
-85.350097,36.728109,89.2,43.70324,2.135703,20.56,0.417751
-87.112894,37.774768,121.9,42565.57867,85.222866,111.95,-2.363368
-86.340299,37.258464,56.4,145.2798,5.903269,14.84,0.777952
-83.015641,38.098234,152.6,61.18808,2.671147,11.04,0.499971
-83.990613,37.770495,83.2,189.54215,2.661693,19.22,2.773085
-84.463117,38.049813,343.8,344236.1595,180.712175,569.35,-14.956261
-83.624768,38.31003,66.3,193.38775,2.374358,34.42,0.420267
-82.774479,37.545025,56.8,1054.84709,13.147167,50.63,6.217148
-84.866559,38.208945,147.7,13708.11009,13.411705,97.18,-1.874916
-89.298145,36.557706,158.2,62.93275,5.695564,10.96,1.689451
-84.655502,37.731099,46.9,364.78844,9.254714,25.18,0.643505
-84.568565,38.529079,83.4,402.78848,11.401781,22.6,0.410807
-88.665008,36.763155,156.5,1352.81034,17.340424,47.44,-0.763418
-86.128784,37.414194,40.8,491.56827,8.899739,36.24,0.385592
-85.595487,37.359719,117.4,174.27236,3.480965,22.05,0.528947
-82.919543,38.492186,100.3,5361.20648,9.34953,45.56,-0.490483
-86.738956,37.878013,83.3,150.67572,3.428943,8.62,-0.3466
-85.874699,37.701667,188.3,22796.08955,101.777816,107.09,-2.430029
-83.291458,36.934434,64.9,567.92169,15.490505,38.12,6.18241
-84.437993,38.468587,50.6,418.10952,7.30649,19.22,0.676358
-85.990995,37.300269,63.8,225.54519,7.175976,31.06,1.350473
-87.58613,37.851038,147.4,20112.86351,13.285088,60.64,1.127789
-85.011008,38.406397,89.4,379.11572,6.665423,42.21,-0.658694
-87.402071,37.327392,66.7,5089.8327,22.416369,81.77,0.325032
-83.967908,37.323241,98.9,115.11996,3.374437,12.37,1.890502
-85.819711,38.201245,481,725142.0447,725.265124,1037.94,9.156812
-84.584022,37.868599,140.6,9452.18643,13.011239,53.12,0.450613
-82.709215,37.83967,58.7,618.66562,3.744958,31.29,1.36104
-84.610706,39.016853,247.9,127330.1623,124.909741,244.06,-5.456187
-82.937183,37.441041,54.8,205.60065,2.836163,21.94,2.543602
-83.83603,36.982382,42.3,955.28864,3.429692,42.11,6.102657
-84.250642,37.024075,74.8,4011.07485,17.954695,80.31,3.617263
-83.610353,37.579209,140.1,69.44558,0.904322,7.49,1.992202
-82.979607,37.084018,71.5,408.90028,1.712468,22.64,3.368806
-83.166782,38.576589,80.2,123.00087,2.671317,22.43,1.383104
-84.712737,37.558716,49.2,503.96339,5.055486,59.32,0.769691
-86.996073,36.8419,97.8,333.5587,26.739845,41.44,-0.480781
-87.983715,36.998747,188.2,102.15985,3.965404,10.91,-0.900139
-88.593771,37.071556,253.7,17741.4683,44.123323,122.78,-1.033418
-84.449997,36.736893,198.8,185.48858,0.674232,12.49,1.585073
-87.241126,37.445184,65.2,126.49637,4.175952,19.62,-0.259832
-84.291728,37.74848,106,24797.55092,53.307553,96.01,1.620795
-82.965843,37.600609,58.7,162.64994,0.948176,18.05,2.664214
-85.339911,37.586818,75.4,402.2693,15.517666,23.04,1.213405
-88.30026,36.948772,63.8,812.87276,18.162966,27.83,-1.909885
-82.56382,37.814009,92.4,148.50244,0.678481,11.08,0.704545
-83.733929,38.6267,119.6,1123.65043,5.773792,41.17,0.483762
-85.989068,37.902153,103.5,2328.62028,23.058005,24.1,-2.013406
-83.675992,37.926589,105.8,62.62294,0.898976,7.03,-0.066221
-84.890269,37.880911,124.5,580.3704,3.184507,32.36,-0.174179
-85.565925,36.966222,59.5,104.57761,2.392707,18.85,0.405098
-85.760693,36.785787,56.1,139.16414,3.925364,41.09,0.674422
-83.993902,38.05719,102.1,1126.0776,4.813452,36.62,0.284408
-83.10175,37.939697,51.6,23.67085,0.247372,10.22,0.329908
-87.277808,37.221745,91.5,891.35485,18.851326,53.61,0.988077
-85.540338,37.629834,70.2,2734.17972,27.484922,42.01,-2.515119
-83.979768,38.29159,99.9,70.82082,4.177181,16.93,0.687269
-86.751998,37.627979,35.1,271.98444,4.856835,29.96,0.527963
-85.449636,38.348712,173,7251.52396,53.118039,48.42,-8.448641
-84.421796,38.646326,90.1,152.57025,6.873988,8.37,-0.17658
-83.388543,37.323324,97.6,673.48515,7.355935,20.35,1.963987
-82.48613,37.621341,50.5,3705.13309,10.956603,93.61,7.140441
-83.922241,37.845158,49.2,144.69753,1.500512,9.33,0.715591
-84.586141,37.090224,78.1,4197.23534,19.200798,86.6,3.69494
-84.368332,37.28524,63,239.184,3.886997,15.93,1.461185
-83.463211,38.281232,75.9,418.00033,3.340734,18.91,0.704931
-85.090546,37.036685,53.3,384.45156,37.415163,29.75,1.180379
-84.569913,38.204074,104.4,12421.4575,39.559418,77.96,-5.580004
-85.244188,38.215128,155.3,7287.87689,39.302413,75.97,-2.616522
-86.528177,36.772732,110.5,345.79681,5.282556,22.02,-0.615515
-85.199818,37.394697,55.7,1171.59378,4.889616,23.46,-0.053611
-87.166662,36.966037,150.3,134.48424,7.383528,54.79,1.80733
-87.823183,36.926643,88.1,139.5811,6.97228,24.81,-0.005522
-87.827834,37.679404,157.6,170.89835,16.638513,18.04,-0.557063
-86.44143,36.98579,149.1,58649.47553,83.59436,137.34,-1.368734
-85.267745,37.718312,89.1,117.00221,5.564868,23.99,-0.454046
-84.760662,36.744131,63.5,526.01749,1.728067,50.25,1.635763
-84.253353,36.84815,57.4,2599.45344,6.207816,42.94,1.98628
-83.420741,37.739657,83.4,67.74636,2.775455,4.38,2.364365
-84.726678,38.070286,115.2,4369.22378,23.200622,40.49,-3.219705
-92.442096,30.284048,236.4,3847.70669,7.97303,126.73,5.092273
-92.82684,30.517553,819.6,1098.59118,1.369599,43.63,2.094326
-90.937643,30.311431,255.2,11884.5932,15.78495,106.07,-0.46797
-91.033419,29.973459,214.4,416.8045,2.040292,49.57,2.635053
-91.867494,31.136949,471.1,814.312841,4.526206,76.79,3.137541
-93.320467,30.556493,129.6,1406.952266,3.370738,75.53,0.878365
-93.178383,32.293279,342.1,223.951491,8.30535,51.85,1.66405
-93.728247,32.51758,256.4,33396.02305,71.962542,209.14,3.078254
-93.802953,32.456907,617.8,113624.1875,185.068071,645.82,36.170962
-93.198989,30.232058,400.2,64836.43687,49.531657,412.29,4.931858
-92.000344,32.128313,252.6,63.62842,1.881828,40.16,1.126118
-91.804183,31.801744,397.9,240.04584,1.452025,33.58,1.382171
-93.107998,32.891536,561.8,24.45753,2.591499,20.35,0.973558
-91.676297,31.36123,293.2,867.60827,11.81335,42.77,1.73012
-93.727151,31.917654,241.5,417.37671,23.224754,73.55,5.087094
-91.064499,30.426718,1066.2,224320.1062,36.251794,827.53,17.324637
-91.24786,32.655547,354.7,24.47012,1.645909,17.92,0.697916
-91.139295,30.777658,1085.7,183.27063,0.881754,35.99,-0.434344
-92.511416,30.583944,300.1,1190.44835,8.38427,68.76,4.293776
-91.826667,32.03641,287,725.19824,5.696275,72.08,3.862381
-92.496248,31.682989,253.2,297.11614,4.21373,45.27,1.094646
-91.835101,29.672389,246.9,24845.5021,12.710942,177.12,8.130398
-91.313085,30.170811,959,2178.94386,7.578276,75.48,3.325078
-92.603378,32.229845,201.8,356.442986,8.093995,45.81,0.506254
-90.126348,29.89254,551.8,650279.0784,172.590765,1361.36,0.573395
-92.708204,30.142247,257.2,2291.24595,6.114553,57.97,2.549109
-92.108249,30.223186,426.2,86688.9564,45.319478,413.23,0.97476
-90.807758,29.790726,202.7,21763.18608,13.672986,202.52,3.518014
-92.169593,31.599941,463.8,178.30094,1.453193,28.46,0.315819
-92.798543,32.576208,239.4,5897.85481,22.623558,87,2.703799
-90.610033,30.280684,196.7,9521.7564,6.801797,154.93,-2.809025
-91.326504,32.366914,429.9,17.416001,1.994504,15.78,0.760116
-92.001818,32.857422,292.7,4298.14876,12.632014,73.94,3.552265
-93.288729,31.818144,398.2,5297.812159,30.9568,98.27,12.091876
-90.001377,30.017143,1484.5,1205625.178,180.232283,1561.31,72.722832
-92.123243,32.520373,505.1,45841.50982,117.999216,400.4,19.114412
-90.028928,29.81959,284.5,1815.44284,28.560143,67.98,4.391876
-91.690927,30.809623,321.7,1068.68721,1.621644,42.44,1.676102
-92.204802,31.381002,499.2,31017.5866,51.239597,298.01,6.588727
-93.34176,32.102665,214.9,115.49655,2.625985,21.77,0.688928
-91.858688,32.289284,286.7,618.92913,4.701868,68.67,2.144182
-93.416148,31.436445,110.1,490.4228,25.147525,81.36,4.15773
-90.003771,29.958383,495.5,46399.7756,12.496565,184.42,7.704986
-90.383137,29.958526,250.2,11399.73266,12.10262,97.24,1.080312
-90.710348,30.732924,278.4,50.48832,0.407166,22.87,1.229352
-90.703477,30.050851,465.5,2299.22888,9.119507,68.24,3.897294
-90.485199,30.085789,510.7,14351.4271,6.514709,125.25,6.01934
-92.074388,30.541524,485.2,14145.463,16.375027,170.63,7.708885
-91.629118,30.225903,253.1,2482.149863,9.402375,114.62,2.193943
-91.470618,29.628605,231.1,14714.0489,3.837434,105.79,2.48666
-89.795219,30.227355,223.5,50684.41729,117.583912,345.08,-8.076353
-90.473155,30.51021,402.4,13814.50438,11.054976,200.21,6.241225
-90.744996,29.630712,228.5,24134.04152,5.040531,236.03,7.04242
-92.227456,32.744161,165.8,583.31244,9.3855,59.07,0.57174
-92.123169,29.968714,210.7,6793.603257,6.96644,115.46,2.305719
-93.446256,31.054154,157.3,7034.02885,5.838946,86.19,-0.562024
-89.886056,30.791117,549.4,2791.31651,8.222598,133.21,6.894454
-93.408545,32.845157,202.2,5543.15058,42.158626,100.92,10.845567
-91.278686,30.383193,540.2,3407.06438,2.814707,44.32,-0.52693
-91.391628,32.928987,119.8,95.68051,6.156274,41.69,1.415587
-91.404981,30.896862,888.6,88.9265,0.767488,14.55,0.022655
-92.784661,31.892092,218.4,20.642554,1.828186,20.4,-0.02766
-70.199449,44.083502,157.4,53056.16723,39.49618,217.93,-1.122716
-68.431757,46.649841,66.7,1128.489859,4.276913,155.84,0.017644
-70.262803,43.660326,236.9,189235.026,129.42379,401.25,-31.29604
-70.652298,44.943021,87.4,414.606893,3.366661,85.3,-1.740325
-68.668471,44.214072,139.9,1138.748036,13.247739,170.22,-5.709943
-69.637609,44.572054,137.1,13001.29181,36.149464,234,-6.403925
-69.23149,44.122526,88.7,2738.37084,7.732999,94.24,-4.599052
-69.46854,43.956593,68.6,889.41868,4.653258,85.1,-3.956482
-70.488325,44.244513,69,946.500487,23.462537,155.08,-3.415841
-68.71339,44.840689,85.8,36038.87656,26.764885,362.18,-3.253101
-68.9412,45.368799,47.1,144.11529,0.850457,54.87,0.301184
-69.870556,43.727935,86.2,3158.18352,8.603963,54.48,-3.89027
-69.404132,44.975048,83.7,967.96822,6.649827,145.56,2.139171
-69.018688,44.316451,112.5,582.21362,3.484638,89.46,-1.873426
-67.588212,44.65168,110.6,325.380207,2.57179,113.47,1.927962
-70.785991,43.148848,133.5,30036.51164,102.121164,265.75,-14.732963
-78.809909,39.651968,260.1,26027.6865,59.418525,112.46,3.1665
-76.601381,39.212589,290,337519.4538,375.512938,451.75,-40.770386
-76.614816,39.438754,486.3,959632.6418,864.690895,1058.25,-44.943388
-76.574154,38.557713,161.5,10951.5153,86.787003,65.63,-7.564315
-75.877214,38.961861,251.3,1965.87242,16.234954,49.9,-0.647455
-76.979212,39.616033,108.8,31505.08381,109.942168,113.21,-20.673782
-75.835586,39.608944,169.1,10833.54953,94.306928,80.9,-3.759964
-76.884275,38.602869,472.4,43943.93783,123.959396,111.9,-9.917631
-76.02112,38.387743,546.5,5977.011965,13.218532,45.09,2.44404
-77.440833,39.379738,219.7,129723.4382,213.363944,262.66,-26.185425
-79.212994,39.440433,67,336.86534,11.32635,47.33,-2.260548
-76.306373,39.48243,242.3,115188.3852,210.096599,189.84,-22.276846
-76.925801,39.19507,242.3,161790.689,176.746126,201.11,-30.873325
-76.070932,39.227646,219.8,922.40735,13.146398,24.68,-1.270394
-77.28375,39.182814,446.4,1408193.255,504.93338,1477.99,-80.258868
-76.910616,38.966501,1052.4,1187379.748,929.992657,2180.07,17.504981
-76.076493,39.077115,122.6,3478.53273,56.476573,58.69,-5.837584
-76.760934,38.277273,153.8,8480.216,48.79245,84.57,-6.421567
-75.743453,38.229413,450.3,725.96143,9.431134,40.5,2.253132
-76.18374,38.728758,234.4,5951.51554,20.095136,38.01,-3.377295
-77.720829,39.646624,356.5,66351.89346,137.93632,193.9,4.384011
-75.556539,38.357459,319.4,30686.78206,39.631575,131.78,3.541919
-75.085894,38.348629,191.3,12083.97374,71.440884,79.43,-4.313713
-76.55772,39.324799,2022.2,2224193.552,882.003587,1320.81,154.338416
-70.503019,41.762826,405.6,44498.72649,255.990733,176.61,-26.187845
-73.120454,42.621279,175.8,38060.05616,137.369906,97.33,-7.667036
-70.93348,41.669124,285.1,666006.9851,675.177105,389.21,27.832691
-70.721652,41.393003,301.7,1498.64468,11.118674,21.06,-2.344174
-71.155728,42.714975,288.1,1105636.865,745.59404,518.33,11.600173
-72.560585,42.596701,145.3,14646.99494,47.349876,39.15,-3.728121
-72.625417,42.207721,495.8,422607.6144,455.885563,339.56,51.677421
-72.639786,42.318177,133.7,72517.45159,100.90905,76.11,-11.628019
-71.122608,42.400037,286.2,2582069.066,1000.862191,806.81,-131.932336
-70.105022,41.284971,219.3,2309.10192,42.020326,15.19,-2.578065
-71.220123,42.234155,231.2,610388.9826,423.414877,239.82,-54.693077
-70.951575,42.136896,242.5,239885.6294,521.012093,222.32,-18.233099
-71.057267,42.352423,803.6,4720669.806,802.291273,702.54,60.565348
-71.688496,42.427842,282.1,533650.1652,669.47384,450.92,-11.040111
-86.890996,46.423967,147.2,30.720093,1.167465,24.81,-1.190072
-86.148943,42.763004,128.5,8905.27453,40.877767,114.05,-11.189785
-83.73843,45.014894,44.5,7675.87669,18.283053,46.5,-0.246695
-84.958682,44.911667,77.8,537.21927,6.399894,42.79,-2.961989
-83.721419,44.044372,38.3,236.31233,3.913175,30.27,-0.252533
-88.476776,46.599481,96,18.812313,1.18827,10.86,-0.234986
-85.366869,42.507814,42.3,1383.29204,19.65716,47.07,-4.097279
-83.989954,43.628257,93.4,52746.7669,53.487841,140.18,1.7599
-86.216166,44.643018,57.8,400.56199,3.711191,23.98,-2.176235
-86.375091,42.191121,171.7,50002.76714,126.216797,344.79,2.537239
-84.985336,41.941771,52.3,5931.16371,19.349605,118.97,-3.627458
-84.891442,42.378024,171.9,45774.68677,58.737707,230.68,1.361013
-86.020289,41.785273,36,1694.39869,24.287285,66.86,-0.987792
-85.547837,45.683871,48,4367.06564,11.165692,81.06,-5.623014
-84.351342,45.553989,75.3,864.83956,9.841994,60.14,-0.714045
-83.713785,45.999325,86,9834.558947,18.899152,64.55,1.513943
-85.048436,43.842619,135.8,1302.10814,5.231941,92.44,2.174414
-84.425724,43.07417,65.3,14554.91586,36.900194,91.2,-10.550327
-86.620045,45.89522,71.3,12448.28754,9.660255,69.51,-2.613317
-84.624631,42.74778,94.6,28691.56226,62.578538,131.38,-6.383855
-85.001523,45.361258,41.3,2450.68901,14.227886,56.11,-2.440294
-83.714467,43.200308,167.1,217828.6648,318.320816,726.4,55.044868
-84.490254,43.970232,54.4,563.32831,19.605865,69.72,-0.457148
-90.060095,46.588541,81.1,2775.176835,14.6432,51.12,-1.046737
-85.610201,44.751289,99.9,11176.48139,44.739042,100.74,-7.613538
-84.59246,43.415042,85.4,3224.87865,5.19599,40.25,-0.750791
-84.620561,41.928645,51.7,4362.25827,10.265326,79.77,-2.452408
-88.399533,47.160232,49,6583.036656,15.696226,64.2,-1.654351
-82.992225,43.804653,26.1,869.74236,9.312108,51.25,-2.96807
-84.458505,42.726905,180.7,231355.2823,140.248422,416.38,1.76358
-85.220773,43.093269,124.4,6046.89612,12.626207,75.14,-2.101825
-83.359378,44.488184,49.5,1639.3904,5.726019,62.3,-0.861787
-88.754642,46.248647,71.9,216.94958,2.75933,32.77,-1.191901
-84.774443,43.593606,70.4,22870.38012,16.267631,122.68,0.188706
-84.400874,42.237526,175.5,59332.52464,114.148957,225.2,2.411787
-85.58621,42.178153,172.9,118619.8279,133.25,319.33,-6.858025
-84.968309,44.811884,78.2,180.87842,6.291476,46.55,-0.041515
-85.671984,42.909788,189,431403.1264,227.881961,800.5,-15.425456
-85.696339,44.038722,163.9,96.97135,1.501288,24.53,1.18047
-83.043337,42.920722,71.3,8845.70878,38.048809,169.89,-1.764689
-85.663327,44.965353,25.9,497.45263,10.714852,26.97,-3.810158
-84.017079,41.902047,89.1,20154.59654,22.693179,138.32,-6.046991
-83.835726,42.615871,58.2,44852.18493,178.265609,218.35,-38.273936
-85.603214,46.492497,126,19.925039,0.267616,9.72,-0.213351
-84.340554,46.004201,114,125.352784,6.627915,47.45,-0.138589
-82.924783,42.505936,167,858465.7492,627.149696,1168.87,-21.685947
-85.961572,44.440603,82.6,3261.14399,4.735948,54.26,-1.880766
-87.95088,46.495492,68.6,36696.26118,27.505955,100.92,-6.089532
-86.434871,43.946992,75.9,4534.19968,11.866101,49.46,-1.700622
-85.480545,43.686235,63.3,2508.16828,8.925647,68.27,0.25508
-87.623407,45.118292,50,5020.530131,2.633607,26.51,-1.896262
-84.329882,43.611959,52.1,22254.11503,36.23925,86.99,-6.493139
-85.080484,44.429045,39.5,174.52755,2.060813,33.94,-0.831462
-83.478981,42.043261,77.9,37912.201,145.257954,172.76,-7.040942
-84.943313,43.172143,70.5,1798.02571,11.421738,104.43,-2.702155
-84.026077,45.125593,119.9,50.49619,1.307739,22.7,-0.402134
-86.287336,43.27683,128.6,70072.32594,69.607945,221.09,6.392816
-85.722778,43.555937,72.5,1587.86978,13.38395,68.88,-1.886065
-83.182894,42.673069,198.2,979729.078,865.999265,1481.52,-142.546112
-86.338091,43.688314,26.8,411.27676,2.525636,57.5,-0.821735
-84.185537,44.28256,71.3,373.60506,24.177435,43.16,0.331395
-85.507515,43.857971,80.6,316.52534,2.311638,56.69,-0.059657
-84.245485,44.670467,97.6,65.848,1.219003,42.22,0.678974
-84.512909,45.110747,56.9,899.47656,3.692756,41.4,-1.443889
-86.204616,42.829548,55.2,78367.81039,84.144007,188.21,-29.641568
-84.737002,44.31612,60.4,1358.98721,13.642957,49.85,-1.343255
-83.986957,43.435316,157.2,90226.13724,270.541476,277.1,17.094689
-82.433186,42.992721,49,63073.89452,179.649375,240.44,-5.669657
-85.403465,41.812925,51.6,8585.30909,12.127934,134,-2.386457
-82.906197,43.615023,65.4,1181.86759,11.319786,98.55,-1.245767
-86.075788,46.246565,70.4,426.562965,1.052438,18.21,-0.382173
-84.318772,42.818837,82.4,19216.09874,19.811915,89.67,-4.166873
-83.246274,43.4619,33.2,1433.34727,8.525283,67.89,-2.768888
-85.826663,42.231602,99.7,5173.61677,25.917622,127.75,-0.439433
-83.553415,42.232941,180.5,344160.6894,161.535912,352.96,-36.775319
-83.3038,42.359434,477.2,2661810.162,2110.178445,3566.45,337.279943
-85.393249,44.239878,78.3,5418.60197,5.055215,53.35,-0.12297
-93.238345,45.323249,142.6,193506.3537,313.706005,337.48,-31.466963
-95.847293,46.797945,45.5,2511.347473,39.401812,63.26,-2.961651
-94.91831,48.212172,67.7,5056.860503,35.448941,86.49,3.251001
-94.163102,45.605846,75,6326.34884,66.092455,33.19,-2.582199
-93.994277,44.137528,75.7,34158.48775,64.663197,65.76,-5.625083
-94.733856,44.34248,52.1,9161.17233,25.658146,23.17,-3.300393
-92.608664,46.715001,72.4,1932.671441,40.150271,30.87,-1.113396
-93.535629,44.884044,68.8,19227.25288,122.904466,48.9,-14.117697
-93.922628,47.079583,39.6,247.731074,45.763074,71.39,-1.776875
-95.740061,44.954074,51.7,363.19267,9.521706,26.49,-1.497483
-92.848222,45.397795,44.2,2661.78558,31.755194,37.65,-5.154032
-96.691349,46.876974,75.8,26351.4685,46.815177,57.64,-4.665706
-95.446084,47.546438,82.2,53.737858,17.933392,25.55,0.272906
-95.285423,43.935864,97.4,85.22618,7.452035,21.81,-0.767659
-94.283046,46.364486,43.3,4130.885213,79.268857,76.47,-6.975976
-93.196703,44.744153,136.3,258394.3114,422.361594,350.42,-41.793993
-92.746785,44.024716,29,962.27358,26.203826,23.61,-2.826572
-95.338581,45.884235,40.4,2705.34952,57.66405,27.01,-5.102944
-94.094162,43.639888,69.1,579.48439,13.329947,29.16,-1.897086
-92.24639,43.771814,34.6,168.15221,11.784007,57.59,-2.799434
-93.523501,43.589608,42.8,8987.74831,64.464311,52.27,-2.688177
-92.549982,44.552211,46,4836.69058,41.601912,48.57,-4.69759
-96.033955,45.873122,139.9,23.787676,10.085317,9.81,-0.467721
-93.235004,44.982607,426.2,1756015.889,963.507605,1557.34,-37.546868
-91.496222,43.578928,38,1131.66045,3.734462,24.35,-2.906845
-94.918646,47.32352,43.6,800.90544,19.574319,37.32,-2.456811
-93.440907,45.498731,56.4,1509.37647,33.868433,33.5,-2.966638
-93.349946,47.632915,36.1,944.328448,47.708754,60.49,-3.117565
-95.189152,43.575699,120.1,372.161289,15.956259,14.35,-2.542844
-93.231583,46.054145,57.4,597.30163,12.930149,22.03,-1.211257
-95.043402,45.120145,53.4,13151.45887,22.399587,79.82,-3.204302
-93.396586,48.572963,0,888.200421,14.383795,13.29,-0.634303
-91.448219,47.651384,54.4,564.843589,4.739141,13.87,-1.205876
-93.62651,44.238183,53.9,462.504,32.219556,35.01,-3.009266
-96.272115,44.260627,106.8,25.258748,7.521424,9.7,-0.797705
-95.613645,44.238881,67.5,3359.22884,12.790998,41.41,-1.733025
-94.137154,44.932628,89.6,2837.54131,24.601226,32.32,-3.735667
-94.548701,43.715806,78.4,941.43267,17.348754,30.56,-1.627432
-94.533712,45.140729,62.4,1438.14034,17.086328,29.59,-2.87904
-93.640138,45.611937,78.2,872.63246,27.783925,42.43,-0.214137
-94.472634,46.086861,43.2,1888.19513,53.692264,40.82,-2.389042
-92.981004,43.658277,170.6,18599.43649,52.548534,68.01,-2.851712
-95.87149,43.92372,0,38.040376,19.108841,11.65,-1.588438
-94.111673,44.333711,51.8,9043.39211,33.449776,22.93,-2.989376
-95.629768,43.618301,174.9,2197.57414,21.362681,45.97,0.631153
-92.492692,43.854726,155.2,78915.79874,101.228134,133.91,-12.028306
-95.365527,46.352298,36.4,1617.35189,87.034137,75.76,-7.193816
-96.196745,48.109178,76.6,2306.676419,36.922242,12.54,-1.855541
-92.603084,46.060633,94.1,565.767291,21.764172,45.23,-1.181933
-96.30375,43.996228,67.4,1136.142709,7.149688,30.31,-1.48654
-96.688054,47.678925,89.2,3101.820008,42.322781,35.46,-2.515197
-95.248718,45.604691,73.6,345.679351,13.81262,14.86,-2.478854
-93.110859,44.952925,298.8,756697.006,544.895985,715.63,14.3907
-94.991086,44.408363,40.1,876.278432,29.956652,40.9,-2.421663
-95.04611,44.761626,82.4,140.161883,24.786121,31.13,-2.036032
-93.172197,44.437015,109.3,19174.46939,39.021796,67.64,-4.691765
-95.443883,48.726788,0,81.904935,9.361767,10.29,-1.419952
-92.064283,46.739905,79.4,126119.4808,310.566204,255.92,-10.266943
-93.3784,44.754281,102.7,33408.2899,80.553868,81.26,-10.246259
-93.601027,45.306346,81.8,5094.04868,66.646157,30.57,-6.628693
-94.504047,44.56822,56.1,108.03895,25.91674,19.2,-1.994751
-94.176972,45.516287,71.6,43043.11448,150.132231,112.07,-5.741568
-93.211432,44.109672,33,9110.12274,39.044341,25.66,-2.803603
-95.377625,45.27621,0,563.184862,31.834195,17.27,-1.097679
-92.167582,44.1661,43.9,1993.20113,30.411536,30.33,-2.912641
-95.098587,46.419092,53.8,161.87959,10.246392,20.7,0.306707
-93.493533,44.087561,57.9,2177.50799,31.972326,16.95,-1.774426
-92.959349,44.956115,96.3,89300.0582,216.898817,142.06,-30.407709
-91.540831,43.921728,58.7,12773.16898,29.510232,61.35,-3.306956
-93.874679,45.163131,71.7,7985.01559,89.929528,57.76,-9.206627
-91.2594,31.478343,459.7,7424.05184,35.31066,126.73,6.828283
-88.621295,34.806456,141.2,1393.95023,23.732845,95.78,1.217648
-90.942763,31.259192,275.8,53.91536,4.897679,39.78,1.537832
-89.661131,33.167535,281.4,1411.64787,5.296402,63.52,4.619198
-89.196563,34.676497,341.1,40.79028,1.963633,32.43,1.424447
-90.718925,33.729042,493,4234.82858,21.621845,121.37,7.804902
-89.305054,33.855925,165.8,937.54227,4.02006,62.57,1.475593
-89.945513,33.581565,345.9,33.20865,7.384986,15.77,-0.010309
-88.998031,33.907352,278.9,238.98385,2.693175,48.09,1.366515
-89.262036,33.433837,158.2,367.92014,2.383225,25.33,1.471987
-90.884197,32.028658,407.3,35.002002,8.606784,30.06,1.806656
-88.80933,32.132647,427.8,201.43839,6.53103,33.96,1.180753
-88.654323,33.609521,319.4,3162.08254,7.775386,59.98,3.16891
-90.527859,34.115194,955.4,6608.0019,5.899236,88.8,7.91137
-90.279677,31.789843,471.3,756.68328,7.902995,64.09,0.940022
-89.564501,31.639997,333.9,642.2808,2.715809,57.24,2.408713
-90.014968,34.991083,273.9,49630.82882,97.097776,312.41,-3.508305
-89.341412,31.34196,643,25159.37084,36.437568,240.65,8.554045
-91.038958,31.477689,215.8,26.78191,2.934705,19.14,0.260787
-88.724415,30.806441,167.7,719.19731,2.672626,90.86,1.007854
-88.639266,31.300355,655.3,37.67068,1.296398,31.84,0.589916
-89.947065,33.769102,447.8,1488.09669,24.46291,40.75,1.221676
-89.343521,30.308362,192.2,4117.24483,17.905201,91.09,1.249958
-89.084905,30.382411,386.6,63688.96887,91.561344,672.92,14.484657
-90.567355,32.352446,1228.4,123784.425,110.50052,857.07,51.343717
-90.048086,33.198831,479.2,125.79912,5.907477,82.43,8.26774
-90.456141,33.210274,364.8,919.932992,2.845579,45.6,4.545179
-88.314425,34.386917,242.9,622.20246,8.727572,52.8,-0.170973
-88.591723,30.394195,232.8,29139.11631,63.201538,359.16,5.595036
-89.028195,31.924126,415.5,169.5767,2.807351,50.28,1.210887
-91.065491,31.708418,306.7,10.97843,1.233453,16.73,1.033899
-89.681078,31.502857,327.1,86.20389,3.641294,43.23,2.292633
-89.010618,31.677208,298.6,5056.08049,13.295295,145.61,3.184239
-88.519126,32.754531,199,25.86434,2.448012,23.28,1.183253
-89.544587,34.363608,227.8,8582.70602,18.616909,89.59,1.455429
-89.378573,31.327,95.5,3059.82482,15.380362,108.06,0.974498
-88.709217,32.385393,419.5,18176.27169,44.879432,204.83,6.218631
-90.029804,31.599966,403.9,91.87862,3.774197,36.68,0.990175
-89.642187,32.823795,311.6,290.18484,1.675094,66.5,2.40918
-88.747584,34.276867,276,11192.65946,56.419198,212.12,3.346202
-90.371457,33.419432,595.1,6499.483906,14.669569,111.3,7.530645
-90.445342,31.597225,210.8,1790.09279,24.337619,89.57,1.188187
-88.401414,33.514464,319.4,6618.26016,33.986449,159.88,5.019361
-89.893596,32.641291,310,22200.16982,55.502038,148.19,-3.69188
-89.7269,31.145006,341.3,1147.54616,5.202046,89.1,1.841306
-89.44916,34.654376,279.5,1071.36799,9.309569,80.76,3.395756
-88.600724,33.779298,171.7,2144.18157,18.735882,91.64,1.936787
-89.745951,33.495329,366.7,203.37414,12.497011,26.75,1.735004
-89.112884,32.78703,247.2,1752.5401,4.81244,83.62,4.68199
-89.092169,32.296028,237.7,537.24195,3.898242,51.92,0.317102
-88.564067,33.119215,398.1,936.87133,1.194293,42.74,3.219408
-88.82863,33.458127,155.5,6434.44283,11.19144,74.33,2.294124
-89.910792,34.444658,274.7,1094.73855,9.732467,78.52,2.448684
-89.649289,30.86149,243.4,2560.32136,4.423934,125.17,2.265007
-88.967526,31.370407,237.7,67.50863,2.175801,42.06,1.265818
-90.391788,31.142683,436.7,3107.59627,13.725334,106.7,3.708695
-89.159714,34.304314,106.8,747.12494,5.510623,95.89,1.251001
-88.568,34.657043,85.8,1026.96351,17.577877,61.4,2.114534
-90.282457,34.251296,368.2,659.33369,2.513779,51.3,4.905403
-89.970442,32.282186,298.9,21305.30727,33.57353,240.14,-6.010875
-89.658604,32.348596,389.6,1248.1402,2.939489,105.77,3.555599
-90.053049,31.970483,271.9,818.10282,4.393056,70.9,4.148848
-89.572068,31.917528,150.3,84.4891,1.745097,42.47,0.076521
-89.134584,30.8522,246.5,508.44098,3.681927,38.77,0.688301
-90.642725,33.458948,748.4,2301.15871,12.575301,83.62,5.461537
-90.05808,34.020195,267.8,1632.350059,7.165316,52.13,4.341592
-90.099988,34.692079,159.5,1144.93225,5.445489,61.73,0.694079
-88.909567,34.660484,147.8,869.1498,6.163043,46.74,0.802624
-88.234543,34.584891,66.9,395.55043,7.018444,56.17,0.399852
-90.373081,34.64864,965.8,142.31772,4.051861,29.92,1.209003
-89.147091,34.538048,114.6,1053.05156,11.075199,66.09,1.513315
-90.155149,31.237842,232.4,516.74064,1.316675,47.25,1.22839
-90.817973,32.476949,431.3,5464.68624,34.656751,123.91,2.197535
-90.831874,33.299338,581.9,19839.46753,46.855368,275.72,20.165662
-88.561609,31.735809,162.4,464.94797,5.175098,36.91,2.358709
-89.130935,33.637387,136.1,496.72576,3.599103,33.46,2.156104
-91.410474,31.131867,313,26.12219,0.769496,26.6,1.538138
-89.195726,33.046456,276.3,504.30839,2.870283,65.02,1.798868
-89.600343,33.997931,294.2,252.38699,3.748519,38.13,0.671423
-90.218532,32.88064,446.9,3290.452431,8.829689,75.89,6.083441
-92.580608,40.185169,206.5,14506.55717,3.720359,59.43,1.31682
-94.726341,40.018919,175.5,288.56014,8.136186,25.35,-1.682021
-91.494059,39.305959,147.8,1768.23488,5.482704,74.86,-1.107095
-93.926021,36.825293,166.5,741.88507,6.947796,96.26,-0.727116
-94.454629,37.507621,102,319.10338,7.580073,35.32,-0.297411
-94.336321,38.260423,161.6,424.28272,4.497566,37.55,-1.054666
-93.216226,38.159419,233.7,188.77509,3.654514,74.8,0.081558
-90.064697,37.174303,145.4,69.77561,1.87301,34.52,-0.061719
-92.315646,38.955674,152.5,63331.57203,40.958732,220.73,-6.937578
-94.852158,39.771319,183.3,55487.69526,16.873936,272.33,0.647947
-90.258076,36.639452,138.2,4916.35564,12.616282,125.81,4.147709
-94.092213,39.655046,211.3,42.0288,2.965095,17.49,-0.520536
-91.763399,38.831226,204.5,1713.27316,6.741259,76.16,-1.726677
-92.963326,38.14508,103.4,2014.75832,18.07563,119.95,-3.289276
-89.669083,37.524052,103.2,26364.49903,23.909677,145.86,-2.307091
-93.354627,39.437731,81.9,205.128224,3.501087,33.65,-0.279996
-94.345887,38.793457,109.1,15713.75165,25.935062,159.74,-8.142252
-93.850953,37.734046,84.5,227.85572,1.950195,44.73,0.294579
-93.318549,37.007373,89,7446.93533,27.179084,117.35,-5.971894
-94.539371,39.202503,195,81665.488,53.775482,361.83,-18.03931
-94.277656,39.588211,104.9,732.86143,6.628328,29.03,-1.983154
-92.179536,38.563013,191.6,13164.85447,20.119005,136.06,-6.068544
-92.919531,38.848075,242,1510.38919,3.53635,50.8,-1.420481
-91.416415,38.163231,119.4,385.94012,9.133276,92.38,1.400061
-93.94138,37.426599,108.3,32.78697,1.164473,27.68,0.158345
-93.020696,37.548731,134.7,135.96802,6.412232,49.19,-0.145723
-94.004786,40.028641,146.9,31.56037,15.197806,34.08,-0.211598
-94.312608,39.914622,86.5,59.61869,1.659086,14.88,-0.695266
-91.516199,37.641556,298.1,1598.81313,9.009039,57.49,0.6531
-92.721633,36.935413,214.2,134.658725,4.310301,47.45,0.29166
-90.10412,36.535338,96.9,2281.58797,11.168703,144.95,4.715102
-91.217846,38.335397,80.3,4872.48072,27.094517,138.64,-4.650255
-91.511576,38.630649,71.7,604.94904,5.038103,33.48,-2.2196
-93.311991,37.116042,241.5,155893.3853,96.778846,733.28,-11.030249
-93.625603,38.403534,75.6,1601.80764,2.304357,71.84,-0.786617
-95.24488,40.17645,0,35.447276,1.333111,24.83,-1.157298
-91.892325,36.745978,36.1,1697.98472,17.00784,110.33,0.493732
-90.656851,37.393757,183.8,167.78587,2.349193,46.08,0.944671
-94.395218,38.898686,499.2,611182.4672,254.887349,2398.62,13.891072
-94.522937,37.069722,186.6,27683.43561,36.694671,294.86,-0.760663
-90.426098,38.486427,97.4,40938.90045,52.577041,345.87,-8.779388
-93.746745,38.767795,98.8,6123.22322,4.512735,84.57,-3.254033
-92.750459,37.72436,37.3,2729.69174,13.564987,63.73,0.352495
-93.785363,39.144118,36.5,529.28879,8.250634,58.19,-2.471633
-93.703755,36.973455,70,2000.4786,7.27669,94.42,0.220977
-91.808088,40.167284,60.5,115.53505,1.178099,38.16,-1.359937
-90.915948,38.914786,85.1,1033.58994,9.135815,56.99,-1.708289
-93.56653,39.787354,94.6,3794.49182,1.579472,62.54,-1.507758
-94.398102,36.634934,106.8,201.35598,10.771271,74.7,0.039076
-92.472542,39.736201,63.1,395.592968,10.626848,54.81,-0.9765
-92.003344,38.215224,119.5,56.43019,3.51436,37.06,-0.479606
-91.394844,39.695639,75.7,4888.92951,3.443863,42.33,-1.798104
-92.634558,38.282451,47,905.53857,12.731934,52.06,-0.422009
-89.282648,36.736061,373.5,1288.945757,14.683441,57.5,2.077092
-92.500989,38.717554,145.8,865.65287,13.050019,62.4,-1.093488
-92.185143,39.503452,219,27.45644,0.571322,24.72,-0.864139
-91.335696,38.937754,62,95.86879,2.635646,36.84,-0.642986
-89.589873,36.795903,134,792.094078,10.792601,65.27,1.518764
-94.570495,36.830669,22.7,4137.66597,16.776207,153.91,-3.630135
-94.744291,40.315847,35.6,2731.921903,5.616063,51.39,-1.714073
-91.349973,36.585074,113.3,54.248059,5.661379,50.28,-0.188832
-89.763923,36.318419,131.7,1313.098747,12.425984,78.54,4.172069
-89.967355,37.695796,0,1984.14448,3.572827,31.67,-1.755128
-93.221929,38.705997,86.2,12475.03004,27.371517,160,0.708713
-91.615703,38.044544,31.6,6965.54373,18.408796,82.74,-0.885115
-91.166978,39.451003,161.7,1264.12042,3.309252,45.28,-0.688256
-94.643365,39.202587,150.2,27967.62632,28.072662,115.17,-11.318104
-93.273994,37.523741,81.4,201.1437,3.001612,54.6,-0.696816
-92.237473,37.809726,70.5,5696.80187,3.858974,91.32,-3.389891
-92.461181,39.527936,114.2,2969.34703,5.784556,57.87,-0.759662
-93.972501,39.275927,36.1,509.94926,4.699076,41.38,-1.18321
-90.498688,38.777341,95.9,216808.6279,132.400524,376.62,-46.843685
-90.13974,37.795024,210.4,364.72156,12.242057,19.02,-1.525136
-90.432541,37.801637,115.8,8220.88581,25.117366,97.57,-0.50901
-90.391285,38.726893,321,645817.4263,367.904585,1264.27,-51.438691
-93.202318,39.112553,57.3,8047.18764,2.073681,63.15,-1.498808
-92.59486,40.453656,0,14.27316,0.179848,15.85,-0.184507
-89.616707,36.876462,91.3,3590.48428,21.772819,110.4,1.043743
-89.969809,36.802405,44.7,2048.99139,13.61512,92.03,0.815338
-93.509748,36.721263,73.9,776.8571,6.781329,53.05,-1.967013
-93.120101,40.213048,98.8,54.210105,1.126297,32.69,-1.059131
-93.081303,36.565554,77.4,2224.517683,13.825554,158.99,-2.183987
-91.983554,37.528078,46.4,92.03246,3.935204,64.58,0.671817
-94.337153,37.832467,127.6,1582.475333,7.691075,94.14,-1.061462
-91.193764,38.703487,57.2,650.88365,4.510567,36.12,-1.564036
-90.954902,38.055497,163.2,551.81582,3.161848,62.95,1.875185
-90.480782,37.148243,63.4,103.47816,4.598464,56.68,0.988647
-92.767551,37.117782,87.7,820.32225,9.40332,111.71,-0.819114
-92.319848,37.095991,33.3,204.37509,5.244278,79.14,1.469132
-90.221078,38.659155,1058.1,660261.4406,157.317176,1196.47,57.788435
-112.714473,45.23518,0,480.094842,1.542398,27.58,-1.541927
-107.391028,45.209581,89.8,15.943748,3.115915,124.49,1.65862
-111.495355,46.332356,0,326.160751,0.916964,13.76,-0.604913
-108.999523,45.510737,105.9,226.698036,3.759422,34.52,-1.59988
-111.301672,47.499644,67.7,23257.386,21.043079,102.99,-4.165805
-105.838581,46.403761,92.8,9516.155593,22.0668,36.18,-2.193134
-114.314957,48.195702,45.6,14502.3007,49.810532,165.15,-8.359207
-111.160365,45.530311,63.2,38833.12755,47.063789,173.39,-13.515257
-112.118815,46.276648,104.3,84.184571,2.757078,18.56,-1.588374
-114.12792,47.49178,85.9,200.787906,7.881578,105.94,-0.76294
-112.279299,46.813917,52.7,8667.493912,11.208043,75.53,-6.618605
-115.39106,48.53439,62.5,16.145487,4.468082,36.44,-0.761375
-114.766038,46.974456,129.8,7.008173,1.232789,15.1,-0.208388
-114.390402,47.104401,118.1,44517.13965,43.572298,141.64,-5.859639
-110.467402,45.12824,82.2,2036.01176,10.932135,32.22,-1.319077
-112.569407,48.282634,0,5.10572,0.712144,5.11,-0.319066
-112.752629,46.390054,162.9,16.749135,0.972878,20.38,-1.004313
-114.318722,46.186541,49.5,290.785125,20.450009,100.5,-2.524847
-114.524175,47.469209,66.8,14.464353,0.787022,35.21,-0.623114
-112.534799,46.011592,77.4,18393.45508,13.867888,43.15,-0.783842
-108.675325,45.982192,107.9,77361.66109,29.960956,240.5,-12.798698
-98.389292,40.588716,23,10576.77141,5.030223,76.91,-2.940448
-98.097562,42.032141,0,190.338523,7.256416,17.63,-1.352387
-99.073318,40.706364,12.1,17179.57471,16.200084,100.48,-4.819476
-95.913811,41.005389,36.5,565.40394,8.865152,37.53,-3.802171
-97.272932,42.718589,0,22.9912,9.491143,10.92,-1.468698
-101.093394,42.456002,0,6.969804,0.542917,11.59,-1.2095
-98.066663,40.451886,0,22.517608,1.553694,17.62,-0.871143
-97.093083,41.538696,72.1,267.860569,5.084168,28.39,-1.008335
-96.644805,41.824012,0,61.00113,10.907342,20.99,-1.439025
-99.971208,41.339535,89.3,280.720694,1.812553,29.69,-2.108416
-96.409994,42.47687,50.8,5334.64101,4.8483,46.99,-0.213213
-103.005304,42.796896,0,222.871505,4.171627,20.02,-1.394947
-96.865797,42.591199,0,24.742449,2.816979,11.41,-0.899715
-96.490577,41.444838,29.9,15350.65001,21.496112,92.45,-2.000871
-95.961526,41.234012,72.2,634056.186,143.903266,1568.48,-23.890886
-97.705752,40.521342,0,19.175586,5.566885,12.03,-1.242994
-98.949265,40.108342,0,10.681665,4.770021,9.98,-1.089405
-98.347232,40.913089,59,22106.52378,18.68434,162.05,-1.111109
-98.005597,40.861785,0,214.319096,3.845248,17.75,-1.856433
-98.624897,41.215892,0,23.208087,1.522568,11.93,-1.222854
-97.664225,42.517466,0,24.750046,3.950889,21.77,-1.484255
-96.618164,40.831587,38.7,281187.2192,107.375921,548.88,-24.087716
-97.385281,42.043086,31.6,12302.24349,60.764077,80.93,-2.870696
-95.829756,40.373896,0,140.528663,6.911111,13.09,-0.711155
-98.046868,40.18136,0,109.43243,0.58672,13.47,-1.052242
-97.459929,42.260325,0,26.662638,7.729703,9.71,-1.186299
-100.638122,40.223142,0,646.957809,23.3783,24.96,-1.293395
-96.970556,40.647258,43.4,240.102749,4.128336,33.85,-1.081615
-95.961072,41.124919,19.3,110400.0764,43.240103,231.18,-25.672638
-103.6628,41.867349,20.5,8771.833696,22.341604,100.31,-1.373212
-97.109535,40.899697,0,1094.93175,4.944519,22.21,-2.295155
-102.438118,42.450352,0,3.731541,0.952159,9.58,-0.495403
-98.920774,41.571067,0,81.909985,0.666043,17.65,-1.385819
-96.998356,42.235442,0,359.72916,7.363271,7.13,-1.217235
-98.494303,40.252765,0,12.445953,0.504004,12.99,-0.937673
-97.599011,40.941327,61.9,541.112687,8.300615,26.59,-2.240252
-118.145353,39.570334,134.4,4719.572786,19.266354,71.48,-1.773198
-115.09622,36.092998,474.1,3244125.961,840.940111,5949.28,79.71773
-119.732984,38.887065,109.8,11531.28683,21.574045,125.74,-7.260415
-115.795563,41.101876,65.6,7194.95435,16.165687,145.91,-3.378909
-117.727223,40.961124,36.9,53.646882,0.652148,20.88,-1.133757
-115.075291,37.368174,0,6.247376,0.258859,18.88,-0.229404
-119.454553,39.185105,118.8,5042.761552,16.91874,94.31,0.216666
-116.645615,38.141085,193.5,1333.663055,10.538962,85.39,0.605671
-119.742941,39.560521,259.3,406938.1603,197.352329,1008.58,-12.946354
-114.79138,39.567054,355.8,63.866587,0.622953,14.86,-0.457652
-119.754606,39.17528,400.4,42120.46544,14.379316,134.14,-0.280994
-71.363469,43.427433,52.1,6312.00659,34.278922,101.91,-5.26042
-71.111043,43.900479,59.6,751.79568,37.900617,102.73,-5.5114
-72.059679,42.829369,55.8,6834.41353,17.99337,102.37,-7.232711
-71.134125,44.342267,71.6,1221.264121,15.686806,72.26,-0.809788
-71.641982,44.224108,57.3,3699.26983,27.87249,137.68,-8.971393
-71.482523,42.995047,105.9,302577.9149,176.635958,591.32,-23.552615
-71.339129,43.214836,97.8,26220.59868,50.644623,204.19,-13.244436
-71.300235,42.864066,66.1,58210.45369,122.896238,275.44,-36.926458
-71.042401,43.213933,95.5,30013.87824,42.155496,146.93,-8.734228
-72.200141,43.364909,47.7,1602.68016,11.480514,69.96,-3.355525
-106.704504,35.081648,277.6,640672.961,180.571434,1238.84,4.385197
-104.034748,33.576309,104,14403.09896,7.202567,105.26,2.110017
-108.199321,34.935964,450.8,4029.601623,2.429909,38.42,3.542207
-103.23174,34.426648,91.2,18101.86878,19.27405,124.71,2.508935
-106.788105,32.311998,242.6,77028.8832,30.746373,439.63,37.096523
-104.307355,32.756506,65.8,13356.22021,10.83198,125.62,-0.141997
-108.253322,32.777142,116.2,1763.097105,11.421242,31.57,0.403258
-103.135616,32.703881,102.3,13294.5849,12.114699,197.59,4.025435
-105.652989,33.9092,157.1,484.646478,2.375344,45.7,-1.409149
-106.279217,35.804831,36.5,708.1994,1.783737,13.54,-3.054709
-107.766562,32.258746,104,3420.467101,2.205274,27.79,2.453437
-108.415994,35.569151,240,4785.583005,8.893319,294.04,17.597184
-105.965451,32.798875,110.2,20190.18374,7.703245,93.82,0.280437
-103.7417,35.205759,85.8,462.474122,2.412418,18.75,-0.059315
-107.220393,36.6354,191.2,1819.94575,10.276489,71.16,1.298529
-103.706297,34.22032,72.1,4289.510364,2.021802,55.73,1.75423
-106.668067,35.230465,158.5,38632.1171,34.930394,188.26,1.729051
-107.969505,36.31794,138.2,23625.53902,30.796225,410.7,11.225061
-104.569764,35.501887,150.3,3198.503974,10.166771,42.89,4.798335
-105.97174,35.633823,346.6,76565.33663,54.958957,475.64,-11.822589
-107.588125,33.090664,145.4,2001.392438,2.420729,21.5,1.404845
-107.294856,34.016591,178.9,1978.117069,3.631596,34.81,0.377924
-105.533022,36.459476,170,455.256032,4.937492,50.9,0.369098
-106.156691,34.998958,362.4,128.504641,4.013844,25.38,-0.114458
-106.685687,34.818021,149.2,8954.232309,15.853095,148.07,3.272265
-73.766462,42.670296,432.2,309658.9991,169.855024,245.55,-14.458082
-78.303322,42.2317,58.4,591.95467,13.36764,68.74,-0.725732
-73.914883,40.843094,2406.6,20494250.46,968.071559,2597.02,453.436661
-76.027958,42.113198,237.6,154937.4248,138.744915,234.33,15.804599
-78.419351,42.075517,121,9642.27881,26.213891,103.19,-0.545397
-76.546557,42.930289,225.6,26946.0497,54.172902,89.4,-1.886625
-79.339714,42.452483,218.5,53312.43576,42.873643,178.77,3.883715
-76.806408,42.080894,269.7,48786.74963,69.329668,92.96,3.032849
-75.422352,42.589654,131.2,6869.26737,20.036504,42.86,0.882757
-73.466179,44.691309,269.6,18420.89595,40.270897,77.78,0.764467
-73.788171,42.247925,399.9,7806.29403,39.388329,85.38,-5.335019
-76.17347,42.599325,119.4,31220.47849,20.438434,37.05,-1.144165
-74.92658,42.272173,127.1,449.69076,10.590137,60.89,-2.097504
-73.541586,41.944615,337.6,118178.3784,191.530868,354.19,-20.632815
-78.673779,43.021243,292.8,1077266.518,641.975429,808.17,9.787193
-73.679617,44.1794,179,379.92388,35.895614,42.25,-2.521763
-74.166656,44.932576,409,289.5994,15.799146,31.52,-0.803337
-74.343697,43.062806,137.6,23355.57764,32.574553,70.03,0.255583
-78.213229,43.088018,162.8,19854.35802,20.217416,47.4,-2.359008
-73.858855,42.41899,418.6,2494.36231,38.080405,59.62,-3.042281
-74.865462,43.049546,100.7,16336.48065,28.310397,90.15,-2.035359
-76.223308,44.091333,190.7,26015.99363,50.974493,126.3,-0.915047
-73.951513,40.59944,1243.8,37192506.97,2157.528514,5248.17,310.779319
-75.241256,43.637749,59,143.70735,11.379641,38.14,-1.685454
-77.875247,42.723684,210,6377.35306,26.495479,40.52,-1.79516
-75.542318,42.814563,79.7,2344.97704,6.09922,36.35,-3.528971
-77.627731,43.039367,359.2,873605.9901,447.555328,718.43,82.415129
-74.208542,42.950532,196.2,31109.60475,55.963416,94.51,4.314289
-73.625246,40.666393,243.5,2136171.882,1166.989733,1176.88,-121.891853
-73.973117,40.801829,1840.7,25071566.75,713.264452,1389.13,13.265801
-79.037254,43.091818,134.4,167188.5613,166.591025,202.18,3.254493
-75.448505,43.23957,278,201875.5905,130.395147,275.07,11.648348
-76.250216,43.064593,288.3,531409.9339,346.977921,551.34,20.189787
-77.295473,42.893533,120.2,25983.46132,68.725866,85.46,-6.975881
-74.007635,41.492708,308.3,159028.6378,195.912511,366.96,-17.812049
-78.391592,43.212493,496.7,5185.83644,18.948186,52.38,-0.661394
-76.401992,43.314449,92.3,30973.17648,67.418941,134.25,5.772367
-75.297644,42.49738,113.7,30904.54221,15.370505,78.26,-4.791665
-73.774007,41.396117,153.1,15142.7146,63.680545,62.25,-9.450155
-73.877947,40.752686,836.9,23291642.66,2371.099438,5754.49,114.372511
-73.69219,42.718167,236.3,107555.0926,100.730215,156.66,-6.856848
-74.135329,40.617078,549.7,1417293.842,307.342004,488.4,9.061726
-74.045419,41.107394,261.8,342192.7055,123.987897,335.93,-13.568376
-74.964602,44.691301,209.8,16934.84227,34.848103,133.96,6.133042
-73.644074,42.946791,124.2,63394.26849,131.49929,166.38,-25.416767
-73.937732,42.81949,321.8,185486.4279,106.010591,193.19,5.596946
-74.500832,42.673115,99,479.98026,11.494655,27.68,-0.978045
-76.883197,42.926001,279.6,1855.40326,22.75032,75.88,-2.362769
-77.658535,42.332399,110,20268.06891,75.571052,140.84,-2.734111
-73.271111,40.831068,241.8,1071169.524,1818.269511,1408.57,-118.632202
-74.921263,41.834086,453.9,3364.47707,77.228839,133.83,-1.714819
-76.479304,42.214545,99.1,5588.29214,14.623015,42.85,-1.282555
-76.618059,42.519008,169.4,69540.95281,32.919395,79.86,-7.495197
-74.003251,41.933689,351.7,50730.24782,112.718094,252.33,-5.508946
-73.65739,43.317069,143,24949.1204,48.260708,65.56,-4.796195
-73.53742,43.345984,231.1,8577.26088,25.463717,81.51,-4.068316
-76.828903,43.168125,142.9,8561.79828,94.098859,94.68,-3.574927
-73.777098,41.023025,421.6,2106209.58,883.552597,1234.46,-30.07344
-78.132083,42.739047,306,821.29038,12.439422,43.68,-2.148473
-77.116661,42.596193,57.4,444.46776,8.44956,85.06,-1.448224
-79.397998,36.077289,322.5,42109.70591,27.650603,390.35,-0.024138
-81.095897,35.863142,130.3,1397.78675,8.99519,63.48,-0.137966
-81.226665,36.490468,51,196.96858,1.184236,33.69,0.14135
-80.23512,35.037999,328.8,376.20037,3.013188,67.4,3.103934
-81.369487,36.458028,70.9,480.62154,5.827686,76.24,-0.640945
-81.979996,35.988624,171.6,388.7759,7.659897,79.34,-0.776671
-77.014238,35.642285,251.1,2918.05296,6.366085,127.1,0.268821
-76.870646,35.959254,480.4,113.13013,1.258414,47.7,3.109836
-78.416129,34.62728,308.1,339.78476,2.473671,82.38,1.675367
-78.581509,33.944951,150.7,12613.96711,38.41349,305.57,-9.449669
-82.559069,35.578768,298.9,63235.96939,65.159521,601.38,-21.932386
-81.678666,35.615758,124.2,7630.70709,11.472134,226.28,2.298947
-80.614852,35.464088,216.5,48645.99164,37.438493,332.65,-5.348405
-81.488732,35.797095,124.3,8475.83486,21.097926,207.54,3.377028
-76.306716,36.457846,99.1,91.68025,1.107108,15.26,-0.243347
-76.318987,34.845783,107.7,25332.98728,41.153234,366.75,-9.997161
-79.218422,36.495156,300,335.72517,5.263864,44.94,1.41339
-81.332463,35.721066,183.8,25249.3919,47.777716,371.52,2.664691
-79.278926,35.608759,207.1,3496.42458,14.047556,162.41,-3.393639
-83.89644,35.184397,133.7,511.48647,4.936756,97.4,-1.154758
-76.627336,36.059199,150.1,672.52494,5.620955,29.66,0.436476
-83.708889,35.067689,120.2,146.58133,3.907287,26.59,-0.675271
-81.553117,35.292215,263.4,9575.00211,17.289165,275.63,7.663762
-78.858297,34.411005,358.3,1232.62012,5.036974,164.69,3.606591
-77.067206,35.105018,332.3,17114.01299,9.244225,215,1.757917
-78.996377,35.07395,521.3,117960.0776,71.232095,660.37,12.804478
-75.856871,36.503541,89.1,852.53427,13.341177,94.18,-2.701538
-75.641789,35.852206,96,5155.511849,14.926428,122.01,-4.170592
-80.072366,35.89865,225.7,21961.97933,30.845125,394.72,0.833041
-80.518361,35.824779,104,1419.97709,12.492129,64.21,-1.896093
-77.942096,34.952147,270.4,971.03232,3.161803,184.55,4.017267
-78.968087,36.018099,627.9,161163.6231,50.903157,744.03,-1.027656
-77.633203,35.879538,614.2,5263.3194,22.062243,146.98,8.839082
-80.309265,36.162799,502.6,157867.9254,57.833647,1028.08,1.598219
-78.489976,36.127819,235.1,1991.27607,14.064631,126.22,0.964291
-81.059309,35.25098,363.2,71392.3553,59.056929,674.03,8.001673
-76.713826,36.463827,151,111.72421,1.155627,19.72,-0.18828
-78.727318,36.389549,540.3,3478.36062,17.661387,115.66,2.228158
-77.564818,35.475924,440,331.32578,2.819246,68.24,2.124346
-80.024298,35.968062,557.3,269131.3283,136.732169,1188.22,7.561047
-77.662791,36.467192,427.2,7353.20189,8.678929,148.75,7.496327
-78.948914,35.242225,294.6,9353.16789,34.046049,328.48,-1.177255
-82.995654,35.493177,141.3,5508.63755,20.297226,143.47,-3.231696
-82.408899,35.275655,156.1,18101.32224,18.736694,291.21,-10.766583
-77.038093,36.463518,495,491.29045,1.37675,58.61,2.767496
-79.227384,35.115129,376.5,3111.58413,5.836645,124.57,3.556766
-80.874167,35.794246,125.8,30816.07694,49.210136,424.19,-6.33607
-83.1285,35.186227,93.4,1112.86795,17.45414,124.65,-2.293586
-78.360863,35.336356,243.8,10014.14662,22.80781,332.29,-0.756945
-77.176595,34.938679,184.4,61.43088,1.647026,47.31,2.088579
-79.174031,35.469082,361.4,9334.1709,5.141669,188.71,2.464775
-77.592403,35.279874,480.5,8445.86583,3.057971,167.22,12.246779
-81.253564,35.468238,118.8,9490.0765,29.238052,150.23,-1.260994
-82.025794,35.806191,71,3926.5857,3.426955,118.72,-0.032073
-83.569805,35.203101,176.9,1297.40999,8.259706,112.9,-3.13199
-82.855831,35.833797,110.6,384.15091,5.48413,59.89,-0.024427
-77.265635,35.950246,322.6,564.08867,4.103929,61.08,3.067585
-80.768057,35.360859,657,722710.8548,359.431389,2750.89,-37.825701
-82.241039,36.085956,92.2,348.84992,1.531058,48.89,-0.334457
-79.780642,35.385382,172.7,373.92129,1.850907,71.95,0.568335
-79.481058,35.323337,163.6,7247.937,13.1177,163.71,-5.872586
-77.804796,35.94951,401.1,10653.43676,31.399715,182.04,2.64626
-77.862985,34.229677,296.5,97998.7815,44.065611,446.16,-5.389288
-77.686079,36.511212,402.4,290.03995,4.242907,62.21,1.244729
-77.318795,34.851242,181.4,34054.41415,12.131601,268.4,-0.339625
-79.084357,35.909718,227.9,67269.28832,26.019923,188.77,-11.652902
-76.646396,35.110802,185.1,154.25253,0.770522,41.78,-0.579371
-76.218014,36.304259,323.6,10294.17903,3.220647,128.7,1.965152
-77.610693,34.378803,197.5,3040.14428,11.354921,157.8,0.698105
-76.53371,36.178248,169.5,196.17661,1.390401,37.72,0.237116
-79.03979,36.472012,259.4,1852.48849,8.171453,63.9,1.728135
-77.351942,35.580511,425.9,51355.49583,60.279572,321.25,7.272289
-82.206261,35.325063,134.9,870.24723,10.316563,58.02,-2.745612
-79.985348,35.913371,187.3,16045.0538,40.781748,388.26,0.722782
-79.823589,35.10233,377,4630.14456,3.604211,129.1,6.467443
-78.991319,34.623987,410.4,12763.71932,15.306295,401.47,16.74101
-79.685573,36.318072,232.6,6897.73578,8.150705,214.52,3.488015
-80.488896,35.674725,297.6,21861.74471,21.70123,354,5.088066
-82.038834,35.450775,112.9,3452.01958,7.049909,147.76,1.618987
-78.251445,34.757171,305.3,1182.07445,4.351117,165.32,2.827663
-79.464284,34.911032,432.4,2426.60979,5.677881,81.71,5.446265
-80.18826,35.354829,182.8,4170.34837,6.202594,143.55,-0.612575
-80.30572,36.307751,112.9,1831.42952,9.682409,100.52,0.244637
-80.844509,36.492345,127.3,7262.36206,22.577407,268.81,0.488672
-83.574601,35.362332,100.3,378.69125,5.091387,62.76,0.743812
-82.845979,35.202352,104.8,1311.7103,4.81596,103.02,-0.994502
-80.744653,34.866284,146.1,37098.21823,54.893611,388.3,-13.90458
-78.402841,36.300086,516.9,8123.17451,5.538596,110.38,7.711253
-78.648182,35.790637,369.2,484860.8284,376.006137,1505.97,-83.951624
-78.16525,36.294883,388.8,316.21368,17.714048,73.5,1.945427
-76.765403,35.792879,390.1,157.14518,0.68469,40.17,1.274737
-81.662993,36.197836,66.3,8843.45842,24.663121,118.15,-3.076286
-77.979093,35.367685,310.6,15282.88258,16.491322,320.79,6.372834
-81.166203,36.321321,112.2,3234.87162,12.200043,163.05,0.868877
-77.936775,35.741703,489.8,21206.78774,56.694431,268.78,11.997309
-80.497649,36.190644,112,819.70417,2.513606,74.2,-0.344236
-82.406854,35.962933,76.1,330.70831,2.155613,66.64,-0.04663
-103.399706,46.193617,0,1.605262,15.040151,3.46,-0.635794
-100.764492,46.810704,74.3,41597.29895,93.115723,112.24,-10.352344
-96.89169,46.873509,125.5,111770.6811,120.192442,229.78,-11.833891
-98.376174,48.761235,0,319.7483,1.488268,2.12,-0.471983
-97.073889,47.923778,87.3,48299.75577,65.299722,102.3,-5.563238
-103.778578,47.697943,122.8,732.683086,9.646275,77.3,-0.368957
-101.004956,46.621626,58.1,4347.989987,37.606605,25.89,-2.242319
-97.750475,48.678472,87,310.687287,30.997309,12.88,-1.542474
-98.717194,48.271962,0,1308.76334,14.33656,17.95,-1.783224
-97.414209,46.471086,0,289.581607,8.820818,10.67,-2.147793
-97.005702,46.530358,73.6,2258.195357,28.543841,18.85,-2.661878
-102.778997,46.884138,56.1,9871.089888,42.133122,67.59,-2.780998
-98.700753,46.925658,56.5,4888.620416,26.2801,41.12,-2.72937
-97.278399,48.365235,56.9,810.256493,11.928094,24.16,-1.818043
-101.314935,48.239309,69.4,20140.25986,59.083068,79.43,-7.642404
-103.852975,48.333013,51.3,8307.534819,13.786876,72.71,-4.457845
-83.582948,38.840594,73.8,353.59804,3.76608,45.44,2.410642
-83.937041,40.775441,206.5,59793.08733,80.00123,228.64,8.278902
-82.37017,40.883654,28.9,8386.93769,18.707418,86.43,-2.927045
-80.807409,41.851031,141.3,19582.69595,18.615029,211.34,4.534043
-82.092558,39.331714,86.5,39469.77261,21.989615,90.96,1.832383
-84.39992,40.538655,52.8,5647.31681,21.480354,43.33,-3.399892
-80.737269,40.092666,144.6,15510.93182,33.920629,106.11,-3.111393
-83.905073,38.834381,76.7,908.4507,5.847478,67.85,-0.547057
-84.378766,39.521292,139.6,200770.0615,238.202185,478.37,-7.238194
-81.073583,40.585233,34.6,712.61207,8.230166,63.14,-1.91422
-83.628443,40.183264,84.9,3465.81908,16.9235,47.92,-1.143176
-83.771174,39.916953,137.1,88371.44563,84.969598,300.19,32.900532
-84.303706,39.076022,89.6,46328.3853,43.914964,199.38,-11.777555
-83.980147,39.29497,102.1,5395.50733,6.087837,50.33,-0.054457
-80.655557,40.599754,92.7,21754.03538,38.424965,160.29,2.162016
-81.855843,40.271698,62.6,8781.17503,3.989273,88.71,-0.296557
-82.976139,40.806357,68.4,11247.11006,23.257362,74.4,0.919305
-81.601978,41.526525,457.4,2004860.73,448.433045,2267,150.428331
-84.514386,40.049216,77.3,3530.23434,17.409845,67.37,-4.571613
-84.765862,41.2887,90.6,4132.6453,7.180655,50.14,-2.529608
-82.906095,40.138948,79.5,53590.97817,59.648634,136.96,-23.224272
-82.688821,41.425501,131.9,30532.09911,29.884399,83.6,-2.751304
-82.432374,39.737704,156.7,43525.35044,34.312701,161.55,-7.996678
-83.378146,39.635397,92.6,1964.36322,3.963065,49.62,1.317898
-82.978109,39.94737,463.9,1400002.764,346.76861,2399.63,17.480862
-84.001258,41.57216,56.8,2937.42929,5.942383,42.87,-3.281964
-82.221342,38.799943,80.1,1063.78937,20.751965,66.86,-0.264897
-81.244411,41.386407,45.4,6748.39542,16.50851,227.02,-10.628274
-84.00719,39.835469,136.4,51128.77138,57.080255,161.25,-3.574917
-81.616518,40.019662,88.4,7530.27969,18.867852,69.54,0.976981
-84.576536,39.087435,447.4,919161.064,408.080168,1379.78,47.666582
-83.639073,41.071749,92.4,15358.18282,19.740887,54,-5.646698
-83.84202,40.769236,68.6,1962.07914,4.372882,66.67,-1.564185
-81.039254,40.224775,69.6,244.76378,10.263024,47.54,-0.460856
-83.987808,41.210812,39.9,1355.57427,4.922258,27.81,-3.308104
-83.537181,39.099214,72.4,1518.76843,17.243849,74.74,1.745286
-82.263689,39.518663,121.1,980.80246,10.92004,39.71,-0.277396
-82.817,41.269336,82.6,5402.665,22.181213,88.37,-1.289771
-82.619526,39.069782,104.2,1232.60075,9.150338,59.13,2.689006
-80.6176,40.351796,118.3,32008.52623,43.916311,129.61,2.38016
-82.470267,40.420363,68.9,4402.62702,11.682684,114.31,-3.549493
-81.279498,41.667791,98.8,135969.8071,81.14228,283.21,-19.062533
-82.697966,38.546902,108.9,17756.3974,33.04187,78.21,0.689818
-82.421973,40.080933,124.9,39063.70979,58.24401,209.81,-0.993311
-83.784138,40.454513,73.4,5921.65157,22.346579,66.61,-2.314221
-82.193355,41.448087,165.7,165872.8767,70.755654,414.33,12.629891
-83.715548,41.696482,274.4,449208.4649,185.228497,839.37,66.402408
-83.499357,39.955433,234.1,5001.99413,10.687788,71.62,-2.996464
-80.681815,41.034475,270.6,133683.1405,87.364346,341.62,30.36046
-83.13588,40.578381,210.3,41202.89245,34.882334,100.27,4.485412
-82.123992,41.064349,67.4,43689.89606,75.433951,143.34,-21.999527
-82.060551,39.007385,56.2,998.46344,6.320515,39.62,1.439088
-84.627145,40.690968,41.8,1942.97952,37.797787,33.94,-5.003411
-84.287668,40.122167,87,12993.40379,33.281323,123.56,-6.788365
-81.129973,39.815067,76.6,154.73669,4.667596,26.68,-0.686717
-84.228483,39.804715,334.2,455260.0828,284.351207,1047.78,29.769983
-81.849645,39.652629,112.6,219.37795,4.030207,30.5,-0.216585
-82.784926,40.387602,56.8,525.58733,10.148828,43.17,-2.241807
-81.987079,39.913043,99.8,18551.02181,24.080064,100.86,3.251371
-81.487592,39.697383,303.7,237.04104,3.179841,19.05,-1.085595
-83.135846,41.517051,30.9,6257.79338,20.65409,46.45,-4.357621
-84.45765,41.055491,44.8,393.16038,10.404291,28.31,-1.644363
-82.277026,39.787324,129.4,885.74324,9.691223,29.97,1.532935
-82.93685,39.597105,286.9,12765.30203,17.23717,72.13,-0.868626
-83.207056,39.14164,103.4,644.2149,3.730904,41.21,0.885941
-81.244884,41.31094,78.3,40970.78812,40.799699,177.34,-5.763231
-84.631972,39.728916,55,2750.25067,30.830794,81.72,-4.387285
-84.053741,41.03589,36.2,600.71391,21.744166,19.5,-4.365791
-82.526769,40.752916,155.9,37929.51289,51.112403,215.25,5.859738
-82.995643,39.339253,158,17035.83175,39.508779,96.15,2.511138
-83.146242,41.356118,97,17523.89249,33.246116,72.01,-3.485531
-82.976123,38.74278,110.1,26951.74916,28.997069,112.25,8.4173
-83.130312,41.09675,53.3,11188.48953,23.277668,66.8,-1.195521
-84.155767,40.285093,74.6,10198.69549,15.571711,43.65,-1.006257
-81.404374,40.792012,159.1,182644.5805,105.019776,500.7,25.748686
-81.513967,41.060659,204,395403.3294,180.434466,842.18,40.567389
-80.64688,41.147961,136,72985.2303,72.24782,370.5,1.264411
-81.332086,40.344377,36.4,11509.45534,41.811176,161.31,-3.989881
-83.393063,40.458751,141.4,4971.75979,23.810727,46.59,-6.803244
-84.532319,40.765718,50.8,5087.41732,39.72725,38.79,-2.503193
-84.341881,39.311726,104.4,42969.87534,64.063217,148.89,-17.551874
-81.573001,39.276996,90.8,15586.36689,24.57809,110.54,-4.047133
-81.815425,40.750165,72,24789.57923,20.595561,347.12,-9.066391
-84.534115,41.470811,100.1,3398.7839,25.966956,42.13,-3.501273
-83.603128,41.538497,75.7,42631.54284,34.394843,121.27,-9.78725
-83.414063,40.80969,38.1,997.77147,12.47527,31,-1.944887
-94.662199,36.116239,84,419.77035,2.356988,135.81,2.212567
-98.448471,36.741143,205.9,24.722663,2.463184,37.58,-1.010917
-95.917862,34.520038,43.5,95.225823,4.215544,68.38,1.34556
-99.580304,35.244102,146.1,254.413593,4.78919,55.98,-0.240781
-98.564002,36.044115,324.7,162.763514,15.414099,56.57,-0.661888
-96.338712,33.923692,137.9,7741.903744,20.983006,200.43,3.039948
-98.336776,35.37954,151.6,320.95246,14.219264,137.49,1.215549
-97.689157,35.43518,126.5,55481.55664,83.902299,326.61,-8.745568
-97.501555,34.225946,100.7,7661.10235,17.050867,179.53,0.349535
-94.952194,35.905843,94.8,3039.85462,11.404248,191.76,0.984693
-95.507529,34.008367,149,442.49041,7.349819,110.75,3.631961
-102.502911,36.738674,0,1.151785,0.493812,15.08,-0.375747
-97.443583,35.365522,123,166334.6618,259.864954,643.06,-14.900753
-98.483444,34.630801,192.9,55875.48914,72.128601,436.67,6.154578
-95.189674,36.888443,192.4,507.714282,5.818781,73.07,-0.301867
-96.106014,36.000514,136,7433.96483,43.40078,264.87,-1.837558
-99.032638,35.57036,80.2,327.293733,6.002031,75.54,-0.594731
-94.725326,36.406186,70.3,950.71904,12.408308,169.09,0.260112
-99.073423,35.917455,0,16.917771,4.696594,46.96,-1.60946
-97.917127,36.419842,98.4,16788.28247,20.373455,166.2,-1.62366
-97.618199,34.838794,57.1,912.29976,28.438977,131.28,-1.556117
-98.016272,34.988115,64.4,4519.56294,23.034904,126.26,-0.112822
-99.564037,34.848591,531.2,18.411217,3.882503,30.26,0.53551
-95.296557,35.182266,47.3,72.951,9.369618,56.99,0.602106
-96.279131,35.078347,179.5,594.283251,3.575223,96.73,1.033601
-99.558508,34.541002,105.6,4894.750627,24.170803,68.4,-0.760657
-97.964468,34.202627,101.2,19.979674,2.824823,34.08,0.580205
-96.66907,34.363076,130.9,50.74696,3.801418,50.2,-0.086103
-97.064909,36.738715,94.8,9419.65572,19.30311,154.49,0.596108
-97.880497,36.06353,85.4,217.775323,5.897723,47.89,-1.256648
-95.270891,34.768648,70.8,47.402481,7.954942,62.86,0.784423
-94.721729,34.84063,150.3,1401.951434,41.177677,215.24,3.373524
-96.820507,35.673852,113.2,283.20545,12.510678,94.68,-1.018417
-97.408574,35.885118,88.9,2758.60203,23.018892,103.42,-1.643278
-97.100259,33.931945,71.8,162.425759,5.814944,42.19,-0.345099
-97.499844,35.060362,96.1,831.01616,23.180911,73.59,-2.132461
-94.735371,34.349482,63.7,431.490388,10.952559,154.78,2.162475
-95.69648,35.3051,136,571.664345,9.281468,120.28,0.437004
-96.782521,34.084094,70.5,577.90953,9.624367,69.16,0.161927
-95.079711,36.327577,32.1,2784.6109,18.435339,142.21,0.684604
-96.99608,34.501647,68,191.09432,9.416483,39.13,-0.610374
-95.230011,35.434458,183.6,13299.14599,20.284036,255.56,9.446998
-97.29474,36.305702,172,614.333815,7.526675,35.1,-1.101337
-95.616579,36.702842,117.8,167.116447,8.451848,66.63,-0.290702
-96.302127,35.424107,250.9,187.285149,3.52512,94.02,1.186781
-97.543505,35.413471,357.7,772236.3356,657.449129,3661.25,38.704422
-96.037701,35.6496,112.4,2258.34639,9.664836,170.74,4.373471
-96.742902,36.572941,157.7,2490.433732,18.920753,139.9,-0.694578
-94.884398,36.884336,50.9,8412.08475,9.865714,159.91,1.729417
-96.79318,36.355662,109.6,522.169509,9.119433,79.18,0.083026
-97.111586,36.103469,102,27060.52024,165.952894,231.63,-0.71258
-95.805512,34.948707,114.6,4025.392343,25.796792,195.57,0.755375
-96.678232,34.775976,82.2,8393.92487,20.797484,175.52,0.8959
-96.920986,35.354458,132.2,17752.99348,25.861097,241.62,2.932007
-95.624314,36.315198,98,16270.43698,44.51669,331.48,-9.18797
-96.645417,35.24103,84.5,1784.62449,5.852434,177.58,4.035677
-94.814822,35.462268,110,1288.10222,23.609396,175.91,3.775114
-97.960459,34.507353,77.1,6304.77941,32.094693,151.92,1.204337
-101.396252,36.688906,69,3148.566274,5.925914,87.94,-0.823574
-99.019405,34.413632,82.5,253.480946,3.789562,61.71,0.729008
-96.064958,36.141989,302.8,490802.1302,398.667911,2568.23,15.056397
-95.690181,36.04629,69.5,16099.96087,57.091841,260.33,-2.377838
-95.91738,36.749745,111.9,14172.9184,9.453009,195.98,0.42229
-98.743655,36.581983,80.6,394.020131,3.573481,33.83,-0.679489
-99.122425,36.517856,138.6,1047.146923,12.350172,63.06,-0.37127
-117.794372,44.907809,94.1,1736.396056,7.668017,50.04,-0.689436
-123.327912,44.385221,71.3,54740.0829,15.55087,99.38,-4.780447
-122.512661,45.418898,171.4,209881.579,105.265985,425.84,-27.763601
-123.813262,46.059869,186.9,10382.46372,12.141696,85.74,-3.30662
-122.947172,45.877127,119.9,6844.0826,13.957893,57.2,-2.048408
-124.185595,43.196565,127.9,10744.52177,23.786684,85.2,0.519094
-120.233092,44.051757,105.1,88.482935,7.892551,27.77,-0.525795
-124.172115,42.719944,77.7,1387.64645,11.584632,22.95,-0.860088
-121.725189,43.716355,76.6,29293.69083,45.803976,183.1,-8.58674
-123.376768,42.922008,100.4,6183.556831,21.512558,149.14,-0.931617
-121.681936,45.490768,82.2,3066.51509,4.79187,34.07,-1.328787
-122.890308,42.351327,154.5,95605.88139,43.869892,307.99,-1.223936
-121.502106,44.513841,146.7,1367.151179,1.558277,40.4,0.351334
-123.590453,42.631478,101.9,16906.48508,16.34218,130.79,1.967381
-121.783789,43.26982,57.3,22362.91378,31.357127,167.04,2.966094
-120.567619,42.205577,73,9.45187,2.063684,17.04,0.055153
-122.974779,44.049893,128.9,243622.0141,168.584095,583.36,-2.796989
-124.060781,44.63178,112.9,8648.32251,17.856282,141.11,-1.764284
-122.673038,44.367056,108.3,32652.87488,31.453099,150.65,-0.155715
-117.642093,43.169061,148.4,2146.252796,10.979354,69.49,1.945659
-123.026341,44.956925,153.7,187105.2223,75.461006,445.86,7.225701
-119.74767,45.763692,117.5,27.24202,0.671216,11.22,0.220839
-122.761525,45.59146,467.4,1249024.854,177.574829,1110.78,-15.7755
-123.057383,44.944508,101,21367.202,15.822993,69.5,0.008872
-123.690685,45.722905,114.8,426.314615,7.439339,52.28,-1.970868
-119.113208,45.617725,108.1,4328.132566,11.825869,100.66,3.746732
-117.855932,45.375369,66.5,248.07942,8.804248,31.95,-0.372374
-121.151189,45.110716,134.7,9213.11892,6.080065,62.61,-1.193069
-122.891077,45.50197,167.8,471534.0677,137.726156,626.21,-35.987081
-123.217648,45.200807,105,28865.35889,44.521326,104.9,-2.423914
-77.021817,39.818882,196.4,21886.5666,48.79218,125.75,-8.85804
-79.954901,40.624149,282,1829257.937,1092.997055,1656.89,-17.499538
-79.532673,40.769346,69.5,17514.77904,43.245657,62.77,-1.462626
-80.271522,40.687815,93.3,92752.61296,131.121626,207.99,-7.263319
-78.593097,40.151301,96.3,3087.33279,18.813644,73.12,-2.74371
-75.919185,40.346166,315.8,525365.3017,235.77784,568.03,18.373468
-78.412879,40.504049,110,98682.52135,63.49522,154.9,1.811233
-76.447208,41.770658,82.5,7588.24982,30.4974,94.86,-2.456178
-75.122933,40.256161,176.6,367927.3062,613.586364,596.79,-64.517323
-80.13756,40.68898,55.5,56186.59663,92.2228,139.27,-17.731785
-78.911027,40.311298,128.7,65452.35546,93.64315,177.28,3.157704
-75.662251,40.850068,249.7,6932.72023,35.350618,46.14,-1.46055
-77.621866,40.828989,144.7,131241.6717,69.913981,157.61,-9.98695
-75.757563,39.841496,121.9,226664.9565,285.552589,623.76,-53.911971
-79.380305,41.210621,212.9,4051.86752,35.632766,75.98,-1.335906
-78.174726,40.999835,112.7,13492.002,29.820674,104.29,1.373241
-77.43455,41.1342,94.4,7588.62797,13.402991,59.71,-0.505539
-76.450213,40.992952,184,19621.40326,24.123209,63.61,-1.960765
-80.377911,41.784469,89.9,14573.02668,37.21034,179.93,-2.266158
-77.212962,40.193856,137.2,119256.2765,112.096428,256.54,-20.148451
-76.890709,40.268107,507.5,258821.0432,190.710979,380.81,5.092347
-75.301014,39.908767,337.7,962883.7722,394.178559,693.38,-8.098522
-78.622212,41.571519,50.3,2808.9591,17.912639,26.72,-2.871295
-80.126182,42.118091,153,236472.1608,116.579963,344.4,14.21873
-79.891038,40.018803,101.8,35907.9461,61.834577,176.23,10.250433
-79.38019,41.564205,87,45.101828,5.591535,12.22,-0.838739
-77.549362,39.815074,114.3,33451.48173,46.998998,247.79,-5.76383
-78.181788,39.808407,48,119.61459,9.679589,18.5,-0.260604
-80.142367,39.901635,112.6,5905.05199,6.893025,38.65,-1.042376
-78.107316,40.402013,114.4,4355.00077,23.579129,54.42,-1.708283
-79.159724,40.540322,61.3,48031.00415,38.775998,161.88,-1.607097
-77.327688,40.634978,86.1,325.77182,8.006486,45.82,-1.255909
-75.654836,41.405385,229.6,222099.8416,237.192698,287.54,-0.775783
-76.012352,40.008895,174.9,347786.6227,187.949489,1084.25,-8.876261
-80.368153,40.877878,95.2,45947.1594,60.909481,140.09,7.135718
-76.223172,40.33193,178,69806.0398,61.85441,264.47,-4.46153
-75.709879,40.605149,380.1,453919.7363,230.036869,506.68,7.239192
-75.869507,41.239816,165.3,328920.5244,301.287464,512.88,15.240974
-77.014147,41.243132,194.8,49804.38499,51.097116,150.03,-1.422655
-78.645746,41.950869,48.5,9024.54238,25.495642,44.5,0.246241
-80.498841,41.240978,85.3,43034.68602,77.722531,167.74,1.049127
-77.488159,40.756568,69.8,15475.23315,15.683418,93.24,-1.03375
-75.242667,41.202056,227.5,21770.6822,102.320948,216.77,-3.774986
-75.282163,40.259116,131,755842.6079,654.237218,787.77,-94.32978
-76.600559,40.964727,141.6,3639.35736,6.622452,22.72,-1.780213
-75.203319,40.680204,73.5,242778.9298,192.322661,326.91,-7.471631
-76.407731,40.796425,112.6,75285.95283,46.176494,103.2,1.967825
-77.191345,40.47664,50.9,1163.10494,57.734822,96.77,-2.505924
-75.14842,39.976071,1288.5,7385045.2,1204.249781,2873.7,311.949508
-74.801136,41.323785,260.9,7902.28578,64.563556,99.96,-4.015772
-77.968726,41.776612,56.3,115.236228,17.66914,32.8,-0.310811
-76.191447,40.820643,157.5,67757.95816,174.19094,199.86,-1.205925
-77.276381,40.755829,69.4,9711.91339,7.930874,79.53,-2.91459
-78.818081,40.11343,110.6,5841.38277,28.296091,101.99,-3.696141
-75.567277,41.956142,94.2,2628.04022,40.055395,71.62,-1.522236
-77.100751,41.808957,68.6,1078.87626,27.951105,72.66,-2.035381
-76.89102,40.964853,287.4,11761.73187,11.770944,69.76,-3.366779
-79.708264,41.425454,45.3,16322.14762,38.960557,102.68,0.81733
-79.263198,41.72284,17.7,10254.91352,15.28651,56.68,-3.615909
-80.232041,40.165696,62.2,96210.02454,119.293408,241.86,-10.111812
-75.398956,41.639407,74.7,2331.22152,33.914585,79.8,-2.696451
-79.760969,40.570048,47.9,195692.9899,324.379057,362.89,-20.797143
-75.84116,41.486602,30.1,625.60093,20.31625,28.5,-1.654261
-76.7431,39.953906,219.3,273027.0814,206.613332,524.75,-7.225466
-71.25689,41.73056,94,31954.7689,62.664026,26.06,-3.360197
-71.55846,41.67143,91.7,101168.6147,197.043213,129.21,-10.934618
-71.189153,41.666648,100.2,58754.7816,114.640405,105.65,-5.871571
-71.363885,41.892371,263.1,1033280.52,731.116029,786.7,52.647287
-71.453661,41.56204,62.3,24780.3951,121.317327,82.82,-10.295389
-82.41126,34.32681,254.9,311.63368,7.225106,65.44,0.897296
-81.804015,33.530943,339,19972.70917,63.56528,335.53,0.986803
-81.432828,33.028886,534.8,20.88843,0.382607,9.55,1.512228
-82.731618,34.539778,203.2,27510.86637,85.142914,404.8,1.269806
-80.97495,33.237563,702.3,140.65384,4.291347,47.75,1.029056
-81.396382,33.393707,642.8,369.20305,5.220859,57.33,3.162319
-80.720646,32.586034,212.5,31195.76747,97.141749,401.61,-19.193188
-80.01012,33.207592,240.4,77645.55441,81.956195,496,-6.611393
-80.645553,33.620174,357,122.87029,5.130252,26.37,0.5109
-80.06119,32.979901,488,224505.384,168.454572,914.63,-14.6255
-81.639762,34.931683,198,4214.75562,16.642468,140.53,3.099762
-80.903426,34.574612,340.4,4373.01679,36.405611,114.65,3.609582
-80.335986,34.64442,230.9,750.20309,3.874558,78.8,4.016959
-80.081687,33.886628,534.3,779.81201,12.167301,116.33,5.563719
-80.760889,32.800853,529.7,1281.613724,28.702611,99.58,0.926053
-80.075633,34.354217,475,7195.41267,28.080848,176.6,7.861571
-79.208391,34.327912,585.3,732.84444,7.077097,88.62,4.34201
-80.641832,33.145795,327.5,47631.21741,53.80394,229,-4.041177
-82.083518,33.797232,568.5,454.91265,6.87037,53.8,1.275474
-81.175131,34.287112,516.6,331.18284,9.672037,41.68,1.315752
-79.790493,34.179747,672.6,24508.09052,59.894402,345.29,8.371186
-79.22637,33.556352,425.5,3712.24015,53.130903,127.84,0.833995
-82.364727,34.870968,332,206357.1059,189.939937,1333.21,-10.429702
-82.159515,34.225709,390.9,8440.96176,31.189267,152.31,3.212357
-81.272607,32.653262,724.2,174.18974,9.066877,49.29,1.217815
-79.008358,33.580568,324.7,76942.92734,258.587629,994.79,-12.504901
-80.904806,32.047304,355.1,215.30544,7.968738,57.83,1.008271
-80.815631,34.175104,332.4,3361.04607,87.087076,157.27,0.785228
-80.759031,34.718506,369.5,7031.64544,25.480263,144.14,4.535925
-82.128164,34.699868,357.4,2912.85509,30.401865,187.92,3.602343
-80.226442,34.197065,1197.8,252.74965,29.165241,60.49,3.171771
-81.241492,33.88129,313.8,75521.01236,155.212123,691.07,-12.497432
-82.24727,33.923027,332,77.70876,2.749591,18.74,-0.06858
-79.471603,34.155277,623.7,725.79372,10.912955,108.44,5.701628
-79.553807,34.561698,450.2,617.02123,4.617122,81.28,5.56992
-81.619103,34.425432,344.8,1112.39209,61.870698,76.19,1.948613
-83.176995,34.821045,143.3,4495.48143,28.457546,170.81,-1.507032
-80.843882,33.498712,636,9720.3868,34.641856,229.67,14.61179
-82.780377,35.015025,156.1,16985.13352,36.636551,268.75,-2.786334
-81.070467,34.068936,857.1,203879.2322,271.912285,841.49,19.015319
-81.747224,34.114892,197.9,236.5464,5.681931,70.46,1.548102
-81.939801,34.940032,266.7,66351.80657,138.289573,719.04,9.516733
-80.248602,33.868148,638.3,16145.13046,71.421857,269.06,10.361388
-81.708118,34.632512,285.4,3015.56851,14.133796,95.27,2.796665
-79.832019,33.495295,812.7,445.80309,11.924296,96.28,6.826214
-81.030978,34.939632,212.9,54085.96936,122.947577,406.5,-4.071734
-98.242024,44.391017,34.1,4353.526528,11.767594,43.95,-2.375275
-97.993594,42.970292,151.6,24.62893,3.250861,10.49,-0.713315
-96.773511,44.277404,46.6,3720.78087,16.549014,37.16,-3.384355
-98.430538,45.434443,55.9,9530.418313,24.271593,65.98,-3.98922
-103.942418,44.648637,105,70.571198,4.373258,29.96,-0.260413
-96.97941,42.925883,81.4,5254.940214,23.013321,19.44,-0.931379
-97.083672,44.900184,47.1,7564.953003,11.223468,45.41,-3.035275
-98.003704,43.709547,72.4,2275.443255,3.989095,24.08,-2.219794
-100.869993,45.157387,216,3.794256,0.299046,22.69,1.329075
-99.452131,45.418801,0,4.140933,1.255545,5.12,-0.796949
-96.710551,45.271836,0,32.486541,20.482868,13.28,-1.232324
-99.092092,43.10813,0,3.410746,0.390954,6.6,-0.552711
-99.006302,44.548602,0,50.07264,1.369241,8.72,-1.339831
-100.279314,44.375112,83.8,1474.113313,7.026645,30.14,-1.986652
-103.948535,44.547581,43.9,2255.9233,23.797555,46.62,-2.661437
-96.879681,43.471416,38.8,8116.08198,22.0187,58.02,-7.405276
-99.87572,43.853512,0,2.634029,0.426724,5.72,-0.769511
-103.096544,44.157955,129.8,785.325454,13.211587,42.59,-3.169682
-96.667407,43.55036,173.1,115757.7314,68.656599,355.14,-15.306323
-103.747268,44.004783,84.9,37643.98752,31.077504,257.96,-5.443103
-99.884437,43.34536,0,99.537394,0.581003,12.52,-0.786009
-97.136216,43.223377,72.9,27.09025,2.357372,11.74,-1.068195
-97.391921,42.872786,82.5,5222.112176,11.405404,36.93,-1.692327
-84.308615,36.002766,132.7,12499.94627,29.610118,163.7,-0.110484
-86.480287,35.449412,171.9,2045.39473,32.428824,93.38,-0.689396
-88.024489,36.22921,93.5,652.92764,9.125845,44.98,1.168613
-85.126779,35.552873,73.7,111.28233,1.320586,38.48,1.29901
-83.983258,35.753971,118.3,21198.01143,33.235078,232,-5.768306
-84.875009,35.164886,146.2,23367.9057,28.81262,238.52,3.767297
-84.264572,36.286502,64.6,2999.90295,7.740736,120.07,9.097427
-86.05356,35.8875,203,169.63703,4.492668,28.51,-0.249074
-88.276659,36.054619,140.8,451.26831,7.665058,65.99,0.261992
-82.220094,36.333373,95.2,9719.42675,48.72674,207.96,2.658202
-87.079933,36.233904,184.8,1733.93224,17.803887,89.18,-1.31842
-88.637403,35.447313,88.5,942.55351,11.120897,40.04,0.147778
-83.829884,36.475198,57.8,1315.12223,5.460518,61.26,3.381072
-83.156936,35.815567,122.9,1211.5701,5.78324,94.26,3.987937
-86.200325,35.380329,125.7,5154.19963,16.521914,97.24,-1.427921
-89.192214,35.907992,118.3,296.49442,5.339161,54.62,0.325585
-84.830929,35.895542,80.6,2968.20701,22.434156,134.02,-1.207862
-86.95769,36.071647,619.7,491294.5367,288.006569,1901.14,-10.691982
-88.098367,35.646932,130.3,190.28229,3.127284,41.47,0.420242
-85.925336,36.022639,196.3,355.80723,4.214949,39.78,-0.380178
-87.284317,36.228672,146.2,1672.07578,16.167697,106.75,-1.956733
-89.544519,36.062099,129.5,2366.04731,25.647318,71.23,0.913962
-89.613343,35.261935,190.5,1156.52745,24.273101,75.37,-0.818086
-84.933411,36.472083,69.2,230.11355,2.803588,31.09,0.372621
-86.224553,35.25994,63,1476.00787,20.718251,76.27,-1.710034
-89.000445,36.057759,194.1,1563.66903,20.264159,112.33,1.899246
-86.927456,35.246546,163.3,418.01248,27.764352,73.11,-0.296992
-83.533497,36.332726,94,491.65663,7.621619,53.02,0.527219
-82.847823,36.181423,90,3451.29943,19.096186,140.55,0.761384
-85.742463,35.299468,148.7,164.22035,2.675605,54.28,1.772078
-83.31303,36.1715,127.2,11778.1315,19.177214,139.19,3.128948
-85.257638,35.058871,330.5,131651.7263,131.985069,772.97,-5.205649
-83.149137,36.50528,88.8,59.26092,1.014138,21.35,0.791707
-88.899888,35.314512,221.6,316.26666,4.661014,62.46,2.727987
-88.30549,35.062539,136.3,783.18279,22.514114,69.57,0.763494
-82.993518,36.352645,71,3670.06863,7.750153,115.29,2.04742
-89.166021,35.627259,661.4,655.06478,4.217171,67.16,2.49348
-88.256597,35.703129,93.3,489.81601,4.417881,56.88,1.173057
-88.321783,36.296341,119.2,2811.26416,16.270368,86.72,1.455665
-87.581279,35.894934,167.6,295.71465,4.741389,51.89,1.848512
-87.764936,35.948791,107.5,292.2574,19.764432,34.99,-0.427709
-85.71067,36.280513,115.8,154.54854,4.768458,34.76,0.907805
-83.506689,36.01041,105.7,2069.90634,19.411297,89.57,-1.161087
-81.752362,36.499124,146.6,335.22779,6.165047,48.78,0.37032
-83.842299,35.999449,240.2,195838.7315,302.071755,922.27,-18.662886
-89.445281,36.416814,317.9,93.50806,1.834618,22.65,1.467054
-89.765853,35.733704,305,1505.93788,8.361648,85.42,4.344445
-87.505372,35.315697,112.8,1189.50121,8.734944,127.93,1.738473
-87.58081,35.570377,67.3,111.51479,4.127126,22.36,0.165113
-86.758386,35.176025,130.6,790.07365,23.612513,74.44,-1.161014
-84.20431,35.694382,132.9,3976.59722,17.405052,102,-2.638976
-84.741914,35.367257,104.6,2790.95667,15.396889,105.48,1.666074
-88.597397,35.319486,100.6,313.57908,14.151406,79.79,1.025258
-85.873804,36.522576,64.3,322.33123,5.48356,44.5,-0.027266
-88.80164,35.660334,312.3,28471.83506,65.117657,274.91,3.692794
-85.792783,35.110216,93.5,466.76359,8.078679,46.69,-0.151113
-86.802018,35.460334,135.3,3586.31973,19.255411,46.43,0.223139
-86.968683,35.504793,211.2,8333.57714,33.056452,145.17,-2.922871
-84.796333,35.518308,141.4,186.07067,4.679422,32.16,0.26866
-84.260478,35.305193,105.5,809.92597,6.770993,64.23,1.315634
-87.42554,36.578367,215.4,55966.54774,74.730564,352.85,-1.282414
-86.325594,35.25517,0,97.50018,3.990891,19.67,-0.686055
-84.536913,36.11825,86.1,262.93052,4.161943,49.19,0.95071
-89.323321,36.316287,117.1,1596.85288,15.548055,90.8,-0.447384
-85.189443,36.389195,105.3,425.81833,10.795717,55.05,-0.015564
-87.858462,35.575184,88.6,38.28813,1.236388,33.76,1.148208
-84.571757,35.161995,103.1,158.63817,8.892195,52.13,-0.060011
-85.527569,36.160061,160.2,12476.04295,54.595822,129.95,0.215388
-84.877971,35.638838,153.7,1175.53897,3.894653,53.27,1.539122
-84.674173,35.815591,96.5,2563.69593,22.571301,81.72,-1.289928
-86.873472,36.477206,197.7,7269.20009,17.994914,129.28,-1.725593
-86.362261,35.848498,228.2,84925.69507,118.289795,428.97,-11.954064
-84.523749,36.427228,27.1,230.04019,1.111302,45.47,2.806788
-85.47369,35.436174,123.8,271.93552,3.377326,41.52,-0.34079
-83.373822,35.816989,146,6285.00373,27.093041,290.29,-1.399868
-89.878753,35.212737,834.7,665373.7314,413.150304,2719.02,102.820603
-86.03693,36.239387,136,652.07998,6.719159,40.65,-0.409809
-82.162499,36.582688,133.3,37491.70999,72.541403,330.57,1.002183
-86.462915,36.351538,145.8,35907.8537,103.889746,352.04,-15.878272
-89.620429,35.559556,163.7,4147.74873,27.068285,130.79,0.773672
-86.156817,36.39205,174.2,373.46041,3.876922,24.11,0.103715
-82.408368,36.146148,89.5,2346.88159,17.966414,39.95,0.137638
-83.742155,36.260001,59.1,429.59323,5.259408,46.1,1.646383
-85.436167,35.670818,138.9,48.22458,3.711844,29.27,0.280561
-85.867267,35.605758,107.3,2298.87323,4.592913,108.39,0.862777
-82.379744,36.313257,218,25496.2605,104.716849,206.75,-2.13256
-87.713622,35.302462,88.2,96.27012,2.057456,47.26,1.214511
-88.865386,36.34178,87.1,4388.2417,13.22111,94.81,1.744647
-85.342037,35.894102,112.3,788.69999,14.567447,70.55,0.244303
-86.830891,35.92893,87.1,40771.28471,83.733644,168.38,-27.563325
-86.332932,36.209853,172.6,17956.33661,52.996275,145.86,-7.755259
-95.516631,31.78841,644.9,3715.4122,18.248681,136.32,-0.419838
-102.55383,32.328351,82.9,6237.731877,3.642635,82.55,-0.214372
-94.706195,31.31128,242.5,10860.0435,12.562785,321.38,3.697039
-96.944173,28.168779,162.3,4308.48181,15.955111,88.76,-0.423589
-98.32296,28.880915,170.2,1180.448996,24.897095,149.45,3.028235
-96.102963,29.664107,235.7,322.75072,13.05164,79.17,-0.860833
-99.104885,29.680636,112.1,455.274983,10.275312,83.42,-1.7493
-97.225213,29.970083,255.4,2313.39933,24.036293,162.09,0.558897
-97.745555,28.424754,620,4363.679464,14.33767,136.73,1.671685
-97.733306,31.123085,288.7,137252.5093,86.072669,832.76,3.706485
-98.521715,29.472125,399.4,1606071.994,652.810869,5690.2,50.380749
-98.400433,30.338653,75.9,39.20178,9.013518,32.89,-0.64847
-97.586008,31.792249,145,2220.86584,19.022612,121.02,-1.954215
-94.055942,33.427052,333.5,15995.88182,30.122545,264.97,2.668168
-95.403851,29.014032,281.4,68411.70746,88.241475,821.6,-8.897949
-96.328218,30.60753,217.5,131029.1748,106.053739,505.62,-1.19209
-98.142011,27.22351,249.9,1003.763429,6.524817,43.49,1.585637
-98.998612,31.975559,124,8479.978624,64.581866,176.05,-1.641783
-96.602404,30.365211,147.9,531.87435,15.718104,70.33,-0.963136
-98.270208,30.906582,126.3,1449.85772,25.605324,117.5,-3.502667
-97.786619,29.828434,246.7,2661.62197,13.440558,167.32,-0.231809
-96.623603,28.641415,125,5249.0158,20.87938,95.07,-0.286708
-99.486545,32.402603,50.7,688.781128,6.423716,54.26,-0.716129
-97.481611,25.938477,285.4,263680.7598,150.167102,2390.6,68.030015
-94.917649,32.947881,217,744.24936,8.763587,49.64,0.193449
-101.197247,35.399863,0,12.784824,4.083594,20.79,-1.363321
-94.465623,33.189548,189.5,937.991618,6.066273,93.87,0.05541
-94.579741,29.656541,105.4,564.12714,21.545747,64.59,0.23174
-95.308676,31.966515,278.7,3373.9429,9.041637,234.42,2.828286
-100.208283,34.411133,127.4,483.431879,1.189908,32.48,-0.349534
-98.185281,33.826674,110.4,215.875926,11.286834,37.06,-0.827384
-99.461187,31.64346,100.5,205.201653,17.346144,65.29,-1.323925
-96.761102,33.049059,229.5,628524.8802,250.872835,1623.11,-81.070213
-96.526354,29.802337,279.8,136.453199,8.331323,74.99,-0.833899
-98.108726,29.683386,160,25030.50911,98.593724,287.87,-12.032504
-98.602812,32.111799,104.5,724.025393,6.144784,59.34,-0.591468
-97.121203,33.652898,85.2,2888.58919,24.120564,120.68,-1.146429
-97.928927,31.129207,404.2,19470.10998,27.020966,156.41,-2.244309
-101.162729,33.638224,257.5,20.4743,4.208672,65.62,1.1901
-102.602591,36.278685,90.4,1074.050996,2.858481,50.62,-0.629295
-96.76279,32.951332,867.6,3085155.459,765.352426,10774.68,62.100294
-101.942314,32.766068,123,2040.325183,3.311554,67.9,1.87262
-102.4014,34.837877,125,7765.518126,4.191447,80.54,0.015122
-95.672692,33.388412,158.1,253.19159,3.671096,23.36,-0.529192
-97.125046,33.245604,199.5,562605.5391,275.69765,1605.09,-60.28264
-97.180784,29.228944,47.6,117.01707,6.297137,69.32,0.007715
-99.976021,28.473251,74.7,21.45332,1.36876,41.63,1.961041
-98.344701,27.885065,155,25.70417,13.716004,64.47,2.180418
-98.990667,32.170095,83.7,92.01284,6.002233,72.46,-0.233992
-102.361001,31.836373,211.4,78880.58717,66.968228,574.64,8.005086
-96.82908,32.397732,230.8,19052.53464,42.374223,469.3,-7.691881
-106.263489,31.667661,342.5,648325.9618,165.449994,3361.37,75.887972
-98.216811,32.41597,58,3489.716904,8.888267,139.43,-3.27632
-96.811969,31.313093,307.8,1859.56396,9.226972,104.78,2.106665
-96.078468,33.752852,227.8,1479.08493,20.878366,148.54,-1.410946
-96.979333,29.890148,137.8,528.81013,32.111697,70.68,-2.808987
-95.487874,29.595078,255,246003.3409,138.342548,969.05,-14.739876
-95.217899,33.2131,77.5,464.842,1.898357,42.67,-0.402763
-96.235409,31.596066,548.2,1526.014139,6.421094,104.03,-0.092096
-99.247625,28.948834,868.5,59.99726,5.338493,64.75,1.880641
-102.455571,32.858193,50.5,2770.421758,1.67038,89.64,0.635284
-95.073238,29.468223,376.5,192328.6446,127.202123,1047.09,3.270193
-98.945586,30.394996,69,334.73214,16.545783,94.83,-2.171005
-97.474163,28.610052,92.3,22.82447,4.82965,19.37,-0.21386
-97.379666,29.650052,141.7,4271.355596,13.776848,113.23,-0.033458
-100.956403,35.545002,117.4,11200.18212,8.083109,151.75,1.028659
-96.542692,33.753241,172.5,21686.13652,62.758777,471.52,-1.6826
-94.718477,32.478306,492.1,35228.3,76.309123,472.22,2.533529
-96.056033,30.627422,385,229.84438,10.408289,75.37,-0.044968
-98.114775,29.660883,121.8,47876.67287,66.383157,354.08,-9.453096
-101.74685,34.193986,130.7,7425.6741,9.477974,182.88,1.902305
-98.113677,31.708893,111.7,357.736751,3.338949,49.06,-1.009562
-94.407309,30.157423,119.5,2495.75823,21.989825,168.96,-1.038816
-95.325386,29.716876,698,4319274.037,1307.592102,16362.85,146.909829
-94.498091,32.432022,171.5,3759.91476,100.074694,218.91,0.402008
-99.624949,33.11954,360.9,13.626762,2.37206,42.05,1.282096
-97.80053,30.056213,188.5,32418.75922,42.235209,344.75,-8.117917
-95.620935,32.288233,181.8,5271.07276,54.332591,301.57,-0.116746
-98.004198,26.203908,226.5,268433.8277,138.185765,3361.8,92.262181
-97.290295,31.90069,127.6,5294.61104,16.712363,182.87,0.923108
-102.394495,33.587971,106.2,2828.713559,13.073042,126.46,0.920765
-97.758647,32.432773,119.6,4003.37278,23.653927,144.26,-4.41603
-95.596338,33.15849,156.2,4977.83351,8.825951,164.07,-1.220584
-95.422773,31.492794,706.1,2120.905357,4.37206,105.19,-0.151393
-101.257397,32.341637,554.1,10986.28429,25.720408,177.95,2.448506
-96.084618,33.134139,162.3,11737.52184,33.442182,319.72,-1.446801
-101.27621,35.717566,104.9,4672.991588,14.49901,150.82,1.946739
-98.155588,33.307038,171.7,565.600971,7.837922,52.9,-0.548992
-96.63629,28.873006,66.3,62.27191,6.86577,46.25,-0.449173
-93.998256,30.710058,144.9,2019.66383,23.082177,136.65,1.238838
-94.005909,29.968157,605.8,145176.4248,141.402368,1319.71,8.403769
-98.670749,27.334931,123.3,117.493993,0.886414,42.81,1.748896
-98.071338,27.738439,92.1,7367.70486,12.896986,134.65,2.659632
-97.341605,32.440023,203.9,32452.13024,41.212821,464.88,-5.083575
-99.790652,32.906498,195.5,227.769573,11.065287,76.1,-1.072817
-97.965616,28.848976,662.3,90.668355,13.543386,57.35,-0.34192
-96.291853,32.723083,274.8,6940.65964,62.974233,272.87,-0.523368
-98.700795,30.012923,124.8,3365.35046,13.020729,60.21,-3.25263
-99.50719,30.176469,145.6,6263.48657,16.956781,165.58,-2.971092
-97.724429,27.432106,119.1,6253.714145,8.783319,78.25,2.620094
-95.535692,33.652474,157.8,7434.97435,12.745535,209.24,2.023805
-102.245579,33.871479,173.9,78.648604,6.167815,111.72,0.346982
-98.217025,31.105225,93.3,1201.076337,21.002733,69.45,-1.064571
-96.790141,29.384846,130.4,1069.37174,5.763613,61.5,-1.55538
-97.074328,30.4286,156.9,276.95269,14.540083,63.08,-1.162261
-96.18045,31.193772,177.7,48.99412,2.746215,49.17,-0.093415
-94.926731,30.25176,330.8,1733.13948,23.419617,256.15,1.04355
-96.512525,31.688431,193.2,3634.318005,6.397929,158.78,2.095239
-100.214661,36.240357,0,9.554663,2.458892,40.36,0.166063
-98.111533,28.335074,105.1,804.952364,8.008938,68.1,-0.446048
-98.711878,30.827368,143.7,1339.678974,19.213055,91.17,-1.903184
-101.9314,33.528739,210.5,223148.2743,192.058504,890.43,-1.574493
-99.365468,31.282411,147.7,458.627927,3.453248,52.29,-0.156553
-97.1574,31.556201,230,87087.76279,81.263502,760.21,7.677127
-96.089685,30.939105,459.6,417.98189,3.257946,55.96,-0.961871
-94.1906,32.800655,326.1,288.39812,15.335185,46.02,1.235863
-95.867285,28.750421,245.2,5604.57846,40.041091,167.88,0.504475
-100.491935,28.713228,205.9,18805.19661,8.966145,216.05,6.819463
-98.97992,29.147181,129,576.349907,25.770384,107.04,-1.772035
-102.056294,31.990978,148.3,88384.57539,51.840767,449.73,-6.221315
-96.794241,30.739326,188.5,1001.022111,19.084378,92.02,0.717865
-98.586407,31.391435,0,16.775392,4.035945,33.65,-0.641434
-100.93332,32.285174,145.4,48.329281,5.850161,32.29,-0.414141
-97.790273,33.820196,83.8,1650.519796,14.89428,110.85,-1.177835
-95.454486,30.135349,185.5,83975.77671,140.728065,898.05,-15.613635
-101.968589,35.875774,124.5,6136.991347,7.001889,75.37,0.4187
-94.726296,33.004907,174.7,872.32514,1.496925,50.35,0.37945
-94.668844,31.590005,200.2,14267.4862,34.903651,241.98,4.628192
-96.205963,32.103211,222.5,6248.54807,10.28498,187.13,2.130721
-93.79588,30.55226,59.2,67.916869,10.466776,81.71,1.173038
-100.432296,32.261286,140.6,5029.499121,19.605998,86.19,0.475006
-97.402794,27.729885,207.9,304708.7269,146.237605,1356.97,10.491423
-100.819167,36.384913,92,2759.99285,13.903638,56.07,-0.460073
-93.725606,30.108019,230.1,9006.53469,48.001545,353.78,-2.100842
-98.128758,32.779753,119.5,8042.814555,22.536153,176.34,1.368168
-94.461978,32.25323,191.1,576.50386,11.949259,104.36,-0.9568
-97.755675,32.753839,110,8928.46972,59.130277,296.97,-4.6305
-102.524374,31.025537,186.1,2870.594323,8.069594,69.39,0.125804
-94.813885,31.000055,453.2,1864.70329,16.990617,182.87,1.951747
-101.875823,35.222936,293.1,79971.48054,63.757183,721.32,6.664967
-104.131119,29.622474,94.6,5.245142,1.517584,29.8,1.779631
-95.875208,32.886753,132,103.50983,3.034867,39.37,-0.413549
-101.929029,35.145637,126.1,97872.44314,63.664205,284.32,-12.137715
-94.849981,33.573474,115.1,49.967731,2.351562,57.44,0.924444
-103.714345,31.447727,824.9,5758.333529,23.425801,101.42,2.364561
-96.49208,30.866234,169,142.98437,13.973306,68.74,1.064993
-96.4957,32.958186,147.4,17918.5882,27.603595,125.82,-6.692956
-99.899025,31.763919,139.6,694.051447,8.135186,54.59,-0.602382
-94.774505,32.149872,335.7,3436.79519,21.727914,240.53,1.261334
-93.860941,31.489928,141.8,63.32413,6.461031,39.13,0.05152
-94.166872,31.268796,240.8,227.96437,3.988841,44.57,1.240942
-95.215419,30.487128,183.3,213.99925,26.844789,76.63,-0.315171
-97.384732,27.984315,142.4,13130.09264,38.401854,262.29,1.71867
-98.706516,31.201501,155.1,237.201073,5.780858,37.49,-0.278641
-100.80595,32.618518,102.6,725.37417,11.701454,69.88,-1.139284
-94.109752,31.921421,213.6,497.93965,14.277287,131.75,1.875929
-95.333171,32.36018,253,60636.13024,40.145297,682.75,1.873844
-98.811274,26.381467,78.1,13817.6332,22.054155,408.25,17.212031
-98.871015,32.739502,138.7,511.510388,4.010754,57.95,1.747464
-101.746571,34.606748,114.9,426.000013,2.299821,57.65,0.290576
-97.357398,32.74975,347.9,1422278.133,608.175172,6153.35,-11.898551
-99.750861,32.424197,210.8,80094.62861,96.042608,561.79,-4.838909
-102.243367,33.168583,262.9,451.228785,2.892376,46.36,0.314285
-94.975478,33.147448,131.1,5857.693,5.641164,151.29,0.938789
-100.477027,31.468704,138.8,46951.83429,78.563919,323.45,-1.733764
-97.751466,30.189353,468.7,972586.3262,369.580129,2808.08,-71.811722
-95.171201,31.044564,237.7,874.579758,6.746205,98.21,0.75722
-94.438714,30.948871,392.5,656.14711,6.221849,81.3,1.528359
-94.99196,32.72006,95.1,1421.32371,14.9007,119.19,-0.995645
-99.848996,29.328872,111,3544.43069,7.903866,50.92,0.999513
-100.877848,29.376531,121.2,11818.60511,10.58782,129.06,3.319182
-95.722213,32.660683,117.4,1652.73703,20.939862,175.22,-1.037969
-96.981617,28.81535,172.7,44911.93629,49.159827,414.75,3.292285
-95.563484,30.729246,1027.1,15041.81819,22.317286,143.17,-0.894699
-95.982253,30.094788,155.4,630.85995,8.587071,96.78,-0.938452
-103.103734,31.50904,84.6,3055.814027,10.997118,58.92,0.38825
-96.217816,30.220711,162.3,1079.39239,9.493974,70.7,-1.028819
-99.49694,27.552408,241.1,325335.4885,129.513437,1640.91,42.499836
-96.180569,29.471895,232.5,989.667276,10.227551,222.51,4.614643
-100.249285,35.470277,121.4,12.871254,9.922135,38.49,0.025397
-98.78266,34.012899,138.5,67107.87339,106.810749,567.07,6.011887
-97.629453,26.493684,627.2,544.506327,3.303535,143.05,5.209074
-97.699746,30.524627,178.9,227567.5193,160.961695,908.69,-35.633071
-98.22796,29.275467,117.6,1678.47094,26.507895,141.67,-3.248591
-103.047943,31.849982,95.1,2488.343605,36.429247,57.32,0.235311
-97.708205,33.128515,102.3,1542.11883,20.594786,195.79,-2.84788
-95.456464,32.67664,174.2,1743.27869,7.415449,135.52,-0.645221
-98.586866,33.109299,46.8,1787.747801,4.318513,54.82,-0.52622
-99.266821,26.917597,111,4358.363303,4.954582,84.47,3.289729
-99.941561,28.993191,106.5,924.529354,1.815257,32.84,1.93695
-112.008899,41.516023,66.6,12255.09843,6.550752,83.61,-5.490536
-111.632178,41.679839,47.8,54120.52363,4.934306,174.01,-12.927413
-111.01051,39.661224,95.4,2036.675154,1.862959,46.96,-0.641136
-111.861163,40.877008,73.2,164419.4769,37.803415,367.48,-32.473468
-110.505586,40.293691,59.7,319.93682,3.163,40.5,-0.335954
-109.569986,38.983524,84.7,323.93537,2.060948,36.31,-0.537695
-113.074364,37.668709,52.2,4825.416727,14.287357,92.41,-2.363359
-112.498697,37.113922,91.8,21.953167,4.867877,27.1,-0.907619
-112.599924,38.893495,107.5,20.137222,1.675513,41.39,-1.502631
-111.881539,40.551555,219.4,1130636.925,225.016593,2195.16,-81.261161
-111.397882,39.596517,42.8,192.669913,1.454502,55.15,-2.351686
-111.638499,38.933533,40.4,312.612116,3.075575,52.66,-1.460905
-111.274679,41.046726,76.5,3177.601084,26.942492,84,-9.322875
-113.317896,40.44342,64.6,17541.18192,17.482564,89.37,-3.337918
-109.560663,39.902033,51,2224.913519,4.594797,91.12,1.180403
-111.715368,40.293567,49.4,539758.875,79.62022,1062.3,-68.305029
-111.132494,40.311523,33.5,3278.69036,4.904801,33.26,-3.153466
-113.845937,37.217507,77.4,26103.87078,16.464828,288.98,-9.310414
-111.958028,41.27314,84.7,181788.1536,44.861057,499.44,-12.659129
-73.255531,44.166405,24.4,1939.21539,9.240008,42.92,-4.499306
-73.051412,43.258795,32.3,3982.8545,19.132946,46.91,-2.494124
-72.204175,44.264989,46.2,916.15972,4.470851,44.29,-2.262377
-73.208331,44.481703,28.5,107830.3748,58.942325,110.03,-12.620697
-72.955791,44.705144,19.2,7403.55124,24.413898,40.86,-2.322155
-72.196215,43.93263,19.9,523.1955,10.993141,46.73,-2.694047
-72.166177,44.758176,34.4,1105.36243,7.376049,30.37,0.790677
-72.985425,43.530428,29.4,13263.43907,23.393236,92.81,-6.404661
-72.860843,44.11101,29.4,13003.38888,31.71583,60.73,-6.54208
-72.906439,43.027509,35.1,3632.91969,23.983211,76.48,-3.860627
-72.552156,43.814604,33.2,2156.70621,38.032814,79.28,-5.121478
-75.784302,37.743387,352.2,926.51095,5.532299,128.52,-0.309623
-78.638252,38.174262,263.2,35198.80067,24.723369,141.17,-9.659824
-79.762606,37.823964,238,1479.37245,1.022558,38.73,-0.924339
-77.880022,37.276961,152.5,72.76958,3.46421,20.44,-0.444949
-79.034697,37.564017,201.7,2515.05348,3.16274,75.31,0.340694
-78.740791,37.317927,192.9,177.46487,1.462211,24.19,-0.541022
-77.108648,38.893564,570.8,916224.873,78.507875,312.55,-36.780918
-79.351417,38.19768,130.1,1795.42208,11.258131,108.24,-4.557686
-79.542117,37.161546,106.4,3016.67666,15.237038,123.09,-7.222031
-81.022145,37.155896,212.8,35.58129,2.756378,15.28,-0.154192
-79.844439,37.369109,178.2,1576.05462,8.231835,35.9,-4.147892
-77.882749,36.64184,418.8,133.55247,3.589144,28.41,3.5785
-82.026706,37.350442,91.9,254.58339,1.144093,70.34,2.903339
-78.619755,37.506435,388.3,138.15003,2.416122,45.34,0.934092
-79.25214,37.342152,160.1,6308.11422,3.940485,112.31,-1.3716
-77.212675,37.976402,223.1,470.85427,4.169301,55.68,-0.509166
-80.796898,36.75992,64.7,429.57872,1.900979,67,-0.327975
-77.191721,37.384721,368.6,133.69713,12.280949,26.65,0.036405
-78.61778,37.099209,158.8,75.4716,1.74331,37.91,0.60595
-77.533491,37.454773,230.2,124127.155,104.394213,614.03,-19.743672
-77.979545,39.171435,189,237.79439,2.047115,41.92,-1.299494
-77.826859,38.449842,235,2515.48073,6.472773,84.59,-0.319088
-78.208455,37.540666,245.1,78.56856,2.018427,26.08,0.024691
-77.697298,37.029512,183.1,1614.43548,3.733734,54.93,0.381936
-77.015885,38.000728,199,218.73455,4.151705,25.73,0.29586
-77.370777,38.942594,279.5,1533391.94,288.592455,1956.58,-139.345178
-77.729351,38.790369,165.6,3450.65689,20.815551,126.42,-9.285545
-80.472733,36.872953,124.4,135.39098,2.299052,27.55,-1.179438
-78.330784,37.921481,187,1438.83968,4.303566,29.31,-2.118247
-80.020738,37.06184,149.5,1134.96238,4.848001,84.46,-1.111763
-78.382122,39.170945,129.1,9564.41608,21.184732,118.26,-5.513151
-80.618132,37.353263,69.7,209.87502,1.714363,35.13,-1.298863
-76.61167,37.481416,145.7,2793.70144,7.997281,57.64,-3.128762
-77.795762,37.674798,354.7,758.0919,13.571051,40.02,-2.471538
-80.977373,36.604623,145.5,199.03115,0.649586,42.13,0.34788
-78.528373,38.283433,66.2,454.93745,2.550681,43.43,-0.261016
-77.556656,36.609003,786.6,60.31089,0.483306,21.08,0.984313
-78.770556,36.666049,304.2,1412.44149,2.14669,87.45,0.841813
-77.585005,37.885946,141,16550.61333,37.943479,119.02,-13.814277
-77.557061,37.59416,343.2,179533.5934,100.684584,514.13,-14.750195
-80.003792,36.653448,136.9,3267.50424,35.547116,117.16,4.183654
-76.625545,36.955088,225.7,2696.34949,11.739493,43.08,-0.84093
-76.741283,37.292266,144.4,9420.5288,7.428332,70.45,-6.151107
-76.975784,37.794232,212.2,47.01161,0.868315,14.18,-0.7745
-77.265607,38.299223,228.7,746.08742,4.139036,28.44,-2.877856
-77.192677,37.729457,83.3,619.1508,6.874381,20.51,-1.597326
-76.38395,37.651103,327.7,320.50319,3.601667,29.45,-1.042987
-83.181564,36.706443,78,511.6017,2.978983,73.96,3.366876
-77.495392,39.039959,132.4,203463.413,83.725604,384.16,-40.096402
-78.141411,38.062322,102.8,444.00368,10.209333,63.36,-0.898217
-78.350061,36.959198,227,93.00248,8.563248,31.51,-0.118645
-78.196557,38.346592,44.1,90.30076,6.740799,21.44,-0.573682
-76.332103,37.404241,165.7,213.63175,0.804421,24.45,-0.705998
-78.250083,36.727421,284.8,537.18641,12.907845,83.71,0.334931
-76.671264,37.701267,170.2,397.47099,2.25854,27.3,-0.231446
-80.453686,37.063769,85.2,15752.13785,10.730086,99.09,-4.087632
-78.99116,37.805707,114.9,106.68896,5.303302,27.94,-0.290994
-76.91204,37.483528,161.9,338.01232,13.208161,16.03,-1.363089
-75.810257,37.240925,384.4,175.47426,11.91598,33,0.07355
-76.325461,37.823561,175.1,195.90889,5.53299,30.25,-0.759214
-78.171744,37.170695,860.9,170.99293,4.73246,35.25,0.779782
-77.96974,38.247189,181,999.37942,8.255897,48.99,-0.793053
-78.57571,38.520872,92.2,392.76431,3.666822,62.69,-0.171743
-80.229535,36.77354,58.1,177.83362,5.269609,43.76,0.48686
-79.479888,36.988689,170,1606.48316,13.038232,139.61,4.86141
-77.900876,37.564503,250.2,478.58079,33.689809,22.84,-2.93064
-78.457345,37.178651,222.2,9739.77544,2.058817,31.27,0.123182
-77.357406,37.273565,453.2,1907.76004,8.258873,37.22,-2.493176
-77.381807,38.651587,282,304485.536,108.939029,856.03,-29.260274
-80.65189,37.103247,67.2,3535.22717,3.455303,56.76,-0.684797
-78.187078,38.748249,168.8,56.55061,1.303923,27.54,-0.528612
-76.770712,37.956401,349.8,99.95446,3.845488,14.28,-0.330409
-79.936787,37.345129,137.5,25748.23339,26.306847,98.42,-7.221027
-79.28595,37.838326,70.3,165.95536,4.701377,33.44,-1.007675
-79.033279,38.547586,95.2,4067.29369,25.160761,204.18,-5.149668
-82.145965,36.96559,47.4,451.43027,2.937104,66.61,2.131795
-82.518004,36.749549,73.9,485.31251,4.67343,56.2,0.923414
-78.532247,38.979734,99.8,1148.101,11.937599,73.35,-2.333351
-81.733852,36.914426,122,974.80328,7.714811,88.41,2.585747
-76.975019,36.853644,252.5,128.90893,1.757922,27.2,0.484252
-77.521909,38.281037,169,43151.66849,22.967026,234.7,-9.645425
-77.445313,38.456369,184.9,41205.6618,20.407191,218.39,-12.624768
-76.845509,37.166191,301.4,51.87639,1.199782,24.31,0.438385
-77.202894,37.045738,526.1,159.61963,1.172367,37.01,2.084378
-81.409597,37.092647,76.5,1301.99078,1.611763,92.88,2.567653
-78.205675,38.923785,182.6,6339.67607,4.350095,80.03,-0.840653
-82.076633,36.769372,69.9,3045.86213,21.287981,113.95,-0.985947
-77.004142,38.236489,180,487.93779,5.132271,47.05,0.081683
-82.570894,37.116941,89.4,1335.14795,10.398826,105.01,6.126906
-80.872593,36.896042,125.4,445.72014,9.922671,53.89,-0.58836
-76.419878,37.097244,115.2,24016.1946,9.098595,60.02,-6.360303
-77.061692,38.821947,851.2,519367.823,53.016077,337.62,-21.851326
-78.496442,38.026002,276.2,71026.88,8.950768,99.05,-1.417757
-76.274261,36.792297,315.8,110807.0163,27.655358,333.06,-8.965319
-77.404358,37.25042,251.5,14234.048,3.049422,37.3,0.695927
-79.982531,37.793418,318.2,2071.6809,0.217,19.26,-0.167434
-79.416192,36.563482,494.5,21730.3862,22.051763,129.33,16.878244
-77.526254,36.693831,474.1,959.6195,0.313498,9.41,1.916784
-77.298348,38.84016,419.7,20238.25,4.849733,36.16,-3.024175
-77.177374,38.890398,394.8,20413.338,3.500966,6.77,-1.929701
-76.926683,36.664469,404.6,724.5289,0.319734,5.46,0.307837
-77.476375,38.285422,398,29922.783,3.714611,58.74,-0.98468
-80.916758,36.6575,95.9,1551.5172,0.790045,35.43,1.017466
-76.354238,37.053324,567.3,113585.2698,26.07996,261.63,3.392327
-78.855698,38.454632,145.2,48281.3409,12.594319,131.63,0.29592
-77.280063,37.310477,568.3,17345.609,15.58746,64.52,4.728688
-79.146101,37.404942,292.5,48661.058,11.560147,188.81,4.938897
-77.471203,38.762308,350.4,39891.29,6.325081,101.77,-0.194532
-77.435554,38.767574,250.9,14642.515,1.674201,34.81,-0.396795
-79.875609,36.675298,264.7,5217.2598,3.40862,47.55,2.082116
-76.505689,37.133013,572.5,168177.2799,44.605909,520.82,5.03997
-76.279912,36.844638,930.5,457156.973,62.454752,871.47,18.665435
-77.40483,37.215388,1425.6,24188.0049,6.816733,139.33,10.518378
-76.339059,37.130093,67.4,3287.4781,2.808522,8.54,-2.049111
-76.320808,36.825396,851.9,117147.4836,26.573894,303.74,10.712608
-80.574529,37.115114,42.3,6139.253,1.413153,23.83,0.217573
-77.453561,37.588092,653,393445.26,63.851383,712.86,20.418079
-79.996547,37.310132,442.9,65357.102,22.58818,252.63,11.245946
-80.038534,37.303323,154.5,8907.049,3.887924,32.42,-0.724598
-79.073721,38.149968,172.5,10747.2477,8.391976,63.82,-1.320802
-76.595119,36.728825,366.5,32231.56102,34.586084,175.8,-0.99666
-76.172477,36.896997,309.6,445942.3384,114.217518,727.7,-39.76409
-78.909328,38.076497,139.6,8974.9965,3.566264,70.54,0.619171
-76.700476,37.259329,291.2,5593.0401,2.32155,23.07,-0.715802
-78.153028,39.186107,302.8,17041.184,5.173162,66.37,-0.964918
-118.50802,46.921476,102.2,3630.894299,2.786137,71.71,1.86604
-117.06723,46.412707,92.6,13138.01956,4.406541,37.38,0.040905
-119.235683,46.221774,107.2,74426.06116,23.88072,267.92,-6.629279
-120.313021,47.421612,93.6,14969.16767,18.416032,135.02,-3.26133
-123.818779,47.996609,114.5,19575.5147,7.021337,153.11,1.40122
-122.540563,45.6155,186.6,357241.2276,127.957491,616.63,-24.632058
-122.944753,46.137953,152.6,51716.24561,25.881333,126.17,4.008171
-119.778602,47.600626,56.6,14320.01188,10.165352,73.73,-0.374951
-118.669527,48.642446,73.8,14.623826,0.600168,23.78,1.147602
-118.688704,46.507412,110.7,29652.02837,2.303423,171.99,4.375436
-119.715503,46.810809,64.8,7884.193003,8.495155,190.8,3.83598
-123.581355,47.183797,138.9,8240.976231,22.470061,103.71,0.153373
-122.665818,48.292156,134.2,23439.4934,12.892709,100.9,-9.606854
-122.877521,47.847812,141.6,2903.339842,7.220188,33.47,-1.309093
-122.344732,47.527438,366.4,2730656.318,367.403957,2086.13,-146.064299
-122.621678,47.58167,146.4,114975.2875,68.215601,267.59,-19.271979
-120.229482,46.86208,76.1,6184.820686,10.110718,47.93,-1.686542
-121.130315,45.774283,108.3,57.7587,1.410953,20.5,0.19136
-121.687599,46.566889,98.3,13448.68808,6.881468,139.32,0.440177
-118.699834,47.717913,86.1,966.079481,2.99127,14.22,-1.83461
-123.282266,47.264931,142.4,4506.651418,8.337818,94.06,0.291154
-119.842079,48.199714,76.5,673.60616,18.161652,115.19,1.464642
-123.645095,46.742491,174.3,1541.780822,2.452986,40.88,-0.109206
-117.291935,48.409569,84,158.139838,3.439284,28.85,-0.51559
-122.134028,47.156365,205.1,566266.6459,165.607739,1057.92,-28.674226
-122.876445,48.509962,145.3,717.04784,1.075031,22.09,-1.763566
-122.339101,48.41671,89.8,40331.214,19.060738,208.12,-6.614403
-121.914325,46.0877,47.4,206.7249,2.820946,16.14,-0.781894
-122.213004,48.006457,173.2,539462.0731,99.562965,886.56,-50.1292
-117.250624,47.64975,147.9,324919.6663,152.489181,570.81,-4.621662
-117.673964,48.559203,61.5,2895.30694,9.470121,83.07,-0.483907
-122.769569,46.990752,133,88830.44704,37.456514,246.29,-8.525598
-118.586734,46.32819,113.5,26775.93386,4.918166,88.97,-0.871217
-121.4962,48.818581,123.3,67685.24587,27.992066,193.77,-7.950818
-117.213598,47.00504,67,19182.88899,3.993259,36.59,-0.824416
-120.776008,46.676522,128,102546.2836,27.024008,604.83,22.717161
-80.100287,39.1103,49.3,439.97871,3.215237,20.06,0.109919
-77.996281,39.53097,185.4,13957.14269,34.308028,89.31,-1.226168
-81.899639,38.054386,49.1,570.25099,2.305792,32.72,3.426525
-80.739834,38.595111,41.6,84.55884,0.476983,15.35,1.708206
-80.551332,40.229024,72.6,2691.7178,6.508458,28,-1.447551
-82.430439,38.41314,290.5,85231.8648,70.239535,251.72,8.219457
-80.659175,39.268428,105.2,57.98512,0.621254,14.77,-0.579975
-81.161635,37.893406,104.9,3438.55978,4.414752,72.27,2.428033
-80.858514,38.922256,241.3,115.52785,0.611196,20.08,0.520206
-79.211832,39.195897,100.9,108.09622,1.13337,23.79,1.00943
-80.433987,37.739612,93.7,520.60308,0.927195,34.8,-0.268012
-78.543586,39.203104,73.9,187.98273,4.41417,42.47,0.113024
-80.591324,40.426274,47.9,6420.9729,36.836278,52.34,0.963181
-78.989457,38.91748,101.8,75.75627,2.601355,13.28,0.423486
-80.29846,39.392631,113.7,14845.6676,32.638357,133.56,-1.566272
-81.628711,38.713402,41,725.52095,7.325685,30.78,-0.711472
-77.768684,39.281812,117.2,10337.68007,24.225525,81.76,-2.46382
-81.623964,38.34122,237,83849.48977,56.956551,326.06,6.07539
-80.47436,38.917021,37.2,934.87828,9.341546,32.6,0.373875
-82.062341,38.139833,46.5,262.81599,4.032449,29.03,1.540738
-81.893041,37.723948,91.5,930.26285,8.549498,68.01,4.832094
-81.449808,37.336791,100,94.39237,0.093576,11.14,1.423176
-80.167033,39.473986,62.5,14348.01824,7.037064,92.54,-2.729625
-80.604392,39.843464,94.5,6638.03088,14.566268,63.77,-1.941666
-82.141182,38.764906,57.3,801.277,10.994115,28.38,-0.358548
-81.149517,37.499979,102,8557.23441,5.580751,90.86,3.901511
-79.133255,39.387539,64.7,1399.6409,9.971218,37.04,0.104511
-82.1171,37.659066,66.2,710.27911,2.657233,32.33,5.692849
-79.950345,39.633668,126.3,72620.65447,29.188916,117.21,-2.504312
-80.62045,37.578164,235.4,109.41779,3.578256,27.45,0.273537
-78.250305,39.501153,101.6,474.13158,9.777085,25.36,-0.284674
-80.773587,38.426666,52.4,318.48771,1.111505,44.19,1.278377
-80.732536,40.078048,133.7,29407.43873,50.115347,81.84,1.73119
-81.247519,39.338413,171,122.45255,1.421183,10.33,0.042589
-79.826683,38.545688,96.6,15.469139,0.286112,14.94,-0.162948
-79.654977,39.647537,107.2,606.04151,4.789241,48.9,0.25876
-81.977565,38.44838,73,7405.00842,11.254224,57.38,-2.846357
-81.21911,37.626407,202.6,11751.61256,6.978511,117.27,2.626267
-80.066984,38.785825,88.5,3259.336379,17.849384,42.9,0.121962
-80.967878,39.265024,132.2,78.42499,2.28584,24.51,-0.136068
-81.434315,38.685321,51.1,320.70209,5.481854,20.48,1.057672
-80.884664,37.663337,134.2,2063.04092,0.497822,11.37,1.205527
-80.099376,39.285188,62.6,380.93221,4.778873,27.51,0.560608
-79.453177,39.072912,96.7,40.04709,0.212551,4.65,-0.292289
-80.147515,38.895909,57.7,4109.50561,2.651651,44.91,0.698875
-82.359347,37.984044,52.9,8199.95133,16.523627,91.93,3.281417
-80.461549,38.56567,85.2,28.2293,0.076624,13.19,1.291837
-80.613004,39.547237,61.6,777.67458,3.887684,31.2,0.072008
-81.545543,39.263987,98.3,42558.97161,36.362105,152.41,-1.240178
-81.368508,37.536526,73.9,248.59346,0.44133,26.12,1.307173
-89.75326,44.202219,120.1,235.17603,6.307944,38.38,-1.034012
-90.644389,46.890825,53.3,2020.377664,4.513844,33.89,-0.401695
-91.640568,45.465683,86.1,1783.17451,30.267869,67.33,-3.683611
-87.958379,44.510558,103.8,132986.7355,44.498687,315.06,-16.462263
-92.19702,46.007131,44.4,120.08661,8.219059,43.16,-1.83438
-88.10354,44.19746,61.7,16284.76189,9.708357,38.44,-6.918124
-91.09904,44.913326,45.7,4868.47162,14.519483,61.49,-5.416585
-90.737387,44.814419,58.4,371.34907,8.195725,162.22,-2.385064
-89.041668,43.322178,63.1,2214.37439,18.345584,59.42,-4.901666
-90.881443,43.183172,43,2774.35324,5.420275,34.06,-2.793139
-89.324415,43.111274,160.9,547143.4946,153.645773,400.63,-56.912322
-88.459373,43.562583,102.8,22115.0431,23.197232,69.53,-7.840225
-87.614452,44.771517,93.1,1232.95468,10.479367,35.2,-5.600314
-92.090026,46.713401,61.3,16772.7073,71.709624,80.15,-2.466837
-91.87678,45.128904,46,2644.32502,10.891194,45.21,-3.371292
-91.518744,44.807228,56,40649.2219,19.72777,127.33,-7.941345
-88.34173,43.79773,75.1,40112.28388,30.106334,78.41,-8.412638
-90.633512,42.708541,36.4,2500.19133,17.764919,76.9,-6.114562
-89.487727,42.787229,22.4,2505.44235,14.645036,31.01,-3.983437
-88.966801,43.976821,43.7,1032.55629,3.19621,35.21,-2.112324
-90.011302,43.093424,65.1,342.13551,8.94995,22.59,-3.491568
-88.717412,43.19187,63.2,14462.14921,36.454001,87.49,-9.17032
-90.143345,44.135484,74.1,759.42505,10.073835,43.07,-1.819572
-87.821922,42.570843,150.9,124619.4349,51.825663,240.02,-0.057512
-87.655053,44.545077,51.6,1152.69715,3.714777,15.48,-2.471669
-91.218509,43.772297,103.2,58078.92635,24.427499,109.86,-11.77867
-89.697057,45.185082,37.2,4599.374413,10.272745,34.94,-3.958336
-87.707193,44.073097,59.2,22718.62712,18.154316,85.72,-9.461099
-89.65636,44.951877,53.6,30970.56531,13.898651,168.92,-10.874087
-87.699765,45.02641,54.3,3358.994761,10.463516,60.68,-3.727223
-89.378559,43.939056,89.5,180.39911,4.864781,30.51,-1.187717
-88.71337,45.013013,145.2,8.881663,0.126308,21.77,0.297086
-87.91123,43.074252,390.9,2332021.503,1055.109868,2230.32,91.904666
-90.798436,43.816846,47,2793.53302,20.710819,82.73,-3.661867
-88.143207,44.748134,21.4,518.01553,7.943997,44.44,-4.396045
-89.515192,45.604248,35.1,2291.223656,51.650758,63.35,-8.347874
-88.405615,44.289473,77.8,102087.574,29.409363,184.64,-20.289062
-87.85854,43.500384,30.1,21607.7851,25.769723,52.08,-12.847162
-91.808307,44.638096,0,66.45329,2.665719,14.98,-1.005704
-92.545444,44.655322,35.5,4911.14037,18.811118,39.39,-4.936713
-92.35508,45.263228,18.6,620.10506,26.692919,59.79,-4.633373
-89.582236,44.522102,55.3,17069.20005,18.830229,68.12,-3.604747
-87.846914,42.681689,149.3,128001.0759,62.439825,231.05,-2.657002
-90.435371,43.383467,40.6,657.28827,7.045676,41.44,-1.661899
-89.048048,42.501898,104.6,79969.67938,54.020998,248.7,-2.146
-91.300586,45.368469,41.3,556.798596,1.102462,19.08,-1.057425
-92.714586,44.906679,33.2,7692.3031,43.073645,55.49,-9.774909
-89.787926,43.475002,59.2,3392.70815,16.229414,77.51,-4.902094
-91.299206,45.893412,56,220.612651,4.908562,33.52,-0.659618
-88.571618,44.770939,46,2759.30429,4.624849,66.24,-5.02761
-87.708907,43.753479,65.6,53293.93152,32.496648,106.34,-13.84527
-91.442185,44.078767,45.4,294.57799,9.447738,49.43,-3.395094
-91.026633,43.626681,47.6,453.52671,7.827732,67.41,-2.661866
-88.642948,42.718112,50.3,16328.48664,74.915824,142.06,-7.407724
-91.778363,45.746587,51,111.200677,8.065937,26.19,-2.253553
-88.193216,43.412596,42.2,32987.69196,44.89153,105.77,-17.988717
-88.159505,42.998356,46,133258.7347,184.898593,232.06,-60.120587
-88.761707,44.636794,34.3,2359.53139,4.316337,73.48,-4.197194
-89.148742,44.13967,65.8,310.61015,2.808655,48.92,-1.192192
-88.553446,44.03588,74.2,118971.2994,36.954541,195.17,-16.872448
-90.160187,44.642972,69.8,11586.26745,17.84412,71.04,-4.341994
-105.634127,41.315115,35,21908.37441,61.373042,94.22,-3.327861
-108.09777,44.589949,61.8,15.274586,11.314301,48.69,-0.577626
-105.549107,44.646027,64.3,4302.022075,53.451848,76.15,-3.138082
-106.461529,41.96589,96.7,802.539606,6.492508,51.45,-2.194363
-109.679917,43.602169,93,4668.734825,18.213777,182.58,-1.625109
-104.337143,42.368736,79,397.629521,10.024526,45.53,-0.997682
-108.442387,43.71903,0,1323.167569,12.394694,29.9,-1.050846
-104.81422,41.078913,106.9,37105.57322,98.280084,151.88,-6.08115
-110.787543,42.762795,55.5,149.066396,9.08873,49.37,-2.059672
-106.338274,43.212147,72.8,36658.57386,60.150621,250.76,-5.549637
-108.787855,44.746428,28.1,3288.393707,19.103842,56.25,-2.882493
-106.557456,44.760577,53.7,7627.451052,33.841187,64.34,-3.397008
-109.663764,42.882426,0,11.915845,5.015874,30.7,-1.106178
-109.45616,41.497414,62.7,9769.599238,27.488085,135.53,-2.585572
-110.581877,43.950573,54.1,514.574315,24.431946,51.8,-3.296467
-107.956376,44.014373,0,3647.46508,18.276754,45.36,-1.361518
