State,StateAbbr,County,GEOID,Limited_Se,Convenienc,Fitness_ce,Parks,Sport_cent
Nebraska,NE,Cuming,05000US31039,89.307416,35.458094,9.448176,23.267416,4.369531
Washington,WA,Wahkiakum,05000US53069,21.551335,1.854953,2.559368,8.079678,0.672984
New Mexico,NM,De Baca,05000US35011,13.788309,10.561263,1.218987,4.083335,0.505594
Nebraska,NE,Lancaster,05000US31109,2574.82875,738.0743406,573.5607194,2104.844072,382.2458892
Nebraska,NE,Nuckolls,05000US31129,40.189525,27.345373,2.836641,8.730402,3.664221
South Dakota,SD,Minnehaha,05000US46099,1207.804023,343.327802,449.252373,821.906739,180.660775
Texas,TX,Menard,05000US48327,11.368792,1.317573,1.852495,3.678839,0.263478
California,CA,Sierra,05000US06091,9.04186,2.487356,4.100327,5.978893,0.19198
Kentucky,KY,Clinton,05000US21053,75.533627,14.116626,3.286734,6.336326,1.575132
Ohio,OH,Hancock,05000US39063,496.582836,45.294476,102.048721,196.589711,14.940364
Texas,TX,Hale,05000US48189,284.22992,49.859482,34.98918,78.689481,9.150626
Alabama,AL,Clay,05000US01027,141.655848,30.185849,10.182948,15.988184,2.946775
Texas,TX,Armstrong,05000US48011,40.286881,2.101071,4.521683,5.650626,2.81544
Ohio,OH,Allen,05000US39003,952.360127,114.643525,118.595254,357.814345,27.299593
Georgia,GA,McDuffie,05000US13189,206.578661,23.882008,26.341518,23.560561,4.179962
Wisconsin,WI,Sauk,05000US55111,281.065478,163.047248,135.868383,242.967819,9.144341
Arkansas,AR,Stone,05000US05137,65.267764,10.738888,2.481177,12.359332,1.041015
Oregon,OR,Wallowa,05000US41063,26.599176,3.208093,3.257155,12.110229,0.946602
Pennsylvania,PA,Beaver,05000US42007,1276.277373,214.243907,331.933751,639.307381,42.280807
Mississippi,MS,Jasper,05000US28061,148.982027,42.189143,14.250097,17.861288,2.963538
Missouri,MO,Henry,05000US29083,242.118047,83.559697,10.728167,57.462958,3.997661
Colorado,CO,Saguache,05000US08109,21.009194,7.54398,2.758405,10.539342,0.465778
North Carolina,NC,Chatham,05000US37037,416.49742,53.060657,131.290977,129.923574,28.259152
Utah,UT,Rich,05000US49033,28.015547,2.444833,2.802751,12.179251,1.204618
Oklahoma,OK,Adair,05000US40001,104.989163,29.878814,8.221194,22.910289,2.903792
Ohio,OH,Lake,05000US39085,1677.570985,259.802829,540.813223,742.12645,86.973096
Virginia,VA,Salem,05000US51775,219.168508,21.865012,59.153394,139.505252,12.324673
Virginia,VA,Montgomery,05000US51121,776.176626,39.600845,136.107623,232.223723,113.446706
Tennessee,TN,Hamilton,05000US47065,3119.685326,585.406649,796.865155,1275.360387,107.646816
New Mexico,NM,Otero,05000US35035,445.570896,77.684763,120.673276,164.476842,15.757865
New Mexico,NM,Catron,05000US35003,5.215122,1.274664,1.011494,2.037651,0.163675
Alabama,AL,Marengo,05000US01091,216.006006,30.139272,14.978596,48.191745,3.842579
Wyoming,WY,Lincoln,05000US56023,70.545136,6.524554,12.172935,22.583513,2.544402
Missouri,MO,Barton,05000US29011,110.844574,27.457677,5.73356,27.165649,1.790643
Texas,TX,Calhoun,05000US48057,201.284786,29.882573,12.842919,43.689509,4.182909
Virginia,VA,Poquoson,05000US51735,144.25867,60.104839,35.43047,40.209547,7.849798
West Virginia,WV,Pocahontas,05000US54075,39.237064,6.056817,3.581286,14.180885,1.270033
Texas,TX,Clay,05000US48077,179.609086,28.591849,22.339771,31.617922,4.776848
Virginia,VA,James City,05000US51095,287.265819,97.339151,122.401006,139.98004,27.597675
Nebraska,NE,Keith,05000US31101,86.46461,28.42432,11.793882,52.622518,3.325279
Nebraska,NE,Phelps,05000US31137,144.331512,55.478617,11.425942,47.341069,6.514304
Louisiana,LA,Calcasieu,05000US22019,1845.564297,248.527199,317.508299,411.565824,77.445258
Louisiana,LA,Union,05000US22111,316.074107,24.233164,38.149151,42.420121,11.546502
Oklahoma,OK,Sequoyah,05000US40135,319.253352,57.580487,20.075824,68.575147,9.809727
Alabama,AL,DeKalb,05000US01049,597.074586,139.083236,53.715571,82.24377,10.614481
New York,NY,Steuben,05000US36101,519.636774,124.884913,127.248579,335.150746,15.51576
Pennsylvania,PA,Forest,05000US42053,39.169649,4.047259,3.502655,13.929908,0.674482
Louisiana,LA,Tangipahoa,05000US22105,874.913483,61.325532,159.718779,189.216169,43.842795
Virginia,VA,Stafford,05000US51179,1184.802366,488.460754,362.499161,386.693452,56.976521
Michigan,MI,Menominee,05000US26109,112.452076,30.168087,15.187087,47.104369,3.017629
Indiana,IN,Jasper,05000US18073,309.095589,133.273651,35.826703,107.688769,5.926301
Georgia,GA,Brantley,05000US13025,105.175584,85.68913,11.251306,16.509807,1.388896
Georgia,GA,Lamar,05000US13171,147.434493,16.738337,20.79175,31.030768,2.660637
Indiana,IN,Steuben,05000US18151,257.998436,27.03354,32.851015,80.858767,8.062255
Texas,TX,Orange,05000US48361,1276.688544,128.495041,179.905333,178.294739,19.146275
Ohio,OH,Fayette,05000US39047,304.962759,45.660272,41.720351,58.169994,6.27868
Massachusetts,MA,Hampshire,05000US25015,406.33252,102.651065,379.953234,575.71135,39.260003
Kentucky,KY,Allen,05000US21003,413.644986,16.732214,24.791725,90.504744,11.441528
North Carolina,NC,Alamance,05000US37001,1408.379024,115.114792,328.276126,326.232126,84.434385
Kansas,KS,Greenwood,05000US20073,85.293325,26.910504,11.044763,27.865593,1.914876
Massachusetts,MA,Suffolk,05000US25025,4600.164918,658.5533034,5048.094894,9799.664387,425.6580122
Idaho,ID,Jefferson,05000US16051,125.597917,20.689893,19.107299,38.404084,5.299242
Texas,TX,Gonzales,05000US48177,260.689551,44.501022,27.806004,81.139326,5.369681
Tennessee,TN,Marion,05000US47115,260.221319,36.631357,22.479655,72.068438,4.843702
Michigan,MI,Alpena,05000US26007,149.930704,9.588618,24.762323,96.388209,3.296998
Kentucky,KY,Wayne,05000US21231,122.677322,6.83912,9.217038,17.689426,1.947384
Tennessee,TN,White,05000US47185,222.124883,14.377059,10.202869,31.975353,6.30556
Texas,TX,Fannin,05000US48147,504.609907,105.428426,67.280485,87.26871,8.632518
Kansas,KS,Doniphan,05000US20043,105.091014,61.638321,13.125197,29.090191,3.302632
Texas,TX,Kerr,05000US48265,351.430838,97.35592,48.148813,101.938201,9.499189
Florida,FL,Hernando,05000US12053,1270.08944,376.811577,383.916681,421.481472,18.601192
Florida,FL,Wakulla,05000US12129,194.299053,37.15148,34.895744,58.155259,5.793748
Florida,FL,Walton,05000US12131,508.44699,31.396368,189.748987,248.373205,9.555662
Mississippi,MS,Chickasaw,05000US28017,212.129579,25.346453,6.99485,40.392039,2.616688
Michigan,MI,Clare,05000US26035,230.370709,58.383858,25.157867,86.460819,5.150415
Kansas,KS,Republic,05000US20157,70.459707,31.078365,14.789471,9.176142,3.154083
Florida,FL,Volusia,05000US12127,3393.511048,985.56622,1098.397215,2228.39161,214.128727
Oklahoma,OK,Canadian,05000US40017,2062.204981,199.10435,356.665321,586.218283,64.464477
Georgia,GA,Floyd,05000US13115,1227.948525,169.868414,155.914762,397.218591,39.435902
Nevada,NV,Churchill,05000US32001,231.795924,16.648521,41.617565,94.550131,4.73883
Nebraska,NE,Webster,05000US31181,67.163961,25.711736,4.116809,12.930751,3.767347
Illinois,IL,Hancock,05000US17067,196.209431,112.760247,24.429681,46.168837,7.138603
South Dakota,SD,Hutchinson,05000US46067,46.027465,25.202594,8.478499,13.385772,2.299505
Oregon,OR,Crook,05000US41013,126.594075,15.198105,36.56706,74.841612,3.755011
Vermont,VT,Franklin,05000US50011,143.565121,123.196258,108.005247,120.003431,7.639818
Michigan,MI,Marquette,05000US26103,359.328211,30.088499,136.275142,245.837602,59.339971
Connecticut,CT,Middlesex,05000US09007,765.109689,70.902026,435.818343,686.722537,74.942152
North Carolina,NC,Davidson,05000US37057,1430.730714,91.231233,272.452737,305.152353,50.280755
Illinois,IL,Clay,05000US17025,136.435439,74.46197,18.25953,39.449449,4.521312
Missouri,MO,Knox,05000US29103,26.80663,25.478012,2.806889,7.37727,0.303215
Missouri,MO,Livingston,05000US29117,173.547315,69.972488,11.1194,72.172072,7.612939
Pennsylvania,PA,Tioga,05000US42117,167.221201,28.157654,18.900584,40.114888,2.36618
Nebraska,NE,Dakota,05000US31043,95.284814,16.545134,26.82763,40.756499,5.400124
Michigan,MI,Leelanau,05000US26089,98.459705,13.424194,54.042519,48.23086,5.123095
Virginia,VA,Surry,05000US51181,42.796565,28.22541,5.951933,8.479023,1.423524
Texas,TX,Refugio,05000US48391,90.571266,26.603729,3.250211,24.80173,2.502348
Ohio,OH,Butler,05000US39017,3667.55516,451.299683,792.309727,1543.441504,246.916066
Georgia,GA,Terrell,05000US13273,166.80239,29.790822,22.813693,27.237635,2.186731
Georgia,GA,Clayton,05000US13063,1607.285505,90.117218,267.530741,980.491339,50.472852
Wyoming,WY,Fremont,05000US56013,141.982388,15.253711,41.268602,76.949825,5.297039
Indiana,IN,Ohio,05000US18115,74.292217,8.098493,10.884948,16.103335,1.951913
Georgia,GA,Columbia,05000US13073,1030.367621,97.321372,227.02888,239.148408,42.36983
Colorado,CO,Sedgwick,05000US08115,39.06659,5.706585,17.858083,7.095019,1.213051
Montana,MT,Musselshell,05000US30065,34.588442,2.658991,5.715709,9.793155,0.415514
Pennsylvania,PA,Dauphin,05000US42043,1452.164605,335.83123,500.331449,1085.635722,52.245485
South Dakota,SD,Moody,05000US46101,34.450925,14.509755,10.490038,17.746367,4.067592
West Virginia,WV,Putnam,05000US54079,653.20161,56.105134,123.820159,135.45341,37.515217
Kansas,KS,Decatur,05000US20039,39.599471,19.319023,3.580028,8.570784,1.109688
Indiana,IN,Perry,05000US18123,198.386675,54.150095,25.73341,64.550522,3.0904
Mississippi,MS,Union,05000US28145,469.437499,47.385705,33.397365,54.737252,7.215315
Nebraska,NE,Boyd,05000US31015,6.926211,3.473854,0.818736,1.966788,0.63088
Minnesota,MN,Mille Lacs,05000US27095,133.112856,107.662708,41.045964,77.52189,5.348904
North Dakota,ND,Walsh,05000US38099,85.182604,11.861467,70.064113,50.784785,10.482506
Ohio,OH,Morgan,05000US39115,66.427066,10.238796,7.234368,25.298031,1.986043
Ohio,OH,Portage,05000US39133,1033.229348,218.116986,311.457168,512.45697,64.742546
Wyoming,WY,Uinta,05000US56041,85.776677,11.870724,6.151544,46.686356,2.406326
Nevada,NV,Humboldt,05000US32013,78.542154,3.801028,14.451169,40.289218,3.402164
Texas,TX,Jim Hogg,05000US48247,72.853828,22.560088,2.515227,31.463471,2.227721
Colorado,CO,Cheyenne,05000US08017,16.846401,2.331733,1.183401,5.053706,0.993678
Oregon,OR,Clackamas,05000US41005,2805.645596,301.970191,1037.46544,2304.89537,167.064803
Arkansas,AR,Polk,05000US05113,117.049219,40.740113,5.262903,34.832685,3.250064
Georgia,GA,Macon,05000US13193,90.665869,21.567611,6.770123,20.3434,1.196762
Indiana,IN,Benton,05000US18007,95.001064,28.757762,17.955962,23.434852,2.929137
Tennessee,TN,Morgan,05000US47129,164.430512,31.757642,14.463308,21.479187,2.455219
South Dakota,SD,Douglas,05000US46043,14.871362,9.961408,1.425649,3.957472,0.644187
Maryland,MD,Worcester,05000US24047,390.267858,206.265892,116.335482,276.211827,19.449551
Illinois,IL,Wabash,05000US17185,155.272823,78.467162,22.850008,51.486136,3.590091
Indiana,IN,Huntington,05000US18069,346.705829,75.360262,54.858923,79.381895,8.840103
Kentucky,KY,Scott,05000US21209,767.82283,25.385619,151.306998,277.79012,31.59479
Iowa,IA,Decatur,05000US19053,49.477339,51.949441,6.883791,19.700153,1.807726
Indiana,IN,Wabash,05000US18169,333.608228,42.270728,33.020979,73.375649,6.582275
Indiana,IN,Allen,05000US18003,4102.595065,257.139317,866.150413,1644.965966,195.438087
Indiana,IN,Marshall,05000US18099,342.659536,78.953526,45.402629,150.460657,9.225856
Nebraska,NE,Thomas,05000US31171,11.992373,3.464214,0.938993,4.046492,1.217457
North Dakota,ND,Sioux,05000US38085,8.042621,2.66989,1.541797,3.243617,0.760957
Texas,TX,Dimmit,05000US48127,81.994221,21.982201,3.645952,16.314414,1.059074
Minnesota,MN,Fillmore,05000US27045,79.67612,96.798683,38.121114,43.918772,4.125152
South Carolina,SC,Chester,05000US45023,511.011487,66.272185,32.190826,72.84832,10.772668
Minnesota,MN,Lac qui Parle,05000US27073,53.397443,30.408885,7.402929,15.447933,2.196378
Utah,UT,Cache,05000US49005,1065.590873,56.867195,178.700348,670.494801,141.433517
Wisconsin,WI,Pierce,05000US55093,246.467351,96.894917,105.40059,143.409605,8.717147
Georgia,GA,Charlton,05000US13049,50.299045,33.445856,7.631545,12.102204,1.096013
Georgia,GA,Polk,05000US13233,377.925901,32.915896,48.220902,119.078483,7.002225
Illinois,IL,McLean,05000US17113,1754.52098,452.374314,530.990627,749.153942,161.354014
Maine,ME,Androscoggin,05000US23001,565.658913,158.119486,264.596761,355.308943,50.129235
Idaho,ID,Kootenai,05000US16055,791.67908,99.934732,299.837273,387.776013,45.622762
Nevada,NV,Clark,05000US32003,17592.84517,4120.439122,6017.819896,8295.023889,1256.439688
Kansas,KS,Phillips,05000US20147,81.257483,37.090333,6.769369,23.109596,3.16257
Nebraska,NE,Holt,05000US31089,83.038536,46.765509,10.932992,42.274879,4.06176
Missouri,MO,Johnson,05000US29101,385.801139,93.654824,58.77374,177.452403,9.047814
Wisconsin,WI,La Crosse,05000US55063,679.850051,512.440456,289.8894,623.255562,20.106933
Louisiana,LA,Caldwell,05000US22021,128.675227,11.101309,6.951304,12.479078,3.264221
Kentucky,KY,Edmonson,05000US21061,140.876784,8.732639,10.754835,17.08335,3.467543
Illinois,IL,Bond,05000US17005,177.516524,69.468136,21.224689,39.771739,4.533745
Illinois,IL,Brown,05000US17009,58.631345,37.722664,5.138025,9.202116,1.763954
Minnesota,MN,McLeod,05000US27085,153.537188,80.996949,65.260112,138.763143,6.670382
Wisconsin,WI,Dunn,05000US55033,156.907314,94.254569,50.334911,108.320785,4.070286
Colorado,CO,Custer,05000US08027,12.263448,1.600592,1.939945,5.063633,0.444178
Missouri,MO,Madison,05000US29123,106.265146,35.559399,9.009882,22.89311,1.469217
Texas,TX,Nolan,05000US48353,237.311224,42.161605,14.898759,51.784184,3.519186
Pennsylvania,PA,Wayne,05000US42127,222.36396,61.541144,55.926773,105.535783,10.493393
New York,NY,Saratoga,05000US36091,810.466502,504.751832,332.682588,511.234513,56.345924
Texas,TX,Brazos,05000US48041,2542.681348,210.056546,469.978583,1062.897617,236.470088
Oklahoma,OK,Marshall,05000US40095,206.126782,18.550347,13.709845,44.991279,3.050996
Maryland,MD,Allegany,05000US24001,473.175492,42.432066,75.779691,213.453904,6.840159
West Virginia,WV,Wetzel,05000US54103,150.275148,19.424724,26.577727,39.446803,2.518837
Wisconsin,WI,Jackson,05000US55053,81.214956,79.113093,17.706014,37.520938,1.845333
Oregon,OR,Clatsop,05000US41007,341.128271,28.842912,76.406093,215.501347,7.325609
Washington,WA,Lewis,05000US53041,452.012461,38.731611,97.531612,226.860655,13.321485
New York,NY,Allegany,05000US36003,160.939259,64.873262,44.231957,68.057748,4.001027
Iowa,IA,Cedar,05000US19031,147.137143,96.834052,30.69823,71.632464,15.71026
Indiana,IN,Orange,05000US18117,283.156081,53.8073,9.518777,44.326329,4.195421
Georgia,GA,DeKalb,05000US13089,3905.099531,166.1427998,1471.151084,3715.525366,255.296354
Georgia,GA,Pickens,05000US13227,331.293821,11.542564,53.407161,108.641694,8.886723
Montana,MT,Chouteau,05000US30015,18.947435,4.740616,4.576916,9.831943,0.850193
Nebraska,NE,Brown,05000US31017,11.635441,6.156893,4.352497,3.106455,0.678363
Tennessee,TN,Campbell,05000US47013,368.063501,46.891687,42.17771,82.014857,5.924084
North Carolina,NC,Franklin,05000US37069,451.393638,40.726847,90.274492,132.0253,11.794623
Maryland,MD,Baltimore City,05000US24510,4300.435448,1523.496426,1277.676613,5163.33839,229.045159
Kansas,KS,Lyon,05000US20111,287.152003,86.846639,41.426678,81.070957,9.768887
Iowa,IA,Carroll,05000US19027,167.702208,105.07399,54.272749,108.061389,66.654099
Louisiana,LA,Tensas,05000US22107,52.533319,9.010037,4.727798,13.239011,2.832512
Tennessee,TN,Monroe,05000US47123,221.310383,28.594309,23.896608,40.626969,4.635862
Kansas,KS,Hamilton,05000US20075,19.373708,5.718983,0.516141,3.363777,0.884692
Iowa,IA,Pocahontas,05000US19151,49.830463,66.483235,10.68221,14.365906,2.551685
Idaho,ID,Gem,05000US16045,116.513383,13.215564,21.609646,41.50652,4.421382
Arkansas,AR,Independence,05000US05063,420.363091,51.841102,26.005661,107.033967,8.245898
Arkansas,AR,Lonoke,05000US05085,1096.869497,100.400885,109.006516,234.99637,22.843549
Indiana,IN,Newton,05000US18111,103.935875,38.555202,11.864274,22.31336,1.56304
Georgia,GA,Franklin,05000US13119,300.560588,17.945148,37.236429,54.128269,6.026135
Florida,FL,Hendry,05000US12051,153.575351,24.982619,24.386113,78.378542,2.922229
Georgia,GA,Taliaferro,05000US13265,13.632075,0.848685,2.200066,2.394019,0.234974
Texas,TX,Jefferson,05000US48245,2620.569273,339.310559,478.8888584,619.869962,54.844715
Montana,MT,Meagher,05000US30059,10.410419,0.489105,2.227521,5.094352,0.602159
Colorado,CO,La Plata,05000US08067,162.784018,21.207176,132.51501,106.09237,4.152575
Texas,TX,Bell,05000US48027,2643.511646,358.052115,453.65315,802.238599,81.9961574
Mississippi,MS,Kemper,05000US28069,47.527023,4.197119,5.18253,8.644998,1.035149
Arkansas,AR,Clark,05000US05019,272.622641,9.47866,24.00193,41.555105,22.029516
Oregon,OR,Klamath,05000US41035,499.799013,73.996282,131.940192,172.273526,6.800917
New York,NY,Oswego,05000US36075,523.161019,105.755504,128.928656,271.326218,25.512586
Alabama,AL,Cherokee,05000US01019,273.37332,31.879538,34.542861,53.923185,5.442514
Texas,TX,Bandera,05000US48019,196.295505,32.778101,30.986705,36.302067,5.914182
Montana,MT,Rosebud,05000US30087,46.023725,5.145999,7.121856,23.504906,1.303402
New Mexico,NM,Union,05000US35059,19.760116,4.231613,1.103211,4.648466,0.613333
Michigan,MI,Schoolcraft,05000US26153,17.875539,3.427275,4.758399,19.111765,0.680498
New York,NY,Ulster,05000US36111,580.738962,326.352833,354.944938,490.855473,26.68718
Illinois,IL,Jersey,05000US17083,282.706375,100.175904,46.62077,89.554855,9.860719
Virginia,VA,Hanover,05000US51085,1116.675639,304.999315,342.507202,242.089317,90.468963
Kansas,KS,Wallace,05000US20199,16.850879,5.702637,1.485119,3.149746,0.722084
Michigan,MI,Alger,05000US26003,34.32278,5.358471,12.121126,15.899303,2.074175
Arkansas,AR,Fulton,05000US05049,55.000626,11.478313,2.561637,11.245379,0.987857
Texas,TX,Hidalgo,05000US48215,4271.370201,778.735865,651.388136,1171.902061,193.098996
North Carolina,NC,Robeson,05000US37155,834.986874,113.194389,89.141514,158.962948,13.015841
Michigan,MI,Newaygo,05000US26123,272.971518,97.843707,34.153244,88.467639,5.57922
Oregon,OR,Morrow,05000US41049,33.489678,16.203311,6.004022,23.321113,1.2171
Minnesota,MN,Todd,05000US27153,112.873375,61.855789,22.450062,50.060811,4.370451
Arkansas,AR,Logan,05000US05083,153.54732,63.329446,10.902736,56.74436,5.081879
North Carolina,NC,Lincoln,05000US37109,999.151028,120.650876,253.923773,210.089365,38.234495
Arkansas,AR,Miller,05000US05091,534.780226,21.059789,67.069692,110.492041,8.456247
Florida,FL,Orange,05000US12095,7141.945258,2795.268142,2242.25018,3393.222865,647.032318
Colorado,CO,San Juan,05000US08111,16.887353,4.343156,4.377461,8.341554,0.287265
Idaho,ID,Franklin,05000US16041,52.934073,10.647081,7.091132,17.592558,2.772921
Georgia,GA,Carroll,05000US13045,1021.701822,65.430242,147.647279,365.538656,27.108445
Kansas,KS,Riley,05000US20161,452.499283,52.220085,309.877986,164.349711,61.314177
Texas,TX,Schleicher,05000US48413,17.021829,4.036403,2.207846,6.374092,0.353662
Virginia,VA,Russell,05000US51167,274.773359,12.740364,17.340378,28.061409,4.837273
North Carolina,NC,Caldwell,05000US37027,723.40581,49.189853,90.397197,198.31423,17.972396
Idaho,ID,Madison,05000US16065,330.76293,32.446693,38.919277,104.60064,7.460104
Indiana,IN,Warrick,05000US18173,592.001057,176.800368,134.739029,115.769509,18.757104
Kentucky,KY,Adair,05000US21001,218.383449,13.247416,20.601811,17.720617,5.402359
Kentucky,KY,Gallatin,05000US21077,66.574192,4.351538,5.438251,15.25972,2.231863
Kentucky,KY,Harrison,05000US21097,197.153816,12.280084,13.128046,51.000028,5.233407
Maine,ME,Sagadahoc,05000US23023,131.751041,44.42127,55.015924,74.567946,4.576295
Montana,MT,Sweet Grass,05000US30097,10.424864,0.34014,2.701719,6.929672,0.267052
Texas,TX,Grayson,05000US48181,1362.02956,127.785192,208.725151,374.070153,26.708124
Pennsylvania,PA,Greene,05000US42059,213.013547,47.228134,37.808098,80.650907,9.626257
Kansas,KS,Ellis,05000US20051,266.792613,95.471109,42.073455,94.484046,5.432197
Alabama,AL,Hale,05000US01065,236.9953,38.620591,44.687992,48.269318,6.433991
Alabama,AL,Perry,05000US01105,92.718583,11.589699,7.46129,11.763338,1.658198
Alabama,AL,Colbert,05000US01033,671.979027,131.549879,62.475314,145.514466,12.636141
Kansas,KS,Pratt,05000US20151,118.10089,44.526608,13.939011,48.732546,2.358425
Kentucky,KY,Bourbon,05000US21017,287.807342,19.481521,24.051177,63.813951,12.571585
Tennessee,TN,Rutherford,05000US47149,2760.568239,278.573958,651.043892,901.165857,190.691281
Georgia,GA,Cook,05000US13075,237.705148,45.251176,15.453098,37.605466,2.056814
Kansas,KS,Lane,05000US20101,21.122456,16.357672,0.986045,5.881188,1.102585
Oklahoma,OK,Harper,05000US40059,56.378382,15.955675,5.767921,14.30981,1.009784
Illinois,IL,Piatt,05000US17147,200.426682,77.745672,25.834635,72.827833,10.534453
Texas,TX,Crosby,05000US48107,83.798676,13.63618,11.129801,19.683177,3.381004
Alabama,AL,Greene,05000US01063,50.835214,10.026671,5.436868,10.532291,2.543023
Idaho,ID,Clark,05000US16033,5.275457,0.395972,0.96988,2.113696,0.092545
Iowa,IA,Kossuth,05000US19109,113.941418,86.92247,43.337138,57.399234,5.74923
North Dakota,ND,Burke,05000US38013,12.853539,1.152088,2.925889,4.126922,0.420118
North Carolina,NC,Durham,05000US37063,1293.793373,197.381656,587.294447,1010.370846,186.811713
Iowa,IA,Harrison,05000US19085,182.504476,98.31818,33.899663,55.994026,9.620849
Nebraska,NE,Keya Paha,05000US31103,10.002765,7.194235,1.701635,3.198145,0.23612
Iowa,IA,Webster,05000US19187,264.073835,204.392877,48.181435,156.974202,10.862673
Illinois,IL,Pope,05000US17151,78.419594,12.799354,5.324364,14.399039,1.654826
Tennessee,TN,Smith,05000US47159,317.796238,16.390995,26.944439,43.235036,8.856106
Virginia,VA,Henry,05000US51089,544.069953,56.690111,76.879388,93.776013,8.802277
Virginia,VA,Alexandria,05000US51510,798.545386,198.218885,497.501349,936.154625,38.673303
Iowa,IA,Jefferson,05000US19101,73.407015,36.746258,11.338698,66.171929,3.351161
Montana,MT,Lewis and Clark,05000US30049,353.019392,25.638837,143.875371,278.650014,11.655566
Utah,UT,Duchesne,05000US49013,83.831024,3.494845,6.105993,27.491714,2.362003
Oklahoma,OK,Alfalfa,05000US40003,135.620469,22.195015,7.052723,20.052341,3.834281
Texas,TX,Delta,05000US48119,121.346525,10.347134,11.827134,12.954143,1.988915
Tennessee,TN,Trousdale,05000US47169,62.712312,7.231361,6.991295,7.965672,2.567916
Kentucky,KY,Perry,05000US21193,194.428956,35.739172,22.934513,46.459784,4.089122
South Dakota,SD,Deuel,05000US46039,32.721692,7.442458,11.564445,24.230972,2.27753
Oregon,OR,Jackson,05000US41029,1072.730378,172.059441,395.267684,735.557306,20.238225
Texas,TX,Zavala,05000US48507,98.017308,25.202048,8.809929,23.125314,2.095909
Nebraska,NE,Banner,05000US31007,26.79048,4.820188,1.732182,7.881269,1.017781
Iowa,IA,Madison,05000US19121,84.736762,70.463186,57.144647,56.905947,5.02094
Florida,FL,Broward,05000US12011,10542.20764,1640.761751,5746.694044,8037.649794,676.577431
Georgia,GA,Toombs,05000US13279,288.749404,71.133275,55.211983,57.641407,3.876705
Michigan,MI,Sanilac,05000US26151,300.582088,40.284878,36.740477,65.796772,12.482741
Texas,TX,Rockwall,05000US48397,872.985057,84.655766,321.498293,261.792747,73.759714
Michigan,MI,Wayne,05000US26163,14313.71495,1496.25685,4212.148895,10225.30825,794.9843588
Minnesota,MN,Nobles,05000US27105,106.404247,55.480509,35.789634,83.238334,8.228073
Minnesota,MN,Aitkin,05000US27001,98.575843,18.931908,19.584535,34.728474,3.856728
North Dakota,ND,Ramsey,05000US38071,62.856726,18.638836,21.922767,23.983389,3.977351
North Carolina,NC,Person,05000US37145,257.846575,37.696908,26.186759,60.902623,8.964412
Kansas,KS,Trego,05000US20195,34.179373,18.1298,1.625629,5.728852,0.473908
Mississippi,MS,Washington,05000US28151,548.176086,252.613691,27.319171,180.432685,10.7638978
Texas,TX,Eastland,05000US48133,184.475821,39.955486,14.035675,34.718277,3.484634
Mississippi,MS,Issaquena,05000US28055,22.502773,10.571153,1.164803,4.44619,0.494899
Texas,TX,DeWitt,05000US48123,209.499863,33.13051,11.545625,29.053658,3.220132
Texas,TX,Angelina,05000US48005,872.096663,61.11059,111.861704,159.483827,10.468744
South Carolina,SC,Saluda,05000US45081,162.107978,40.960452,15.880629,20.066184,4.44544
Missouri,MO,Maries,05000US29125,83.327791,33.848487,8.418744,21.193971,1.539299
Arkansas,AR,Arkansas,05000US05001,318.746556,18.389248,49.548417,66.038265,7.267884
Missouri,MO,Lawrence,05000US29109,276.521313,93.798503,22.407908,78.531344,8.718091
Virginia,VA,Charlottesville,05000US51540,231.222125,22.029388,135.917559,163.732899,36.154685
Illinois,IL,Bureau,05000US17011,249.268425,120.27326,50.348038,127.985823,8.171174
Ohio,OH,Scioto,05000US39145,841.357316,62.264805,118.459156,183.27414,19.497294
North Carolina,NC,Madison,05000US37115,132.602785,15.543582,20.276278,24.507734,2.940301
Idaho,ID,Jerome,05000US16053,125.095133,14.400178,12.126235,61.197731,1.937015
Ohio,OH,Vinton,05000US39163,64.33028,16.096925,5.972854,13.840784,2.12214
Texas,TX,McLennan,05000US48309,2348.954644,248.371964,413.637021,600.433937,139.921479
Idaho,ID,Custer,05000US16037,8.562184,2.012051,2.516356,3.468659,0.470026
Iowa,IA,Howard,05000US19089,41.829821,52.592713,19.133692,35.075183,2.604449
Florida,FL,Palm Beach,05000US12099,7686.433771,1404.191153,4627.603527,5701.928343,449.105211
Georgia,GA,Lincoln,05000US13181,74.303625,9.303388,8.015057,9.307232,2.197322
Alabama,AL,Butler,05000US01013,256.585387,23.655463,12.084708,46.775759,4.314699
Tennessee,TN,Sumner,05000US47165,2724.550658,243.284831,686.00367,670.177106,315.462133
Virginia,VA,King and Queen,05000US51097,45.267557,17.575117,6.47751,7.741178,2.136987
Arkansas,AR,Carroll,05000US05015,100.151606,36.050236,11.960019,25.807584,2.614208
Virginia,VA,Waynesboro,05000US51820,161.345055,22.102553,31.490579,44.619331,4.245481
Oregon,OR,Multnomah,05000US41051,3703.013482,590.427579,1937.785971,4705.614953,373.406661
Tennessee,TN,Grundy,05000US47061,112.967386,17.954165,11.454511,18.561791,2.02243
Minnesota,MN,Hubbard,05000US27057,122.801718,29.235771,21.756382,60.558253,7.080308
North Dakota,ND,Sargent,05000US38081,19.126734,22.036138,4.437707,7.191952,2.504732
New York,NY,St. Lawrence,05000US36089,317.735297,61.111705,55.548726,140.286032,7.0347642
Missouri,MO,Reynolds,05000US29179,33.554374,10.375034,2.212635,5.173282,1.091148
California,CA,Sacramento,05000US06067,11826.36106,1241.837161,4575.023621,9564.433173,1446.931332
Ohio,OH,Paulding,05000US39125,159.989072,23.065169,15.435114,41.229313,3.748493
Indiana,IN,Wells,05000US18179,309.213013,18.684105,34.308747,101.68396,7.775191
Virginia,VA,Floyd,05000US51063,78.849174,9.697884,8.998439,15.239895,3.961758
California,CA,Santa Barbara,05000US06083,1912.356943,266.098057,1016.197536,1618.676943,116.908127
West Virginia,WV,Boone,05000US54005,171.894213,26.19291,16.604495,28.169231,4.289936
Mississippi,MS,Benton,05000US28009,88.039717,10.332919,8.942783,9.527132,1.131856
Kentucky,KY,Crittenden,05000US21055,135.569415,20.778604,4.18702,43.18824,3.367202
Iowa,IA,Palo Alto,05000US19147,99.541973,88.112816,16.612225,68.876691,4.647008
Iowa,IA,Ringgold,05000US19159,32.887728,26.715657,5.323712,9.600748,1.642322
North Carolina,NC,Randolph,05000US37151,1020.714974,67.184992,167.58708,232.167067,29.205763
Maryland,MD,Cecil,05000US24015,569.032872,390.873634,134.49192,225.46562,34.704878
Indiana,IN,Warren,05000US18171,67.267123,17.091426,10.55506,27.765158,3.255345
Nebraska,NE,Greeley,05000US31077,18.628477,10.688788,4.784403,4.906423,2.265007
Nebraska,NE,Jefferson,05000US31095,80.661742,41.373925,20.128863,39.703256,4.088498
Nebraska,NE,Saline,05000US31151,120.099671,59.945984,14.31407,45.748983,6.933574
Kentucky,KY,Knott,05000US21119,115.376838,50.305236,21.978957,18.529573,3.112452
Iowa,IA,Clinton,05000US19045,287.574544,233.188892,57.279889,156.375047,21.296953
Minnesota,MN,Jackson,05000US27063,68.965888,42.970556,12.396597,51.15422,5.064876
Minnesota,MN,Dodge,05000US27039,108.103316,118.584573,55.396795,74.776089,5.601706
Minnesota,MN,Freeborn,05000US27047,237.105104,174.092185,83.907817,156.429286,21.2856
California,CA,Calaveras,05000US06009,258.177531,20.552453,60.913866,107.775019,10.980648
Massachusetts,MA,Barnstable,05000US25001,740.728048,150.987138,717.446495,1025.174003,32.90495
Virginia,VA,Middlesex,05000US51119,88.000034,39.289094,15.58777,16.809275,2.98863
Pennsylvania,PA,Jefferson,05000US42065,208.333486,33.245272,82.855487,114.135084,4.940651
Indiana,IN,Lake,05000US18089,3722.261888,565.318933,780.403595,2010.609874,96.227882
Tennessee,TN,Bedford,05000US47003,533.533425,58.494167,63.491497,98.344707,12.943045
Tennessee,TN,Clay,05000US47027,55.426336,5.235845,2.602895,5.879606,2.230357
Illinois,IL,Coles,05000US17029,435.317191,92.99262,86.906557,171.008415,33.235528
Tennessee,TN,Lauderdale,05000US47097,338.822828,70.559427,21.984543,84.871356,5.349153
Oregon,OR,Baker,05000US41001,96.710834,15.200549,13.756225,54.408111,1.277237
New York,NY,Schuyler,05000US36097,59.81896,26.559378,14.289964,50.204601,5.457467
Michigan,MI,Van Buren,05000US26159,403.679556,30.389822,64.960249,143.953017,12.764801
Illinois,IL,Mercer,05000US17131,168.723048,51.42938,14.186553,54.613293,5.361508
Kentucky,KY,Lawrence,05000US21127,114.972232,9.152187,4.125063,16.678353,2.107946
Kentucky,KY,Morgan,05000US21175,96.440438,21.898257,9.878349,15.635679,2.608749
Kentucky,KY,Muhlenberg,05000US21177,376.613498,58.104865,17.533803,80.995855,6.693039
Illinois,IL,Effingham,05000US17049,248.82078,66.659961,47.039048,77.958043,26.879517
Tennessee,TN,Loudon,05000US47105,498.588416,43.237116,90.314333,111.712689,15.34168
South Dakota,SD,Clark,05000US46025,10.932231,3.240718,1.615515,3.605028,0.333583
Florida,FL,Gilchrist,05000US12041,169.086997,76.997222,21.698698,59.772401,7.556487
Indiana,IN,Tippecanoe,05000US18157,1449.301984,151.925106,339.994337,824.972025,89.409193
Pennsylvania,PA,Snyder,05000US42109,140.665917,22.910428,43.373871,49.096981,6.026946
Texas,TX,Lamar,05000US48277,521.154734,53.461465,71.524322,95.936945,9.986627
Florida,FL,Miami-Dade,05000US12086,14460.97209,1391.195959,8191.183424,11153.26159,1339.055648
Nebraska,NE,Dundy,05000US31057,12.528975,13.939875,1.466708,3.038895,0.667347
Texas,TX,Leon,05000US48289,117.753881,9.039157,14.985397,16.478817,2.563353
Colorado,CO,Pitkin,05000US08097,37.211423,6.435641,69.245539,104.657248,3.825438
North Dakota,ND,Grand Forks,05000US38035,389.10308,91.214939,184.164403,289.139572,48.874377
Indiana,IN,LaPorte,05000US18091,779.242892,250.256443,140.996419,275.885633,17.912757
Indiana,IN,Hamilton,05000US18057,1980.064654,206.354218,806.037021,670.583471,138.063402
Virginia,VA,Emporia,05000US51595,46.327305,22.489282,2.600191,8.53642,0.748083
Oklahoma,OK,Lincoln,05000US40081,342.642996,76.543814,26.443314,78.25524,8.765178
Kansas,KS,Greeley,05000US20071,23.770278,6.771475,1.784616,6.751392,1.361138
Georgia,GA,Harris,05000US13145,325.550068,44.561574,64.825274,76.134482,12.064022
Georgia,GA,Screven,05000US13251,154.235683,35.038262,13.647336,23.551076,2.940833
Texas,TX,Stonewall,05000US48433,17.769159,13.210815,1.162349,3.061132,0.88485
Ohio,OH,Henry,05000US39069,360.099063,37.056931,54.272601,99.949894,12.008734
New Hampshire,NH,Grafton,05000US33009,194.981536,84.679737,126.848872,189.480484,25.272751
Missouri,MO,Newton,05000US29145,556.421663,107.050002,46.156701,132.143256,15.399672
Indiana,IN,Posey,05000US18129,329.362733,78.311933,60.647991,76.77185,9.91633
Texas,TX,McMullen,05000US48311,91.21684,18.287364,10.63076,16.019575,4.000816
Illinois,IL,Cumberland,05000US17035,110.94177,50.326993,12.452246,24.261008,4.411962
Georgia,GA,Walton,05000US13297,1103.46261,53.846264,224.923616,289.555469,32.334223
Minnesota,MN,Pope,05000US27121,80.530645,39.942519,23.099559,32.975121,5.992149
Virginia,VA,Rappahannock,05000US51157,48.534802,20.114178,13.479776,22.075581,1.276936
Virginia,VA,Amherst,05000US51009,368.026842,25.233468,61.221003,62.750702,14.27053
California,CA,Ventura,05000US06111,6520.097335,435.222716,3038.93744,5100.027103,442.639428
Illinois,IL,Crawford,05000US17033,209.160427,98.009197,44.081584,61.04484,3.681482
Colorado,CO,Park,05000US08093,98.277104,11.27574,31.016275,72.675288,5.7938
California,CA,Los Angeles,05000US06037,87341.13394,8478.760614,38332.15015,53992.15608,6643.868383
Arizona,AZ,Yuma,05000US04027,1173.130949,273.34488,254.8754498,455.541161,33.3520296
Georgia,GA,Gordon,05000US13129,527.850311,54.684277,90.76772,98.424979,11.308093
Iowa,IA,Calhoun,05000US19025,97.23186,79.367108,16.517488,22.129536,7.90428
Florida,FL,Highlands,05000US12055,635.992548,98.047032,108.596056,238.367607,10.800205
Virginia,VA,Covington,05000US51580,65.063761,5.195627,9.337781,15.8112,0.561141
Vermont,VT,Orange,05000US50017,74.944348,45.59713,47.557008,55.882476,6.273614
Kansas,KS,McPherson,05000US20113,292.41169,99.192255,39.168129,107.155995,7.610221
Arizona,AZ,Pinal,05000US04021,2688.417963,555.275268,677.68522,964.51729,93.44161
Ohio,OH,Fulton,05000US39051,311.373238,40.674983,61.249314,145.412532,17.402687
Colorado,CO,Alamosa,05000US08003,100.771053,20.41741,14.032938,60.213381,3.581299
Florida,FL,Citrus,05000US12017,701.470022,146.864895,137.34876,334.224586,12.998096
Tennessee,TN,DeKalb,05000US47041,173.519452,22.826387,8.946097,29.315054,4.691102
Pennsylvania,PA,Clarion,05000US42031,175.019085,25.30765,23.310336,66.268481,4.18419
South Dakota,SD,Miner,05000US46097,12.262165,3.73345,2.223122,6.16445,0.907009
South Dakota,SD,Jerauld,05000US46073,12.268912,2.142671,1.429782,1.969247,0.558192
Indiana,IN,Decatur,05000US18031,204.693288,19.465556,24.652548,65.438718,4.751127
Indiana,IN,Dubois,05000US18037,213.114131,53.532602,39.743262,60.172406,6.067488
Virginia,VA,Essex,05000US51057,81.704866,19.934816,8.859009,12.746094,2.308153
South Carolina,SC,Williamsburg,05000US45089,395.344219,55.383386,20.174242,64.508221,4.816816
New York,NY,Essex,05000US36031,110.60515,97.893645,41.7061,77.691555,4.8805684
Iowa,IA,Worth,05000US19195,75.447521,58.838331,10.770759,26.242599,8.626046
Oklahoma,OK,Hughes,05000US40063,193.730222,29.391112,9.082273,29.704878,3.07859
Virginia,VA,Buchanan,05000US51027,136.397955,30.510961,8.122527,11.170155,2.529957
Virginia,VA,Alleghany,05000US51005,152.074708,17.896434,18.007648,33.644484,2.437798
Mississippi,MS,Lowndes,05000US28087,639.416126,59.483706,112.432639,94.707623,19.0068
Indiana,IN,Scott,05000US18143,248.455329,70.72392,22.50081,51.750798,6.270267
Colorado,CO,Prowers,05000US08099,135.053478,12.988957,8.301457,84.275444,2.77633
Texas,TX,Sutton,05000US48435,40.676539,7.722319,2.797448,17.75357,1.150521
Oklahoma,OK,Muskogee,05000US40101,621.75294,62.598903,98.678813,137.406778,10.8008
Missouri,MO,Christian,05000US29043,972.306888,196.417133,183.093325,234.021644,55.614548
Mississippi,MS,Lamar,05000US28073,477.543752,44.116511,77.343224,85.824222,32.30561
Indiana,IN,Ripley,05000US18137,208.2517,32.145303,21.923226,46.233467,5.584468
North Dakota,ND,Mercer,05000US38057,61.403259,5.810774,14.488601,30.779032,12.17447
Georgia,GA,Hart,05000US13147,266.276529,26.611649,29.777387,39.777311,4.951963
Louisiana,LA,Jackson,05000US22049,214.803952,21.109209,25.575786,26.162186,8.608729
Virginia,VA,Northumberland,05000US51133,47.003174,12.880208,5.666147,10.99635,1.842879
Texas,TX,Fort Bend,05000US48157,2779.764867,160.69016,1013.264437,850.101566,123.8734086
Wisconsin,WI,Green Lake,05000US55047,85.299828,73.74146,17.082259,56.222064,3.100835
Montana,MT,Pondera,05000US30073,15.681229,2.828111,2.3675,14.422756,0.468035
Wisconsin,WI,Walworth,05000US55127,614.342286,185.544374,206.58468,445.504425,53.933907
Nevada,NV,Mineral,05000US32021,19.865665,1.078443,4.105553,13.407219,0.441194
Illinois,IL,Fulton,05000US17057,439.485587,213.944257,68.189163,132.936524,14.84676
New York,NY,Suffolk,05000US36103,11186.27918,3410.137604,7010.902806,8889.875651,816.480624
Indiana,IN,Union,05000US18161,61.82914,5.506135,7.629015,15.564879,2.859585
Missouri,MO,McDonald,05000US29119,166.333942,27.15474,8.899196,19.708607,4.111636
Nebraska,NE,Scotts Bluff,05000US31157,332.994573,55.432307,46.926724,184.551843,11.613252
New Mexico,NM,San Miguel,05000US35047,132.156028,29.926059,15.307227,73.904274,2.696942
Alabama,AL,Lee,05000US01081,1690.714952,195.386977,266.401528,609.812732,212.627717
Texas,TX,Parker,05000US48367,1524.325916,135.372613,212.841885,363.820867,53.306437
North Dakota,ND,Dickey,05000US38021,39.747513,23.295499,10.889275,11.359375,2.229435
North Dakota,ND,Barnes,05000US38003,62.148044,18.978162,16.110706,38.709952,6.009207
Minnesota,MN,Sibley,05000US27143,71.031941,43.756346,15.905045,40.284195,3.096793
Georgia,GA,Upson,05000US13293,335.772441,55.54314,36.381732,74.74607,5.823268
California,CA,Sonoma,05000US06097,1844.596595,234.687784,1043.857582,2343.835225,112.505054
Michigan,MI,Chippewa,05000US26033,106.8866746,16.8521678,44.6628298,68.9057134,32.413608
Idaho,ID,Bonneville,05000US16019,685.36991,79.430414,163.402888,311.976081,36.500995
Georgia,GA,Barrow,05000US13013,1005.161973,61.728462,230.642748,257.965896,38.829112
Georgia,GA,Long,05000US13183,72.716563,18.833415,8.879173,9.459205,0.85128
Texas,TX,Kinney,05000US48271,25.274549,5.416908,1.37641,7.033739,0.345256
Oklahoma,OK,Ottawa,05000US40115,266.198862,42.065105,30.219262,53.296011,5.603301
Pennsylvania,PA,Clearfield,05000US42033,277.822175,55.097332,72.369054,169.987133,10.724626
Michigan,MI,Clinton,05000US26037,639.256613,27.589075,204.90598,284.0674,62.028711
Illinois,IL,Montgomery,05000US17135,241.404924,104.460825,34.476686,89.808354,8.501856
Mississippi,MS,Alcorn,05000US28003,386.378428,44.093342,34.294404,60.588469,7.563579
Mississippi,MS,Lafayette,05000US28071,723.624559,51.949437,130.238546,195.934104,115.594812
Louisiana,LA,Grant,05000US22043,189.158754,24.006602,16.491105,27.158833,4.799002
Missouri,MO,Atchison,05000US29005,46.111644,32.357264,2.910055,11.402498,1.674773
Illinois,IL,Macon,05000US17115,1346.07236,330.088255,199.075283,627.506893,31.968746
Michigan,MI,St. Joseph,05000US26149,439.54357,44.064515,47.276242,184.643245,11.527688
Illinois,IL,Franklin,05000US17055,680.228126,276.177727,58.22773,123.84863,15.265824
Montana,MT,Garfield,05000US30033,5.065559,0.194024,1.10289,9.963133,0.095142
Nebraska,NE,Adams,05000US31001,370.291037,106.908654,41.664942,154.745839,20.632729
Minnesota,MN,Olmsted,05000US27109,652.9344,440.342315,548.891009,575.875988,34.959757
Alabama,AL,Mobile,05000US01097,4130.496823,385.895287,666.925864,1183.294341,360.291627
South Dakota,SD,McCook,05000US46087,38.447348,10.544472,8.574421,15.629664,3.127625
Alabama,AL,Fayette,05000US01057,247.684309,23.386551,15.3967,51.436798,4.047522
Alabama,AL,Chambers,05000US01017,335.985088,59.375842,58.382787,67.814995,8.446301
North Carolina,NC,Northampton,05000US37131,98.899892,19.351199,8.479521,16.905588,1.708563
Colorado,CO,Moffat,05000US08081,111.053013,21.752202,13.398749,36.911433,2.100247
Kentucky,KY,Green,05000US21087,164.439689,13.361774,7.916006,18.138518,3.233257
Indiana,IN,Franklin,05000US18047,145.547101,14.195701,21.700982,43.780976,5.381563
North Carolina,NC,Beaufort,05000US37013,291.324906,32.352854,35.551744,57.59748,6.994809
North Dakota,ND,Burleigh,05000US38015,576.931656,53.025191,194.112878,449.187433,72.078613
North Carolina,NC,Rowan,05000US37159,1279.062075,149.746698,182.932712,335.005149,40.64921
Michigan,MI,Iron,05000US26071,58.404188,8.202815,31.583733,25.753122,1.316393
Minnesota,MN,Kandiyohi,05000US27067,272.743398,126.462178,97.892417,179.537408,12.666424
Kentucky,KY,Wolfe,05000US21237,43.029847,4.320109,2.378707,5.1487,0.850225
Texas,TX,Fayette,05000US48149,248.625456,28.516914,35.924044,66.165624,7.219744
South Dakota,SD,Lawrence,05000US46081,161.123503,9.58356,23.276655,85.510372,2.543822
Maine,ME,Washington,05000US23029,185.10962,77.399985,40.519757,49.989161,8.698415
Texas,TX,Briscoe,05000US48045,24.23532,5.318344,1.80617,4.906804,1.427997
Michigan,MI,Ontonagon,05000US26131,14.092576,3.808012,1.971837,7.235025,0.575963
Mississippi,MS,Carroll,05000US28015,128.824945,23.771474,7.632897,13.617747,2.15987
Oregon,OR,Benton,05000US41003,441.816844,48.124949,203.258068,315.071743,72.142386
Minnesota,MN,Rock,05000US27133,71.052476,24.879159,23.782946,46.642174,8.7295
Pennsylvania,PA,Indiana,05000US42063,488.542279,59.717634,154.00694,249.387363,44.263283
Louisiana,LA,Lincoln,05000US22061,522.310642,29.799241,90.340972,87.524747,114.537317
Pennsylvania,PA,Perry,05000US42099,185.612379,34.268494,44.358726,72.545577,6.114776
South Dakota,SD,Ziebach,05000US46137,7.091453,0.727049,0.836436,2.814649,0.226214
Texas,TX,Harrison,05000US48203,819.019325,84.960091,97.684598,134.948637,12.285465
Michigan,MI,Baraga,05000US26013,17.932373,3.657053,5.644169,4.978643,0.380073
Oklahoma,OK,Rogers,05000US40131,1307.794132,146.866591,212.506211,271.706169,48.77036
Missouri,MO,Boone,05000US29019,850.024734,166.091506,209.796442,368.156997,55.445055
Oklahoma,OK,Caddo,05000US40015,271.163953,52.111489,15.163713,49.964612,5.251845
Colorado,CO,Jefferson,05000US08059,4171.806453,480.710809,1996.047452,3990.385565,412.822874
West Virginia,WV,Cabell,05000US54011,1213.848383,78.252268,248.636224,371.048603,100.005552
Texas,TX,Reagan,05000US48383,41.191023,10.918298,4.143326,13.017405,1.01081
Arkansas,AR,Van Buren,05000US05141,173.440321,52.897195,18.262275,20.261131,2.79445
Colorado,CO,Summit,05000US08117,110.057297,11.288152,74.050169,134.691708,7.901447
Kansas,KS,Cowley,05000US20035,355.591077,99.705069,25.584472,153.344644,5.832368
Arkansas,AR,Johnson,05000US05071,191.137394,37.776499,18.311041,34.560958,5.410233
New York,NY,Hamilton,05000US36041,67.418332,52.211464,16.027964,29.749821,3.750297
Virginia,VA,Craig,05000US51045,18.318124,0.733687,2.694497,4.925362,0.700106
Texas,TX,Coleman,05000US48083,123.746408,29.70755,6.800192,26.606568,1.751244
Arizona,AZ,Navajo,05000US04017,456.860477,99.585002,117.0961208,226.445334,10.6119912
Mississippi,MS,Lincoln,05000US28085,370.608408,51.289901,50.273613,46.995883,5.898165
Texas,TX,Ochiltree,05000US48357,155.537145,22.667934,21.383114,71.070838,3.075592
Texas,TX,Crane,05000US48103,40.813306,14.550468,3.165737,24.951966,0.942585
Wyoming,WY,Big Horn,05000US56003,41.486015,5.73201,6.083461,21.398662,1.738975
Tennessee,TN,Hickman,05000US47081,199.055819,44.370089,24.754872,26.241332,4.266653
Mississippi,MS,Tunica,05000US28143,42.213512,8.109858,3.067857,7.180656,1.062372
Missouri,MO,Harrison,05000US29081,64.102475,37.463113,3.857241,34.752066,1.164577
Indiana,IN,Bartholomew,05000US18005,562.960934,122.547101,99.974978,256.018674,20.046012
Georgia,GA,Paulding,05000US13223,1314.426421,87.424471,264.828547,435.872705,43.401466
Ohio,OH,Brown,05000US39015,358.903599,69.308613,40.665968,75.479012,10.826084
Tennessee,TN,Putnam,05000US47141,766.302176,42.114927,83.23842,200.847454,94.606833
North Dakota,ND,Ward,05000US38101,401.127077,30.533574,136.890724,213.363418,9.551264
Massachusetts,MA,Worcester,05000US25027,3029.9142,487.72591,2268.933806,2667.178603,184.982572
Ohio,OH,Logan,05000US39091,387.492997,38.22285,44.664477,168.569602,9.434194
California,CA,Kings,05000US06031,854.533872,67.0997318,175.910247,396.074934,43.54771
California,CA,San Diego,05000US06073,22158.88813,3342.133023,12211.62831,18560.05964,1936.536182
Georgia,GA,Crawford,05000US13079,145.908584,32.281875,11.226553,22.954329,2.881235
Missouri,MO,Cass,05000US29037,1068.558813,294.074415,201.24861,543.728427,84.133347
New York,NY,Dutchess,05000US36027,1107.660175,521.4307062,751.553723,963.939148,86.1822928
Texas,TX,Washington,05000US48477,240.486153,20.953746,44.735702,90.642956,30.199274
Colorado,CO,Pueblo,05000US08101,1765.586983,262.026102,287.78561,877.836644,37.3667686
Missouri,MO,Douglas,05000US29067,110.226182,34.911087,6.937198,16.48458,2.058847
North Dakota,ND,Bottineau,05000US38009,68.163777,3.271114,23.041499,15.623788,1.665013
North Carolina,NC,Cumberland,05000US37051,2397.038281,186.697114,503.738118,505.466385,117.196659
Wyoming,WY,Hot Springs,05000US56017,35.611661,4.046451,2.224172,49.376135,3.809549
Michigan,MI,Alcona,05000US26001,86.86181,25.548457,17.126528,25.193389,1.740327
California,CA,Placer,05000US06061,3639.58652,371.516538,1892.186188,2769.995004,316.367379
Arkansas,AR,Searcy,05000US05129,57.56445,15.326368,2.998805,5.016091,0.435784
Texas,TX,Lynn,05000US48305,125.019395,13.134816,23.764514,31.464788,4.133657
New York,NY,Otsego,05000US36077,203.649775,66.055845,72.212227,123.8834,8.415881
North Carolina,NC,Richmond,05000US37153,347.711607,64.417045,21.280673,74.165569,9.552479
North Carolina,NC,Hoke,05000US37093,231.551814,27.400378,41.98329,57.898708,6.415559
Nebraska,NE,Otoe,05000US31131,168.005427,80.418639,26.220822,68.528235,10.455089
Pennsylvania,PA,Cameron,05000US42023,12.142477,1.880336,1.354348,13.973424,0.948483
South Carolina,SC,Dorchester,05000US45035,1079.709401,82.524041,280.296169,351.8512,40.80241
Minnesota,MN,Waseca,05000US27161,147.573933,124.665154,43.844777,93.831895,8.961048
South Dakota,SD,Brule,05000US46015,29.299167,13.322124,5.995354,8.511283,1.370312
Tennessee,TN,Warren,05000US47177,340.9518,26.892413,27.455605,69.562425,6.48994
Illinois,IL,Clark,05000US17023,161.730535,56.678229,38.484245,47.104506,3.466008
Kentucky,KY,Robertson,05000US21201,20.062467,0.830173,1.42467,7.447536,0.492828
Tennessee,TN,Lake,05000US47095,70.566963,22.730594,2.811984,10.540761,2.102212
South Carolina,SC,Berkeley,05000US45015,1775.410731,135.18773,401.719469,471.845243,62.826202
Arkansas,AR,Garland,05000US05051,896.971864,68.828124,125.790504,226.900925,61.007426
Kansas,KS,Osage,05000US20139,178.379825,100.225399,18.990117,66.29855,6.491561
Ohio,OH,Trumbull,05000US39155,1806.034258,208.803876,247.288375,454.452006,65.74806
Texas,TX,Mills,05000US48333,79.623722,11.95554,5.833179,17.140713,0.980634
Texas,TX,Oldham,05000US48359,53.003455,4.653909,4.89225,9.587093,2.994391
Pennsylvania,PA,Butler,05000US42019,1322.21807,277.022788,515.793833,674.735613,76.631511
Idaho,ID,Idaho,05000US16049,38.920797,3.471377,6.269422,22.012973,1.781291
Kansas,KS,Marion,05000US20115,100.953352,46.377952,7.44298,30.952237,2.471986
Virginia,VA,Buckingham,05000US51029,69.945384,15.335111,18.05511,12.668683,5.277356
North Carolina,NC,Cabarrus,05000US37025,1848.444352,163.555334,484.752254,522.081452,98.58
Missouri,MO,Webster,05000US29225,433.72407,91.094565,46.309034,69.141462,14.520724
Utah,UT,Davis,05000US49011,2209.79669,189.309152,664.068476,1506.695002,168.898392
Minnesota,MN,Cottonwood,05000US27033,73.406283,33.513421,9.002294,40.702558,3.861325
Florida,FL,Okeechobee,05000US12093,293.907256,76.161656,43.727693,76.562625,5.151112
Georgia,GA,Union,05000US13291,272.448463,21.687154,32.866475,39.458872,4.119619
Iowa,IA,Black Hawk,05000US19013,729.276884,591.887012,189.20985,555.920485,76.126413
Texas,TX,Sabine,05000US48403,75.54409,12.310419,15.533055,10.242251,1.442332
Ohio,OH,Pike,05000US39131,267.534813,26.154614,15.817994,44.684273,5.828738
Alabama,AL,Tuscaloosa,05000US01125,2740.513246,603.778524,587.579739,738.247016,157.110343
Alabama,AL,Wilcox,05000US01131,72.016011,13.017107,4.910018,9.917649,2.017572
Mississippi,MS,Montgomery,05000US28097,166.844901,33.126575,9.187383,22.50622,3.895878
Nebraska,NE,Kearney,05000US31099,73.131309,27.722305,8.647413,25.843527,4.981687
Nebraska,NE,Hitchcock,05000US31087,19.839285,9.98427,2.244507,6.026979,0.530354
Delaware,DE,New Castle,05000US10003,2872.663899,1623.708001,1189.367849,1806.577632,337.52545
Idaho,ID,Teton,05000US16081,16.012465,2.370877,4.583106,7.175509,0.578203
Illinois,IL,Rock Island,05000US17161,1114.586411,276.64775,208.872837,641.048079,57.789607
Virginia,VA,Gloucester,05000US51073,345.729059,169.518114,76.801425,131.154782,12.091311
Arkansas,AR,Sevier,05000US05133,142.340938,5.523775,12.022217,16.403953,1.728445
Indiana,IN,Cass,05000US18017,407.367148,46.091182,35.735439,95.180614,6.126992
Idaho,ID,Power,05000US16077,63.672356,6.922727,6.331042,38.512456,3.975796
Indiana,IN,Carroll,05000US18015,285.476208,48.429286,28.79502,70.716538,6.860605
Pennsylvania,PA,Philadelphia,05000US42101,8220.956763,2927.345774,3603.719053,9358.147016,807.504923
Wyoming,WY,Washakie,05000US56043,64.148918,7.691322,27.959303,55.350531,1.817554
North Carolina,NC,Camden,05000US37029,92.128887,27.750251,13.05648,16.12613,1.750895
New York,NY,Tompkins,05000US36109,481.474683,38.258023,196.979017,432.443952,84.537704
Arkansas,AR,Jefferson,05000US05069,884.222802,53.6638978,58.037799,146.867174,42.4253796
Arkansas,AR,Lincoln,05000US05079,219.882183,9.806555,10.927659,17.680525,2.465476
Wisconsin,WI,Vernon,05000US55123,86.721805,104.901908,29.803477,54.449333,2.398972
Missouri,MO,Iron,05000US29093,69.842733,31.602588,7.341421,15.067598,1.471889
Texas,TX,Hopkins,05000US48223,554.528464,61.861219,54.398255,130.685069,7.904322
New York,NY,Albany,05000US36001,1132.893605,459.440121,544.945112,960.959143,141.522882
Texas,TX,Houston,05000US48225,200.171676,17.015075,23.713754,38.067476,2.866399
Ohio,OH,Monroe,05000US39111,109.016192,8.489861,14.255191,13.677289,2.821812
Kansas,KS,Rush,05000US20165,68.612631,41.942723,4.788532,15.613458,1.198462
Indiana,IN,Montgomery,05000US18107,492.648802,48.991698,44.977104,101.572623,8.652414
Kansas,KS,Stanton,05000US20187,16.950647,3.978464,0.742121,4.201493,1.034387
Kentucky,KY,Lee,05000US21129,47.082536,6.737434,3.019122,6.850627,1.322862
Minnesota,MN,Koochiching,05000US27071,65.576221,25.801993,22.478744,27.775864,2.292286
Texas,TX,Bexar,05000US48029,13625.50177,1761.057723,3384.266968,5026.047233,578.999532
Colorado,CO,Boulder,05000US08013,1341.955063,141.721431,1020.298163,1303.916488,160.429363
Tennessee,TN,Jefferson,05000US47089,501.777945,42.328109,33.875471,79.338547,14.057802
Oklahoma,OK,Mayes,05000US40097,326.41451,50.250034,37.538203,79.512157,7.332695
Minnesota,MN,Watonwan,05000US27165,49.963261,44.773589,14.779327,43.589801,2.741355
Idaho,ID,Blaine,05000US16013,68.759209,18.770313,47.80315,68.818929,9.002992
Louisiana,LA,Jefferson Davis,05000US22053,279.997477,55.5713,45.890387,82.812868,10.762066
South Dakota,SD,Sully,05000US46119,13.657844,4.452015,3.37754,7.828137,0.611131
Colorado,CO,Denver,05000US08031,2852.92389,465.190096,1598.602548,3926.908715,421.085526
Oklahoma,OK,Coal,05000US40029,65.484946,6.976648,3.753053,9.026092,3.465256
Montana,MT,Carter,05000US30011,7.433107,1.428602,1.328895,2.318752,0.063765
Texas,TX,Upton,05000US48461,108.342439,41.820349,9.921788,49.933682,3.550268
Indiana,IN,Gibson,05000US18051,297.097649,87.674021,42.748705,64.111265,5.530633
Nebraska,NE,Kimball,05000US31105,30.555636,4.424275,1.4445,5.471199,0.734563
Illinois,IL,Kendall,05000US17093,389.461099,37.575602,152.223686,288.611819,21.695585
District of Columbia,DC,District of Columbia,05000US11001,4247.358893,845.762168,2359.650915,6312.972897,397.948078
Colorado,CO,Montrose,05000US08085,186.808997,15.072224,44.083277,151.331983,2.221066
Minnesota,MN,Wright,05000US27171,534.159253,154.769249,251.695202,457.362271,26.939075
Wisconsin,WI,Kenosha,05000US55059,1006.488635,279.776724,319.412304,735.691419,37.48104
Colorado,CO,Eagle,05000US08037,301.871748,39.756122,176.561306,328.131119,70.267971
California,CA,San Francisco,05000US06075,4200.740967,384.994822,3591.009067,5826.863682,463.407019
Colorado,CO,San Miguel,05000US08113,42.882261,3.412511,38.330022,27.224049,2.564028
Florida,FL,St. Johns,05000US12109,1630.52212,232.728426,712.168132,969.31944,105.642017
Mississippi,MS,Choctaw,05000US28019,133.345034,24.185871,12.157516,31.650839,4.086849
Missouri,MO,Grundy,05000US29079,135.218783,67.592581,4.589953,45.250523,2.153801
Michigan,MI,Lake,05000US26085,57.207883,28.766428,8.164108,19.025036,1.010183
Michigan,MI,Ottawa,05000US26139,1922.17509,180.787338,552.148477,970.34923,75.492882
Illinois,IL,Cook,05000US17031,35714.01441,2780.60844,15527.9058,33173.29973,2346.845944
Illinois,IL,Gallatin,05000US17059,89.518192,35.47695,5.083731,16.08462,2.2008
South Carolina,SC,Greenwood,05000US45047,653.091819,133.299658,58.362497,60.843867,12.435075
Kansas,KS,Franklin,05000US20059,241.769472,87.867028,34.199541,75.032566,6.644859
Minnesota,MN,Clay,05000US27027,360.517768,76.155463,119.203042,228.648167,35.406202
Tennessee,TN,Haywood,05000US47075,208.946954,23.433454,20.34251,50.072141,3.399289
Utah,UT,Box Elder,05000US49003,408.99792,48.830885,55.114295,191.636845,29.502507
Mississippi,MS,Tippah,05000US28139,219.357532,21.819579,20.917463,28.058324,2.666591
West Virginia,WV,Marshall,05000US54051,330.136561,13.874853,64.018955,124.399261,5.03505
West Virginia,WV,Jackson,05000US54035,250.104163,22.124225,30.318783,73.001185,5.783467
Idaho,ID,Elmore,05000US16039,112.327087,9.779281,17.139725,98.454789,3.707367
Maryland,MD,Baltimore,05000US24005,6291.734956,2251.418927,2162.79843,3441.090841,401.180167
North Dakota,ND,Benson,05000US38005,34.156881,8.848593,8.387335,11.548153,1.745348
Missouri,MO,Pike,05000US29163,114.401045,46.92596,36.66459,48.620419,3.027364
Ohio,OH,Lawrence,05000US39087,765.690537,45.67372,113.832926,116.580467,23.862167
Missouri,MO,Scott,05000US29201,495.729488,192.319058,30.517604,160.132625,17.80851
Ohio,OH,Adams,05000US39001,119.804189,29.653873,8.54085,20.5231,2.271636
Texas,TX,Erath,05000US48143,482.474314,81.384884,63.296813,113.340294,9.891642
Georgia,GA,Habersham,05000US13137,492.81988,34.110566,51.081805,104.222829,11.189296
Georgia,GA,Wilkinson,05000US13319,123.633072,29.174909,10.984633,22.27723,2.102011
West Virginia,WV,Monongalia,05000US54061,906.530365,118.386956,190.249437,261.907126,128.769731
Ohio,OH,Crawford,05000US39033,412.006312,45.086789,43.185379,148.664737,9.273673
Florida,FL,DeSoto,05000US12027,182.670235,60.866988,38.291151,66.562696,3.080072
Connecticut,CT,New London,05000US09011,1134.653338,138.403462,594.222417,1222.316336,130.284053
Ohio,OH,Guernsey,05000US39059,367.616686,56.272994,30.399213,99.562089,9.547486
Michigan,MI,Barry,05000US26015,356.055546,42.010047,83.198562,108.402952,9.777612
Missouri,MO,Stone,05000US29209,268.024758,88.916644,44.326383,48.112354,9.15986
Virginia,VA,Richmond City,05000US51760,1669.072984,457.084642,619.868708,744.026621,118.912841
North Carolina,NC,Stokes,05000US37169,387.479225,33.511206,42.684272,74.578214,16.851956
Iowa,IA,Clarke,05000US19039,65.191988,58.596567,13.29631,53.091121,1.352479
Iowa,IA,Fayette,05000US19065,140.968377,166.094756,48.221866,60.24365,7.41058
California,CA,Marin,05000US06041,836.5679614,102.6282196,1040.730335,1400.793026,126.9622922
Texas,TX,Randall,05000US48381,1643.630669,118.453497,301.665566,398.89489,141.144204
Texas,TX,Rusk,05000US48401,644.209819,67.185421,86.554188,110.704467,10.219331
Iowa,IA,Warren,05000US19181,372.525885,248.277108,132.637139,225.545918,24.889399
Ohio,OH,Van Wert,05000US39161,395.74974,41.501903,39.017897,137.34265,10.622963
Florida,FL,Glades,05000US12043,59.896242,14.462742,7.939744,30.545891,1.134282
Georgia,GA,Meriwether,05000US13199,136.112748,27.527835,16.899722,35.169657,2.110573
Colorado,CO,Costilla,05000US08023,17.568103,4.73395,2.50883,7.598891,0.371884
Texas,TX,Coryell,05000US48099,842.01554,107.721011,123.391521,175.155665,11.127361
Iowa,IA,Adair,05000US19001,84.980456,95.091053,18.50951,20.986399,4.020099
Georgia,GA,Chattahoochee,05000US13053,145.596953,30.421543,20.130437,34.930463,4.608691
California,CA,Mariposa,05000US06043,126.088843,16.494343,25.972615,51.812052,3.486758
Missouri,MO,Howard,05000US29089,65.027264,31.938497,5.540294,20.490955,2.232
Oregon,OR,Marion,05000US41047,1872.935713,225.301288,449.892749,1433.413056,75.999453
Wisconsin,WI,Milwaukee,05000US55079,6744.836634,1057.992729,2285.905035,5353.134895,571.796002
Minnesota,MN,Scott,05000US27139,666.005025,167.127652,329.68464,713.859761,69.252992
Ohio,OH,Pickaway,05000US39129,625.8534,60.110329,130.241955,157.285841,20.194168
Virginia,VA,Powhatan,05000US51145,219.245735,39.397786,46.609408,40.08049,8.983376
Colorado,CO,Broomfield,05000US08014,504.915675,41.086658,285.754456,493.632475,55.956857
Tennessee,TN,Lawrence,05000US47099,556.363716,102.928075,37.229187,131.918316,8.707089
Michigan,MI,Antrim,05000US26009,125.755942,13.933354,29.536439,44.78747,3.316733
South Carolina,SC,Marlboro,05000US45069,135.424098,32.741496,6.834934,42.903731,2.085911
Idaho,ID,Benewah,05000US16009,29.083702,4.466535,2.991386,16.583572,1.645944
Illinois,IL,Lee,05000US17103,339.546166,120.054846,61.147885,155.496192,9.689712
Nebraska,NE,Nemaha,05000US31127,57.462075,32.167414,10.058387,27.124768,3.729903
North Carolina,NC,Carteret,05000US37031,1273.288112,177.969215,414.618036,480.97284,25.296341
Kansas,KS,Pottawatomie,05000US20149,146.937528,19.363783,38.436291,51.200125,9.503697
Michigan,MI,Jackson,05000US26075,1060.736005,184.271542,214.566451,480.451098,36.2417812
Texas,TX,Comal,05000US48091,1384.884568,166.917997,409.878619,358.206612,55.156175
Massachusetts,MA,Nantucket,05000US25019,94.945444,15.158521,124.855194,173.106324,8.047701
South Carolina,SC,Bamberg,05000US45009,120.888252,19.027701,13.858106,17.000712,3.348409
Texas,TX,Aransas,05000US48007,206.907366,41.022909,25.671635,60.79945,6.483265
Georgia,GA,Berrien,05000US13019,298.645858,93.606305,29.959704,66.790683,2.418845
Indiana,IN,Vermillion,05000US18165,217.467915,61.330466,20.951126,44.24156,4.22949
Michigan,MI,Roscommon,05000US26143,158.157179,34.272223,39.310309,58.602568,3.647742
North Carolina,NC,Alleghany,05000US37005,79.878747,8.159141,8.099564,14.049442,1.386882
California,CA,Lassen,05000US06035,350.06461,13.863329,59.210143,109.541258,3.994245
Virginia,VA,Falls Church,05000US51610,64.749531,7.940285,58.360762,91.598325,5.130738
Florida,FL,Manatee,05000US12081,2222.018259,846.403368,832.82618,1238.819456,85.309173
Ohio,OH,Muskingum,05000US39119,650.375882,59.993438,86.800143,150.485966,19.59966
Colorado,CO,Chaffee,05000US08015,67.516951,9.759175,19.716087,77.193511,1.4978
Colorado,CO,Crowley,05000US08025,13.783756,4.222236,2.018722,3.70111,0.194062
Colorado,CO,Fremont,05000US08043,294.4673166,65.4290654,61.010604,145.158289,7.9095252
Mississippi,MS,Pearl River,05000US28109,419.80818,93.070259,48.489833,79.19717,9.55365
Mississippi,MS,Perry,05000US28111,110.728729,20.931208,10.01657,10.153884,2.481986
Nebraska,NE,Custer,05000US31041,129.460712,40.576023,8.909227,50.040152,7.287187
Florida,FL,Calhoun,05000US12013,96.366655,9.825353,8.672878,27.556898,1.054738
Kentucky,KY,Kenton,05000US21117,1606.69061,147.539575,406.226908,643.517187,121.221913
Iowa,IA,Chickasaw,05000US19037,59.585344,99.276586,7.963261,36.715663,3.410488
Illinois,IL,DeKalb,05000US17037,613.425671,140.208295,162.744009,397.061376,42.491531
Iowa,IA,Hancock,05000US19081,111.021181,130.036594,13.225167,65.957971,6.648967
North Dakota,ND,Stark,05000US38089,257.072384,24.71403,56.440198,86.135901,5.870545
Michigan,MI,Luce,05000US26095,5.797633,0.89213,1.237102,4.370429,0.314412
Oklahoma,OK,Carter,05000US40019,603.231116,65.196774,45.087438,151.002772,9.772198
North Carolina,NC,Pasquotank,05000US37139,281.493734,72.077095,44.648494,58.263426,5.266307
New Mexico,NM,Taos,05000US35055,67.531785,4.512464,21.279297,30.6382,1.487617
Mississippi,MS,Bolivar,05000US28011,282.095867,52.787415,35.139206,55.923465,4.141469
Nevada,NV,Nye,05000US32023,197.331104,18.974272,29.103738,58.571027,4.048277
Tennessee,TN,Hawkins,05000US47073,462.737957,33.594664,38.367577,93.639451,11.772171
North Dakota,ND,Bowman,05000US38011,19.674688,3.24025,12.614272,7.107507,1.944396
Pennsylvania,PA,Fulton,05000US42057,58.668243,8.775576,4.666786,13.740876,1.072295
Louisiana,LA,Lafayette,05000US22055,1554.690064,179.516688,432.364907,501.063479,167.521177
Texas,TX,Jack,05000US48237,148.316359,28.119133,11.119037,48.223538,7.352935
Illinois,IL,Stark,05000US17175,54.237992,27.714543,4.763115,22.216036,2.239785
Oklahoma,OK,Greer,05000US40055,74.313736,15.388021,8.603761,20.777506,1.352611
Texas,TX,Hemphill,05000US48211,56.237498,10.749161,3.078093,24.326846,3.167054
Idaho,ID,Nez Perce,05000US16069,307.590067,18.950827,63.232875,129.132462,13.0904074
South Dakota,SD,Walworth,05000US46129,36.747228,5.612815,2.933536,12.095105,1.079002
California,CA,Napa,05000US06055,869.050227,84.516499,404.760958,1069.782199,109.7933554
Oklahoma,OK,Cotton,05000US40033,90.311578,17.017427,10.882075,21.482995,1.161439
Missouri,MO,Washington,05000US29221,208.452813,52.766807,14.595301,41.41072,3.492378
New York,NY,Cayuga,05000US36011,250.674786,37.696245,76.145166,166.814059,21.274134
Texas,TX,Shackelford,05000US48417,54.249759,25.716665,3.614438,10.109323,1.316312
Texas,TX,San Jacinto,05000US48407,178.801081,9.395061,16.7096,29.125674,3.028514
Iowa,IA,Dubuque,05000US19061,681.209505,306.548204,137.209403,467.924922,48.394841
Virginia,VA,Goochland,05000US51075,174.869718,37.447519,49.79977,37.990547,10.660666
Kansas,KS,Sherman,05000US20181,48.616555,14.657765,9.345169,26.540153,1.339101
Ohio,OH,Richland,05000US39139,843.387367,88.237052,105.955687,285.520114,33.769554
Illinois,IL,Adams,05000US17001,599.822637,228.369508,97.357935,299.068145,18.643786
Ohio,OH,Champaign,05000US39021,348.500183,20.212694,84.575521,92.37064,10.398649
New Hampshire,NH,Sullivan,05000US33019,125.219744,30.004029,73.179401,123.379305,6.798576
Illinois,IL,Iroquois,05000US17075,283.207961,119.802507,31.226681,114.945874,9.885181
Iowa,IA,Poweshiek,05000US19157,115.903854,141.363852,41.675141,82.518228,7.573659
Ohio,OH,Wayne,05000US39169,915.080802,184.275127,198.14435,493.865869,66.022421
Georgia,GA,Fayette,05000US13113,1152.393301,76.359,338.422227,441.358931,43.719983
Georgia,GA,Hancock,05000US13141,36.028582,8.567052,3.324665,12.520388,0.527776
Texas,TX,Kendall,05000US48259,289.01247,50.982077,96.321549,109.192451,13.480572
New York,NY,Greene,05000US36039,172.043054,91.3581236,59.30352,88.892471,5.47424
Virginia,VA,Orange,05000US51137,144.711704,37.896391,39.696952,31.878425,4.616045
Oklahoma,OK,McCurtain,05000US40089,175.217342,17.934581,10.821263,24.751021,2.414033
Georgia,GA,Tift,05000US13277,531.50449,146.296004,39.499739,97.565563,7.922935
Nebraska,NE,Cass,05000US31025,258.705005,103.172024,59.669385,114.34386,18.533647
South Dakota,SD,Kingsbury,05000US46077,39.887736,9.570279,6.181865,10.70262,1.867408
Wyoming,WY,Converse,05000US56009,129.776995,40.3836,13.181254,66.606871,4.07171
New York,NY,Herkimer,05000US36043,309.281865,130.99045,140.63425,166.941194,8.371306
North Dakota,ND,Logan,05000US38047,9.003369,0.721364,1.826312,4.83261,0.86486
Michigan,MI,Gogebic,05000US26053,88.633643,13.863338,21.100394,31.015473,1.432438
Minnesota,MN,Becker,05000US27005,224.066658,66.886632,41.892959,97.199768,11.671007
Alabama,AL,Marshall,05000US01095,949.373227,98.561181,100.944519,215.793624,25.600284
Tennessee,TN,Union,05000US47173,196.112535,32.1567,19.099088,29.738254,4.794405
West Virginia,WV,Mineral,05000US54057,162.224277,18.973802,18.333234,38.577339,3.609127
Wisconsin,WI,Ashland,05000US55003,43.785376,44.789784,20.418361,43.179991,1.132809
Illinois,IL,Ford,05000US17053,182.554105,75.494062,26.505516,87.516024,11.023679
North Dakota,ND,Emmons,05000US38029,6.442974,1.042431,3.218031,2.730491,0.784986
California,CA,Shasta,05000US06089,1565.478627,160.799946,432.72067,428.88813,25.331914
Louisiana,LA,Vermilion,05000US22113,486.12834,85.142261,96.885074,130.372619,22.649058
Arkansas,AR,Randolph,05000US05121,160.106376,15.899824,20.087735,32.625469,3.367663
Wisconsin,WI,Oneida,05000US55085,206.936803,132.412849,94.31955,86.562202,4.858415
Louisiana,LA,East Carroll,05000US22035,90.306172,7.53658,7.609139,9.297294,2.225075
Louisiana,LA,East Feliciana,05000US22037,166.060581,20.193547,19.791342,34.232197,6.571889
Louisiana,LA,St. Bernard,05000US22087,598.174238,35.736462,99.855637,190.133215,48.827689
Texas,TX,Wharton,05000US48481,491.042835,44.462089,39.565363,129.681669,18.519965
Texas,TX,Floyd,05000US48153,70.081094,15.341828,5.442666,26.951169,2.612238
Kentucky,KY,Madison,05000US21151,1011.688369,63.864797,116.01019,214.311327,64.476858
Tennessee,TN,Blount,05000US47009,1442.700057,134.900022,272.016952,324.260102,57.253458
Montana,MT,Gallatin,05000US30031,510.874927,69.673767,276.888832,562.678288,44.913679
South Carolina,SC,Darlington,05000US45031,733.150508,88.337383,90.384289,137.073525,15.488465
Alabama,AL,Escambia,05000US01053,338.803887,10.386554,21.052434,61.34801,5.309049
Georgia,GA,Haralson,05000US13143,297.922697,18.197024,37.090958,71.017898,5.97307
Kansas,KS,Allen,05000US20001,160.384528,64.5465,8.128994,43.878854,2.547786
Illinois,IL,Douglas,05000US17041,181.227983,58.280334,32.220748,82.883002,8.001393
Virginia,VA,Greene,05000US51079,87.34858,13.264079,21.802823,21.035706,4.392032
Wisconsin,WI,Waushara,05000US55137,104.419388,62.931817,19.740166,56.189852,3.094078
Arkansas,AR,Izard,05000US05065,77.419045,19.472556,3.501936,13.464392,1.410563
California,CA,Monterey,05000US06053,1995.096904,269.749688,779.962668,1765.87825,186.186498
New Mexico,NM,Grant,05000US35017,132.909073,13.741535,20.976515,62.961069,2.718154
Missouri,MO,Miller,05000US29131,190.185815,64.564938,16.18075,49.192484,6.020136
North Carolina,NC,Wilkes,05000US37193,593.154116,46.489757,95.148844,153.94054,14.171713
Missouri,MO,Platte,05000US29165,873.587426,66.348477,266.70085,488.571774,101.040439
Missouri,MO,Buchanan,05000US29021,979.676332,192.966985,212.528451,455.835409,19.35934
Alabama,AL,Limestone,05000US01083,698.839264,106.588067,154.389267,122.952027,11.964948
Indiana,IN,Henry,05000US18065,543.822723,82.830176,68.248352,139.850539,28.028556
Nebraska,NE,Polk,05000US31143,51.21361,27.20226,5.418133,16.659633,5.490343
Ohio,OH,Ottawa,05000US39123,368.251507,36.729493,79.316899,248.697362,20.711856
Minnesota,MN,Norman,05000US27107,47.228462,11.970946,7.330234,12.945374,4.41334
Iowa,IA,Shelby,05000US19165,128.109619,47.831082,35.237826,74.338856,7.456469
Maryland,MD,Carroll,05000US24013,1356.018391,305.208828,407.846179,639.11854,51.68417
Iowa,IA,Benton,05000US19011,172.487408,184.526399,41.029395,84.04019,16.857449
Kentucky,KY,Martin,05000US21159,43.697154,5.236257,0.959241,4.728579,0.585559
Minnesota,MN,Chisago,05000US27025,289.829792,102.098472,114.471319,204.75608,16.196126
Kentucky,KY,Owsley,05000US21189,22.198641,2.334602,1.489064,2.097925,0.933559
Pennsylvania,PA,Bradford,05000US42015,158.137341,119.000408,54.406715,74.461116,3.44107
West Virginia,WV,Hancock,05000US54029,282.712543,27.36287,74.062125,54.021014,7.324306
Missouri,MO,Cole,05000US29051,603.683492,104.613568,79.950842,213.647528,15.055465
Michigan,MI,Berrien,05000US26021,1393.91644,133.284426,320.945146,917.977276,48.642838
Pennsylvania,PA,Huntingdon,05000US42061,152.961853,16.710647,31.181452,59.233042,7.416371
Nebraska,NE,Dawes,05000US31045,34.724578,2.96685,12.038345,18.574572,0.760494
Virginia,VA,Patrick,05000US51141,144.902871,12.290823,10.14591,22.142111,3.725178
Michigan,MI,Montmorency,05000US26119,64.78235,12.530663,5.98554,23.230661,0.869813
Michigan,MI,Oscoda,05000US26135,68.056965,11.712993,4.918726,15.088334,1.130377
New Mexico,NM,Colfax,05000US35007,56.267286,8.307325,10.951657,44.010768,7.334589
Illinois,IL,St. Clair,05000US17163,2182.809296,605.88575,511.833231,875.123253,130.970855
Illinois,IL,Washington,05000US17189,201.053709,72.606304,14.679197,50.35662,8.565461
Pennsylvania,PA,Bedford,05000US42009,175.518658,32.343382,29.578104,55.082985,5.554959
Arkansas,AR,Scott,05000US05127,63.261495,15.659525,3.693689,11.296577,1.773796
Kansas,KS,Labette,05000US20099,193.714831,87.607314,9.148452,70.978882,2.249769
Pennsylvania,PA,Lawrence,05000US42073,802.076898,165.170957,172.186842,346.326033,18.602581
Ohio,OH,Harrison,05000US39067,129.543854,15.438802,18.262105,23.399869,2.079643
North Carolina,NC,Alexander,05000US37003,326.640274,56.242982,30.531531,47.592499,8.659948
New Hampshire,NH,Cheshire,05000US33005,186.171222,60.434153,97.777706,155.228966,5.830306
Minnesota,MN,Marshall,05000US27089,67.033934,11.549739,31.340087,24.588232,3.809858
Virginia,VA,King William,05000US51101,210.551572,66.807553,38.851206,28.758794,11.728192
Colorado,CO,Huerfano,05000US08055,33.442761,5.213326,8.565345,22.014258,2.854081
Texas,TX,Karnes,05000US48255,168.635318,37.118038,17.118084,31.770483,3.756474
Tennessee,TN,Chester,05000US47023,210.000459,29.823793,15.400848,31.416821,3.476213
Illinois,IL,Scott,05000US17171,73.9003,19.93334,8.562784,15.124719,1.363899
Utah,UT,Millard,05000US49027,55.954239,10.657866,4.202938,21.071722,2.580488
Utah,UT,Morgan,05000US49029,76.405766,8.205251,18.742729,48.021133,5.557727
Texas,TX,Kaufman,05000US48257,1344.484406,120.176996,217.889779,258.41102,70.025093
Arizona,AZ,Greenlee,05000US04011,29.597962,12.478308,10.687465,25.783539,1.58939
Arizona,AZ,Maricopa,05000US04013,36805.07245,5539.56747,15143.34774,25317.02211,3058.980148
Michigan,MI,Ogemaw,05000US26129,160.066141,31.629914,18.923871,26.872373,4.082613
Tennessee,TN,Jackson,05000US47087,117.083226,23.579166,6.997281,15.563812,3.514606
Illinois,IL,Richland,05000US17159,157.314266,49.318509,24.439447,68.798757,3.556352
Alabama,AL,Blount,05000US01009,498.824279,28.649377,63.969558,82.532379,12.763684
Montana,MT,Liberty,05000US30051,9.176001,0.955953,2.778661,4.169303,0.254881
Texas,TX,Duval,05000US48131,110.88107,31.98,5.211819,18.929289,21.97338
Missouri,MO,Ralls,05000US29173,102.908151,36.78169,29.198063,21.764059,2.452065
Texas,TX,Johnson,05000US48251,1798.674303,144.488925,307.979664,453.688465,49.207729
Georgia,GA,Clay,05000US13061,18.590049,7.946759,1.840031,5.173158,0.259488
Oregon,OR,Grant,05000US41023,30.381243,2.182094,2.422304,9.042477,1.024748
Oregon,OR,Coos,05000US41011,323.860641,69.370655,44.917006,183.887397,4.305541
Texas,TX,Franklin,05000US48159,176.020667,10.78606,12.995044,37.563923,2.02125
New York,NY,Warren,05000US36113,270.229201,197.546609,103.157601,218.840021,30.753132
Virginia,VA,Madison,05000US51113,40.166307,11.324737,22.993976,7.966054,1.644043
Oklahoma,OK,Atoka,05000US40005,124.930116,16.903922,8.082418,17.109121,2.391098
Illinois,IL,Menard,05000US17129,99.003898,43.073691,21.133596,30.432635,3.901503
Georgia,GA,Bartow,05000US13015,981.748533,83.489591,218.349202,284.346052,29.674869
Florida,FL,Lake,05000US12069,2027.972016,431.258327,486.278579,723.01234,57.332175
Oklahoma,OK,Okmulgee,05000US40111,419.315014,38.311373,50.40439,84.530837,8.956183
North Dakota,ND,Sheridan,05000US38083,7.770534,1.059343,0.537721,2.744969,0.530992
Indiana,IN,Fulton,05000US18049,175.175028,32.944725,12.122007,70.924421,2.906342
Kansas,KS,Johnson,05000US20091,5125.382774,487.432893,2228.482105,3412.596029,346.528507
Maryland,MD,Calvert,05000US24009,783.541112,283.409959,146.911048,297.125158,24.453727
Wisconsin,WI,Washburn,05000US55129,80.869477,49.738202,21.791142,49.431029,9.542613
Washington,WA,Jefferson,05000US53031,71.167291,9.006334,26.522343,95.764129,2.276222
Minnesota,MN,Winona,05000US27169,241.727327,166.172782,103.522087,180.153183,6.846828
Mississippi,MS,Warren,05000US28149,669.928163,41.496597,33.264266,157.576317,12.605013
Missouri,MO,Andrew,05000US29003,237.738643,46.54693,44.651869,82.737481,4.641179
Missouri,MO,Montgomery,05000US29139,58.977431,24.575306,11.372631,18.925394,2.55118
Kansas,KS,Cherokee,05000US20021,259.304141,69.644077,17.561328,54.420002,3.339412
North Carolina,NC,Halifax,05000US37083,285.527364,23.344556,18.47679,74.036155,4.412326
New Mexico,NM,Sandoval,05000US35043,902.971558,70.97617,305.831446,709.997769,64.88515
Kentucky,KY,Clay,05000US21051,126.025157,15.065804,6.424859,20.34247,1.607807
Pennsylvania,PA,Clinton,05000US42035,165.61537,15.554707,13.47662,123.124576,4.918983
Oregon,OR,Linn,05000US41043,707.009888,125.511612,176.307407,409.132605,28.287351
Wisconsin,WI,Lafayette,05000US55065,91.360191,71.240973,17.689906,46.536653,3.536094
Oklahoma,OK,Washington,05000US40147,431.295125,67.737842,70.505478,107.175446,19.729558
West Virginia,WV,Preston,05000US54077,172.904643,33.366348,14.970738,41.064833,7.801114
Wisconsin,WI,Waupaca,05000US55135,206.293605,142.116417,57.905441,139.118207,9.646753
Texas,TX,Edwards,05000US48137,17.337685,3.455274,1.333666,11.031583,0.711703
Oregon,OR,Lake,05000US41037,14.289586,2.207492,3.030724,13.433202,0.349969
Missouri,MO,Ozark,05000US29153,44.637814,11.214043,2.062544,4.471106,0.820501
Texas,TX,Waller,05000US48473,313.447055,28.060437,51.510511,54.899193,23.48438
Alabama,AL,Monroe,05000US01099,206.334949,18.747241,21.647022,51.210326,3.160268
Vermont,VT,Essex,05000US50009,26.95443,14.196364,15.803428,8.962075,0.510366
Virginia,VA,Lunenburg,05000US51111,66.256772,8.057117,6.305357,13.098661,5.82956
North Dakota,ND,Traill,05000US38097,87.891426,29.063859,14.247771,31.716797,12.550931
Georgia,GA,Hall,05000US13139,1979.723794,98.263737,488.500597,466.723789,78.426073
Georgia,GA,Treutlen,05000US13283,67.358506,21.483966,5.616287,10.212241,1.406349
Georgia,GA,Calhoun,05000US13037,45.225155,6.861239,4.368963,8.669436,0.843016
Wisconsin,WI,Vilas,05000US55125,61.520451,42.647968,33.627542,29.396292,2.40534
Minnesota,MN,Beltrami,05000US27007,175.87215,19.746264,38.047178,91.686634,18.753275
Maryland,MD,Dorchester,05000US24019,167.075889,94.223654,39.646138,103.337401,4.543435
Pennsylvania,PA,Columbia,05000US42037,349.891437,50.431289,70.281015,134.878755,9.754752
Ohio,OH,Clark,05000US39023,1559.489833,74.325358,290.93326,498.821524,39.8791102
Texas,TX,Maverick,05000US48323,365.547078,45.385217,28.998066,90.872937,3.033338
Arizona,AZ,Pima,05000US04019,6637.165164,1401.655289,2109.352004,4095.616157,536.3207306
New Mexico,NM,Cibola,05000US35006,90.471803,18.345372,19.848998,36.856862,6.349268
Vermont,VT,Rutland,05000US50021,375.136297,163.123841,124.791564,140.048804,7.821119
Georgia,GA,Early,05000US13099,172.989835,36.036208,19.121405,49.337352,4.628245
Massachusetts,MA,Dukes,05000US25007,34.734751,6.564774,45.588904,155.10532,2.626275
North Dakota,ND,McHenry,05000US38049,42.322409,10.311915,9.27114,13.11864,1.124804
Nebraska,NE,Wayne,05000US31179,61.241017,23.490108,3.846581,26.189793,2.327131
North Dakota,ND,LaMoure,05000US38045,25.355321,12.016615,5.456561,8.658283,2.687453
Idaho,ID,Butte,05000US16023,15.14171,5.434202,6.583052,7.592737,0.906709
New Hampshire,NH,Coos,05000US33007,126.794553,43.416644,90.247706,56.032878,3.08885
North Dakota,ND,Kidder,05000US38043,12.07248,1.269035,2.22943,4.582957,1.432648
Texas,TX,Kleberg,05000US48273,267.837433,31.918859,24.02708,66.142581,7.724275
Indiana,IN,Porter,05000US18127,1049.725968,295.302447,230.144725,431.15185,38.935102
Mississippi,MS,Newton,05000US28101,242.637337,19.516719,19.389117,30.179136,4.275013
North Carolina,NC,Sampson,05000US37163,459.876672,50.482287,62.252809,64.245624,10.789283
Tennessee,TN,Moore,05000US47127,106.82029,16.479305,19.830496,17.71295,1.913789
Florida,FL,Pinellas,05000US12103,6041.067941,1773.509037,2494.013506,4153.812149,346.482833
Illinois,IL,Hamilton,05000US17065,155.947032,55.608304,9.61101,42.959207,3.019725
Arkansas,AR,Perry,05000US05105,115.282255,12.779064,13.514664,18.298183,2.58725
Kansas,KS,Cheyenne,05000US20023,26.576136,6.21992,2.032328,4.765473,0.965407
Colorado,CO,Delta,05000US08029,116.227789,13.946725,17.521594,50.761553,1.61591
Iowa,IA,Wayne,05000US19185,37.092909,47.466094,9.96149,12.913448,0.995299
Texas,TX,Gaines,05000US48165,106.796287,24.450807,8.812339,25.67237,1.948216
Alabama,AL,Marion,05000US01093,386.528815,37.864481,31.555321,49.970676,4.970902
North Carolina,NC,Watauga,05000US37189,523.368096,34.163265,123.919389,226.299977,77.201589
Virginia,VA,Roanoke City,05000US51770,560.339237,82.005192,128.72461,356.633615,14.430035
Texas,TX,Martin,05000US48317,141.721828,17.118405,19.356173,26.868287,3.007554
Texas,TX,Bowie,05000US48037,954.724324,49.411542,111.443947,167.827246,18.212077
Utah,UT,Weber,05000US49057,1746.103364,249.476069,441.471355,1088.766651,151.41094
Missouri,MO,Marion,05000US29127,228.617589,83.232691,64.149692,70.848986,4.86894
New York,NY,Jefferson,05000US36045,426.718798,105.640357,101.312898,268.727482,13.621491
Iowa,IA,Jackson,05000US19097,117.748069,109.563933,14.084769,82.272308,7.418104
North Dakota,ND,Nelson,05000US38063,9.6487,6.120867,1.816182,3.851167,1.054814
New York,NY,Clinton,05000US36019,240.408771,99.087248,59.794841,114.353963,3.107375
Colorado,CO,Garfield,05000US08045,213.069382,27.040177,92.365231,186.827833,9.103007
Missouri,MO,Ray,05000US29177,178.198118,47.823472,34.980399,54.501784,4.616348
Ohio,OH,Hocking,05000US39073,218.343502,29.401839,32.942795,71.679326,5.704046
Alabama,AL,Lowndes,05000US01085,107.672172,13.497601,12.437697,17.262328,3.28751
Georgia,GA,Candler,05000US13043,123.956754,26.138912,13.77211,25.802501,3.610183
Iowa,IA,Linn,05000US19113,1337.851919,775.981864,420.410878,976.19804,120.093901
California,CA,Trinity,05000US06105,42.923729,9.722518,14.810288,27.137777,1.014008
Georgia,GA,Muscogee,05000US13215,1845.399494,257.251573,353.557107,710.522267,86.1486702
Mississippi,MS,Tallahatchie,05000US28135,79.286973,13.003274,5.528841,9.245761,1.935419
Kansas,KS,Atchison,05000US20005,126.806045,41.024289,16.144124,51.39966,3.151067
Texas,TX,Andrews,05000US48003,247.969254,32.978723,12.650245,75.765106,4.52514
Ohio,OH,Miami,05000US39109,805.701617,43.570043,163.682844,372.713738,25.273465
Texas,TX,Potter,05000US48375,1183.483747,86.25665,188.818036,334.092046,100.466305
Oklahoma,OK,Seminole,05000US40133,398.05822,59.173581,21.582768,109.482634,5.752475
South Carolina,SC,Aiken,05000US45003,1303.478413,262.147875,223.325769,353.486743,47.732481
California,CA,Mendocino,05000US06045,262.970778,22.552821,81.047134,241.769171,8.118005
Virginia,VA,Chesapeake,05000US51550,1714.286744,707.972243,488.073551,769.519662,74.944616
Wyoming,WY,Sweetwater,05000US56037,310.432116,18.327759,64.080551,215.455286,9.393148
Texas,TX,Garza,05000US48169,26.152924,2.065829,2.347286,6.667694,0.77658
West Virginia,WV,Hardy,05000US54031,95.835925,22.42412,17.887894,28.104697,2.082986
Wisconsin,WI,Ozaukee,05000US55089,518.284131,114.701674,293.097121,408.000381,39.00672
Tennessee,TN,Sullivan,05000US47163,1942.070505,97.824542,270.408409,534.447427,63.608372
South Carolina,SC,Laurens,05000US45059,654.286134,118.890976,75.189662,100.095054,22.848411
Wyoming,WY,Crook,05000US56011,31.038236,3.411214,2.935879,11.159152,1.194521
Wisconsin,WI,Sheboygan,05000US55117,442.921764,249.015774,150.511061,421.444101,25.566202
Massachusetts,MA,Hampden,05000US25013,2146.981706,556.987534,1262.997344,2271.293202,163.601134
Texas,TX,Caldwell,05000US48055,268.758356,44.330326,44.339001,129.026051,10.690476
Kansas,KS,Cloud,05000US20029,119.137059,38.814913,30.427072,21.884346,2.724419
California,CA,Inyo,05000US06027,180.743451,5.319352,29.723862,54.862759,4.691801
Alabama,AL,Coosa,05000US01037,111.443226,28.710237,12.204809,11.643847,1.244221
Iowa,IA,Dickinson,05000US19059,155.29885,94.223076,35.441397,146.229813,9.385231
Kentucky,KY,Harlan,05000US21095,324.947454,29.981718,47.360271,66.58228,4.4891594
Kansas,KS,Geary,05000US20061,222.529598,30.861358,39.811791,83.294648,4.903188
Pennsylvania,PA,Berks,05000US42011,1842.234955,1004.254783,643.591533,1296.377368,95.708235
Tennessee,TN,Carter,05000US47019,587.191565,28.157926,103.514032,222.067531,30.959359
Minnesota,MN,Lyon,05000US27083,157.999698,56.696286,39.343587,72.111839,6.727141
Virginia,VA,Charlotte,05000US51037,59.937706,10.605255,4.230573,8.611077,4.863413
Tennessee,TN,Washington,05000US47179,1011.453104,36.717187,142.610937,330.760065,105.911394
South Carolina,SC,Newberry,05000US45071,363.972725,55.777319,40.998439,67.457065,24.258446
Virginia,VA,Isle of Wight,05000US51093,339.745564,141.604252,63.53705,98.432654,11.97259
Oregon,OR,Wheeler,05000US41069,6.693112,0.588911,1.05204,3.536894,0.136183
Missouri,MO,Butler,05000US29023,503.214197,113.585433,32.889089,110.643653,6.381278
Louisiana,LA,Iberville,05000US22047,248.759949,23.893495,24.039231,74.610651,11.622704
Mississippi,MS,Sharkey,05000US28125,28.937459,18.501689,1.168407,5.337283,0.810563
Virginia,VA,Fauquier,05000US51061,611.291521,194.861964,204.400439,227.457502,18.81815
Virginia,VA,Radford,05000US51750,147.304387,11.080157,24.008644,35.070206,11.140313
Nevada,NV,Douglas,05000US32005,362.364459,62.743123,151.972175,208.651898,28.318875
Florida,FL,Franklin,05000US12037,111.232245,18.886416,23.350766,67.874381,2.609499
Indiana,IN,Greene,05000US18055,355.758694,97.300823,33.472448,83.832343,7.063217
Indiana,IN,Rush,05000US18139,171.30727,20.763212,22.708473,84.914472,3.636574
Wisconsin,WI,Washington,05000US55131,814.017268,238.745557,316.850458,715.705011,42.929808
Missouri,MO,Laclede,05000US29105,295.74579,82.586136,17.928548,68.463406,6.511925
Pennsylvania,PA,Mercer,05000US42085,767.744772,111.442038,144.831508,274.744493,17.056912
Arkansas,AR,Craighead,05000US05031,1175.552054,51.264232,173.27864,310.872867,59.496221
Missouri,MO,Saline,05000US29195,162.454906,95.077674,28.33721,65.339184,4.526057
Illinois,IL,White,05000US17193,251.483961,110.595488,33.902692,54.907416,4.872343
Illinois,IL,De Witt,05000US17039,240.347447,161.759626,41.632253,78.883835,8.287142
Nevada,NV,White Pine,05000US32033,43.196058,5.909138,11.685304,29.73871,0.386764
Minnesota,MN,Goodhue,05000US27049,170.118348,137.721665,81.994028,181.770532,8.631044
North Carolina,NC,Swain,05000US37173,95.105334,10.293466,7.95674,16.485021,2.185231
Florida,FL,Pasco,05000US12101,4721.193978,1714.593162,1471.062772,2002.172772,138.904299
Florida,FL,Sumter,05000US12119,465.28945,115.930297,104.897413,117.246882,8.7655824
New York,NY,Nassau,05000US36059,10099.02819,2058.522882,6408.761022,7522.195571,887.411767
North Dakota,ND,Steele,05000US38091,8.898671,2.370441,1.180744,3.500749,1.303673
Indiana,IN,Vanderburgh,05000US18163,1735.30451,310.562909,317.624397,444.209923,69.848207
Missouri,MO,Franklin,05000US29071,705.131712,167.17477,120.619072,258.06389,19.165297
North Carolina,NC,Avery,05000US37011,125.066909,16.388533,18.171014,28.692278,4.689903
West Virginia,WV,Wood,05000US54107,1139.566548,221.950225,138.950307,304.405122,19.061955
Wisconsin,WI,Bayfield,05000US55007,40.209225,33.527327,13.672538,27.071645,3.234134
Tennessee,TN,Stewart,05000US47161,101.51404,17.61193,7.524469,14.331818,3.184999
Wisconsin,WI,Portage,05000US55097,324.434474,183.246226,129.155933,312.301804,10.216325
South Carolina,SC,Lexington,05000US45063,4019.620133,611.707538,970.109716,887.786276,194.022864
Maryland,MD,Anne Arundel,05000US24003,3230.483831,1075.057818,1220.486278,2057.608805,225.989384
Wisconsin,WI,Fond du Lac,05000US55039,471.763507,257.544023,138.405061,380.18401,31.686875
West Virginia,WV,Webster,05000US54101,41.469428,35.50949,6.024576,5.380608,1.404717
Wisconsin,WI,Kewaunee,05000US55061,52.692594,18.878845,13.550544,50.552855,3.725784
Texas,TX,Parmer,05000US48369,50.755377,9.130203,5.094962,14.478084,1.812052
Oklahoma,OK,Woods,05000US40151,112.625557,37.352702,6.050184,36.290445,2.527948
Kentucky,KY,Elliott,05000US21063,60.462164,4.911979,4.185562,7.776382,2.548203
Massachusetts,MA,Berkshire,05000US25003,466.423678,63.455842,334.161476,506.228658,22.219975
Missouri,MO,Chariton,05000US29041,66.262221,56.62754,5.291687,19.116602,2.020746
Colorado,CO,Rio Blanco,05000US08103,30.15101,3.579653,2.761651,13.705496,1.064495
Colorado,CO,Morgan,05000US08087,308.15431,39.683487,27.699139,124.682288,9.161548
Oregon,OR,Malheur,05000US41045,152.319832,19.313848,15.796517,60.449093,3.255826
Kansas,KS,Russell,05000US20167,73.034676,34.7166,4.299651,28.604878,1.312834
Illinois,IL,Putnam,05000US17155,68.339877,32.758076,15.172515,32.381315,2.388353
South Dakota,SD,Haakon,05000US46055,13.911868,9.254686,1.497501,6.043908,0.492507
Tennessee,TN,Macon,05000US47111,144.362907,14.760032,11.256596,35.042892,4.821017
Arkansas,AR,Cleburne,05000US05023,303.809589,33.730536,23.181526,44.221088,4.28476
Alabama,AL,Pike,05000US01109,386.451173,29.689381,64.152631,43.365535,27.415595
Idaho,ID,Adams,05000US16003,23.239701,2.583666,6.789773,10.18472,1.150069
Massachusetts,MA,Bristol,05000US25005,2730.16937,370.139882,1575.898772,2552.993953,142.57666
Pennsylvania,PA,Schuylkill,05000US42107,734.540307,321.04387,182.227222,527.314322,27.5954886
North Dakota,ND,Wells,05000US38103,14.592027,4.805427,2.587791,6.031461,1.133965
North Carolina,NC,Cleveland,05000US37045,928.689722,95.696204,145.97142,253.295788,39.776554
Arkansas,AR,Hot Spring,05000US05059,340.162657,27.112455,40.403338,50.042208,11.799448
Maryland,MD,Frederick,05000US24021,2142.174322,463.350521,812.110937,1383.375317,112.461068
Illinois,IL,Schuyler,05000US17169,104.718665,53.659985,5.285272,36.676391,2.27065
California,CA,Mono,05000US06051,70.537415,4.302966,20.659612,42.525215,2.83664
California,CA,Tuolumne,05000US06109,272.187427,27.3876612,85.788983,130.536132,7.9922714
New Mexico,NM,Doña Ana,05000US35013,1328.435851,153.142217,252.82629,690.713971,96.328743
Georgia,GA,Crisp,05000US13081,201.946236,50.914733,15.295612,36.287107,2.606862
Arkansas,AR,Columbia,05000US05027,234.539696,26.036615,35.886073,45.681727,4.058864
North Dakota,ND,Griggs,05000US38039,7.137282,1.51446,1.501116,2.619139,1.340076
California,CA,Solano,05000US06095,3363.862022,388.4771682,1346.014004,2657.635844,419.300556
Iowa,IA,Clayton,05000US19043,70.891682,98.110286,14.346851,43.95274,3.050532
Texas,TX,Titus,05000US48449,313.62411,21.452477,28.652313,108.82287,4.710024
West Virginia,WV,Hampshire,05000US54027,70.308214,14.054313,10.975153,9.703145,1.292905
North Carolina,NC,Moore,05000US37125,510.509594,42.774892,171.926645,175.707294,31.068351
Kansas,KS,Barton,05000US20009,272.829171,121.355758,25.188645,93.103908,4.697339
North Dakota,ND,Slope,05000US38087,8.332137,1.86534,2.083853,1.882244,0.2614816
Louisiana,LA,Richland,05000US22083,297.648904,41.471866,35.892401,38.073559,20.520628
Nebraska,NE,Garfield,05000US31071,9.571777,5.287047,2.686485,3.782012,1.026364
Louisiana,LA,St. Martin,05000US22099,398.351913,58.632293,84.686458,95.127779,20.368636
Alabama,AL,Sumter,05000US01119,102.085029,9.896159,7.328176,14.605228,1.768503
Alabama,AL,Winston,05000US01133,234.45311,27.951919,37.695895,41.470735,5.975993
Florida,FL,Seminole,05000US12117,3276.403994,1188.504643,1310.392289,1693.106309,197.206539
Mississippi,MS,Forrest,05000US28035,831.596224,85.339201,139.665424,152.09306,102.933587
Michigan,MI,Ingham,05000US26065,1680.786612,92.3338524,667.457229,1217.223609,354.000041
Kansas,KS,Shawnee,05000US20177,1632.898414,341.36066,341.030797,865.488457,79.763089
South Dakota,SD,Hanson,05000US46061,29.593148,5.806706,3.809745,9.223122,1.527609
Minnesota,MN,Itasca,05000US27061,201.903173,52.329622,51.202732,82.355385,27.678471
Colorado,CO,Lincoln,05000US08073,38.792217,8.36915,4.803232,12.893898,1.818302
New York,NY,Madison,05000US36053,241.086107,80.402031,75.987366,186.596595,28.898085
New York,NY,Washington,05000US36115,223.554265,136.212133,55.975544,110.970408,16.079401
Indiana,IN,Johnson,05000US18081,1212.295397,118.111285,227.576567,311.737755,39.840168
Texas,TX,Terry,05000US48445,116.28146,9.867574,8.647615,30.053717,3.319094
New Mexico,NM,Harding,05000US35021,11.735179,5.460421,1.516722,4.954161,0.436572
Alabama,AL,Talladega,05000US01121,1038.599132,195.320118,124.473405,176.447031,17.821237
Wisconsin,WI,Langlade,05000US55067,90.574101,36.209809,22.480182,74.855055,2.586719
Texas,TX,Foard,05000US48155,27.250545,9.742833,1.865373,3.523894,0.453204
Iowa,IA,Buena Vista,05000US19021,120.972267,109.708676,11.871009,30.895519,5.457543
Iowa,IA,Mills,05000US19129,170.364228,92.687585,58.61958,86.391669,9.922015
Texas,TX,Real,05000US48385,27.882903,8.365571,1.293123,4.425937,0.706553
Ohio,OH,Delaware,05000US39041,1781.395335,240.284272,674.5378,712.506343,139.366132
North Carolina,NC,Forsyth,05000US37067,2934.279446,163.307301,687.111834,1155.31727,185.215999
Nevada,NV,Carson City,05000US32510,365.575916,50.949883,129.550108,181.074807,10.70105
Iowa,IA,Dallas,05000US19049,453.238279,217.490447,221.273419,292.834131,33.971509
Texas,TX,Carson,05000US48065,152.975365,30.733404,13.420569,26.509736,7.676475
Georgia,GA,Sumter,05000US13261,344.006383,56.425091,13.207187,61.295367,4.009568
Missouri,MO,Wayne,05000US29223,100.78763,31.383736,5.478555,13.234865,1.363127
South Carolina,SC,Anderson,05000US45007,1652.079548,381.887761,372.415053,348.953725,70.783506
Wyoming,WY,Carbon,05000US56007,96.058511,13.692489,10.598162,71.209296,3.906111
Montana,MT,Silver Bow,05000US30093,184.836642,30.333473,56.099052,130.3015,5.141838
Illinois,IL,Stephenson,05000US17177,350.894491,144.789403,66.781792,135.652676,12.449808
Michigan,MI,Lapeer,05000US26087,709.2749076,96.7300406,208.3899964,202.7117436,19.965443
Louisiana,LA,Claiborne,05000US22027,138.594086,11.912566,12.092092,16.644903,4.239441
Mississippi,MS,Yalobusha,05000US28161,107.161494,13.06799,14.364995,9.97275,2.675843
Michigan,MI,Kalkaska,05000US26079,114.369686,25.376822,19.545906,30.945485,9.364895
Louisiana,LA,Evangeline,05000US22039,184.206089,18.609647,21.090869,54.749658,5.120844
Tennessee,TN,Hardeman,05000US47069,195.418398,18.420876,13.882651,28.123409,3.753799
Arizona,AZ,Cochise,05000US04003,681.83906,133.498565,175.652095,353.075185,60.120044
New Mexico,NM,Hidalgo,05000US35023,41.867213,6.745013,2.417056,10.115876,0.831446
North Dakota,ND,Divide,05000US38023,6.926122,0.403939,2.755357,3.014067,0.466653
California,CA,San Bernardino,05000US06071,16002.44688,1853.067233,4346.976542,6652.917219,870.6697272
Colorado,CO,Montezuma,05000US08083,136.755957,8.365147,15.983811,46.992743,1.9840664
Mississippi,MS,Clarke,05000US28023,233.650774,33.58662,21.214635,33.59975,3.526465
Iowa,IA,Marion,05000US19125,232.089514,200.287292,53.992192,124.187704,7.797123
Nebraska,NE,Douglas,05000US31055,4304.12563,757.962338,1750.457946,3631.66222,426.170327
Virginia,VA,Fairfax City,05000US51600,145.836941,20.806638,79.032529,209.671703,12.614772
Oklahoma,OK,Harmon,05000US40057,29.177718,3.06824,3.772576,3.001621,0.416873
Missouri,MO,Cedar,05000US29039,105.667149,35.73264,6.164253,21.120922,1.605212
Georgia,GA,Clarke,05000US13059,1332.297381,161.085908,473.136998,348.693549,184.518403
Idaho,ID,Valley,05000US16085,35.432009,8.360999,17.754155,25.372327,2.494255
Texas,TX,Knox,05000US48275,62.013112,18.23884,8.141943,10.360281,1.936948
Arkansas,AR,Ouachita,05000US05103,167.911308,7.970475,17.612901,25.52301,3.644706
Ohio,OH,Darke,05000US39037,345.691035,41.648859,56.063969,131.539132,10.264672
Oklahoma,OK,Kay,05000US40071,380.300231,155.747937,59.172847,169.885078,8.745259
South Dakota,SD,Dewey,05000US46041,13.693323,1.555462,1.330883,9.56399,0.310361
Oregon,OR,Tillamook,05000US41057,128.450401,13.949523,26.990974,76.230598,4.063551
Georgia,GA,Coweta,05000US13077,1412.990464,144.821632,233.861044,370.672279,36.457848
Mississippi,MS,Simpson,05000US28127,214.445358,17.497496,36.881144,34.99067,5.479149
Mississippi,MS,Stone,05000US28131,140.156669,7.352853,24.894173,12.929181,3.099801
California,CA,Contra Costa,05000US06013,6594.081313,783.49061,3420.261688,5545.944352,948.900846
Tennessee,TN,Carroll,05000US47017,286.964289,57.230127,19.838094,43.517178,6.762313
Virginia,VA,Henrico,05000US51087,2046.505658,583.864343,710.683544,666.832691,157.690968
Indiana,IN,Owen,05000US18119,179.561077,46.012671,16.090818,30.817665,3.268553
New York,NY,Westchester,05000US36119,4681.278771,853.205481,3962.91831,5571.512451,281.2894046
Missouri,MO,Bollinger,05000US29017,79.491727,56.657112,6.825972,15.942343,2.463941
West Virginia,WV,McDowell,05000US54047,70.618536,7.513042,2.185287,9.666011,1.536437
West Virginia,WV,Harrison,05000US54033,1134.457446,192.336657,106.157338,277.505421,22.574807
North Carolina,NC,Granville,05000US37077,518.403187,74.2950814,149.868152,131.459345,15.3641222
Connecticut,CT,New Haven,05000US09009,4571.71047,545.471334,2442.160795,3666.957076,306.173869
Nebraska,NE,Pierce,05000US31139,39.495078,26.334632,3.21751,9.113769,2.54391
Georgia,GA,Bleckley,05000US13023,144.542828,68.406649,9.249845,20.578115,2.419653
Georgia,GA,Burke,05000US13033,328.569402,41.683776,26.251747,60.652626,6.23503
Illinois,IL,Union,05000US17181,195.76648,73.631171,12.05932,43.396189,5.835863
Illinois,IL,Kankakee,05000US17091,954.915342,254.457035,207.849714,463.687534,27.332279
North Dakota,ND,McIntosh,05000US38051,5.597669,1.114341,0.863424,2.078235,0.583018
Nebraska,NE,Platte,05000US31141,243.450752,79.28557,22.444576,109.091901,30.32445
North Carolina,NC,Warren,05000US37185,121.142962,23.554423,18.059121,24.958999,2.470511
Georgia,GA,Marion,05000US13197,56.253062,14.539502,6.632643,9.729878,1.357787
South Dakota,SD,Clay,05000US46027,119.511145,35.230475,29.692224,53.505842,18.958576
Delaware,DE,Sussex,05000US10005,1377.324067,905.971708,405.203607,816.284795,87.849687
Georgia,GA,Jasper,05000US13159,172.724757,36.021993,26.559419,42.202193,3.781284
Missouri,MO,Randolph,05000US29175,183.885609,53.275493,13.64877,60.765101,3.983862
Kansas,KS,Butler,05000US20015,604.097996,132.081326,53.429177,202.344616,17.731918
Texas,TX,Hays,05000US48209,1204.8144,114.053661,389.894691,445.532587,135.53847
Texas,TX,Medina,05000US48325,429.100834,45.240225,46.157274,110.100307,12.119056
Michigan,MI,Mason,05000US26105,193.274248,73.65322,38.67586,78.561651,2.727848
South Carolina,SC,Beaufort,05000US45013,1166.061931,143.992867,507.367622,497.106388,70.40789
South Dakota,SD,Yankton,05000US46135,136.782432,43.301491,22.870819,84.299886,7.538302
Wisconsin,WI,Rock,05000US55105,1076.65396,446.38734,306.484998,768.871948,48.848794
South Carolina,SC,Pickens,05000US45077,1360.872308,226.063181,314.378584,246.978504,108.760259
Washington,WA,Columbia,05000US53013,23.023121,4.928563,3.007713,12.423184,0.789344
Indiana,IN,Clinton,05000US18023,351.453708,43.266564,26.393133,77.637622,7.926583
Illinois,IL,Clinton,05000US17027,478.213785,150.654616,66.308104,153.240275,21.478952
Idaho,ID,Minidoka,05000US16067,113.857786,10.677152,9.783077,55.562419,2.54154
Pennsylvania,PA,Sullivan,05000US42113,19.616402,9.57566,3.307185,7.350328,0.543282
Mississippi,MS,Rankin,05000US28121,1874.676867,111.564481,346.067656,356.27783,48.63208
Texas,TX,Motley,05000US48345,22.352631,15.184053,1.90085,4.530725,0.885828
Oregon,OR,Lane,05000US41039,2361.46806,436.488472,790.44753,2692.445455,160.208016
Texas,TX,Wichita,05000US48485,1516.620883,113.262163,260.561347,429.215671,22.472204
Michigan,MI,Shiawassee,05000US26155,521.148621,42.563627,127.565537,211.944072,17.093612
Kansas,KS,Jewell,05000US20089,42.689648,30.003796,4.302576,6.876277,1.106174
Kansas,KS,Mitchell,05000US20123,60.371266,32.645679,9.898955,17.117246,1.688398
Florida,FL,Bradford,05000US12007,154.196216,28.235537,18.581047,49.531112,4.130054
Mississippi,MS,Marion,05000US28091,222.032534,11.670416,39.957511,31.958042,5.108703
Mississippi,MS,George,05000US28039,225.491654,39.215684,17.158295,26.63591,3.584917
Illinois,IL,Jo Daviess,05000US17085,111.298731,60.068778,16.770343,65.458298,6.213983
Indiana,IN,Hancock,05000US18059,612.892036,69.041479,126.934849,145.134693,49.717965
Virginia,VA,Franklin City,05000US51620,42.403166,13.16301,3.084048,10.508496,1.017719
Texas,TX,Midland,05000US48329,1223.408689,123.021306,249.81039,499.609216,32.927802
Kansas,KS,Scott,05000US20171,45.840227,9.894856,3.860405,16.819205,0.916586
Montana,MT,Cascade,05000US30013,471.389382,38.977121,149.905648,414.426435,15.536348
Virginia,VA,Harrisonburg,05000US51660,505.497104,96.769367,102.912766,95.940072,79.927956
Illinois,IL,Williamson,05000US17199,730.041515,229.510798,72.873484,208.23919,35.612293
Montana,MT,Flathead,05000US30029,470.813203,47.205965,245.522814,289.840583,9.583064
Kansas,KS,Stevens,05000US20189,63.762816,14.956802,2.39247,21.648159,2.304735
Kentucky,KY,Fayette,05000US21067,3373.158187,101.292368,723.896109,1530.618682,294.063331
Kentucky,KY,Hancock,05000US21091,137.68327,11.999823,9.40022,19.247777,2.742187
South Dakota,SD,Brown,05000US46013,229.258074,40.839003,67.638821,120.519905,5.908399
West Virginia,WV,Barbour,05000US54001,138.991053,11.510216,9.631024,29.676985,2.574787
Tennessee,TN,Wayne,05000US47181,102.070845,15.752639,6.302695,15.993253,1.728492
Nebraska,NE,Box Butte,05000US31013,67.730892,6.537856,7.027154,32.845088,1.421166
Pennsylvania,PA,Northumberland,05000US42097,503.201654,237.380519,78.391305,227.743875,13.631374
Texas,TX,Victoria,05000US48469,1240.590599,129.691047,150.08913,190.143431,61.872708
Virginia,VA,Buena Vista,05000US51530,22.351724,1.610504,4.226805,8.223339,1.024785
Michigan,MI,St. Clair,05000US26147,1846.665652,273.685806,346.947137,605.940852,101.216739
Nebraska,NE,Thurston,05000US31173,18.228684,6.005452,3.331813,4.620131,0.886803
Vermont,VT,Lamoille,05000US50015,77.022807,36.066718,48.689305,64.370221,6.185562
Virginia,VA,Franklin,05000US51067,299.351101,27.151088,69.542626,66.624766,6.680659
Oklahoma,OK,Blaine,05000US40011,207.684354,41.145609,18.639816,47.053643,7.69198
Washington,WA,Kittitas,05000US53037,198.298457,29.925333,56.955401,139.166757,6.527157
Indiana,IN,Randolph,05000US18135,292.125726,52.555969,35.541189,72.012621,9.255305
Utah,UT,Kane,05000US49025,47.67265,4.544393,7.765831,25.733327,1.690169
West Virginia,WV,Tucker,05000US54093,60.773884,5.826597,3.151958,17.783459,0.849011
Wisconsin,WI,Crawford,05000US55023,85.380141,86.968664,11.825492,57.610355,1.968742
Alabama,AL,Jackson,05000US01071,446.551898,73.905513,36.993124,115.562683,5.784058
Iowa,IA,Mahaska,05000US19123,206.210519,144.092169,31.601783,84.911925,5.948108
Kansas,KS,Douglas,05000US20045,645.238557,128.853669,160.224252,421.629322,71.463475
Kentucky,KY,Daviess,05000US21059,1369.233422,146.751179,202.676718,393.607984,25.869211
Kentucky,KY,Powell,05000US21197,75.868068,5.611819,3.973316,17.828131,1.467593
Missouri,MO,Jasper,05000US29097,1073.050108,236.90783,147.78885,280.33251,18.13462
Oregon,OR,Union,05000US41061,187.202458,39.203246,37.006594,78.665176,3.536402
Georgia,GA,Henry,05000US13151,1359.636088,50.042988,272.399774,538.211509,42.880166
North Dakota,ND,Adams,05000US38001,5.090708,0.738903,1.168428,4.974435,0.389635
North Carolina,NC,Pamlico,05000US37137,74.645226,18.520215,11.341278,22.76235,1.009359
Kentucky,KY,Graves,05000US21083,536.690677,64.811262,70.505561,93.211231,18.806207
Pennsylvania,PA,Cambria,05000US42021,820.595135,122.637024,280.201228,360.379172,87.798776
Tennessee,TN,McMinn,05000US47107,398.709874,35.487363,48.292581,69.15433,6.656478
Michigan,MI,Livingston,05000US26093,2401.265766,123.768638,914.358606,860.885305,187.199863
Colorado,CO,Adams,05000US08001,3395.699942,528.63662,1111.659679,2998.79084,253.920256
Pennsylvania,PA,Lackawanna,05000US42069,1315.477526,320.82781,567.549248,779.615884,62.107339
Oklahoma,OK,Pontotoc,05000US40123,455.10744,60.772909,67.279835,96.190614,9.166898
Oklahoma,OK,Creek,05000US40037,1010.217577,121.571628,146.199956,269.780284,37.756695
Texas,TX,Tyler,05000US48457,217.003715,32.406335,14.429223,20.069131,2.437974
Tennessee,TN,Van Buren,05000US47175,59.004425,6.388486,2.883013,8.054026,1.422505
Oklahoma,OK,Pottawatomie,05000US40125,867.475064,100.730343,80.516053,179.816641,16.333171
Connecticut,CT,Tolland,05000US09013,539.441471,69.836293,267.427321,433.2365988,43.4280134
New Mexico,NM,Socorro,05000US35053,115.321837,5.900228,27.244605,77.293764,7.672743
Georgia,GA,Atkinson,05000US13003,108.159604,29.631732,7.331679,14.135052,0.776973
Florida,FL,Duval,05000US12031,5799.812874,1092.620318,1514.07843,2694.534457,360.403508
Texas,TX,Falls,05000US48145,212.669502,25.779097,22.764338,32.996008,4.388821
Arkansas,AR,Yell,05000US05149,227.694,26.813354,20.049653,46.239127,3.654691
Kansas,KS,Comanche,05000US20033,12.581642,4.688097,0.647512,2.673914,0.356822
Kentucky,KY,Jessamine,05000US21113,495.424112,19.96203,70.951994,170.138342,20.029795
Kentucky,KY,Monroe,05000US21171,170.856709,7.564328,9.837255,18.316965,3.404593
Oklahoma,OK,Kiowa,05000US40075,93.574553,19.816997,6.46616,34.999543,2.017307
South Dakota,SD,Lake,05000US46079,67.81334,23.904928,13.347713,50.5812,4.964627
North Carolina,NC,Caswell,05000US37033,170.481756,12.907204,21.300577,25.708905,6.249902
Texas,TX,Presidio,05000US48377,18.753253,1.326066,1.215582,5.553231,0.276081
Ohio,OH,Greene,05000US39057,1403.987421,60.415221,293.343744,538.672879,60.560499
Texas,TX,Willacy,05000US48489,173.649921,23.07867,8.030728,34.278443,4.035375
New Mexico,NM,Los Alamos,05000US35028,81.304108,8.607705,40.849249,71.652468,6.469298
Alabama,AL,Baldwin,05000US01003,1611.215463,136.16489,426.015139,537.262911,56.336788
Iowa,IA,Appanoose,05000US19007,93.185234,57.145408,25.640546,33.456489,2.488214
Virginia,VA,New Kent,05000US51127,157.872748,35.410146,36.056679,26.848022,12.805288
Georgia,GA,Talbot,05000US13263,87.048484,13.904767,10.612717,17.46637,1.69371
New York,NY,Lewis,05000US36049,65.406625,40.742333,10.703974,15.447562,2.004598
West Virginia,WV,Clay,05000US54015,81.542276,37.164805,9.648357,9.401991,1.810094
Indiana,IN,Jefferson,05000US18077,214.394703,41.984247,30.565331,67.940979,10.269711
Virginia,VA,Bedford,05000US51019,768.776457,55.397533,150.617534,198.195589,34.773974
New Mexico,NM,Mora,05000US35033,8.395274,2.822881,1.481053,3.830976,0.426518
Nebraska,NE,Boone,05000US31011,42.688944,23.113368,17.410117,8.758149,3.888366
Missouri,MO,Oregon,05000US29149,74.683104,17.163273,2.848638,10.493681,1.105503
Tennessee,TN,Houston,05000US47083,107.426372,10.888609,7.723313,19.856223,3.344329
Pennsylvania,PA,Wyoming,05000US42131,104.247664,19.492489,28.418611,39.093803,5.018648
North Carolina,NC,Lenoir,05000US37107,331.111181,63.560703,45.650226,92.050123,12.96889
Indiana,IN,Vigo,05000US18167,1297.713838,187.353665,158.745498,356.303592,38.951359
Indiana,IN,Elkhart,05000US18039,969.764348,138.531107,192.85161,434.300606,26.796448
Virginia,VA,Grayson,05000US51077,91.388774,9.436075,5.605133,26.20529,1.83918
Texas,TX,Lubbock,05000US48303,3764.300583,125.121482,675.350109,1314.581959,249.046047
Minnesota,MN,Meeker,05000US27093,116.876918,67.29821,41.477269,84.748614,5.543092
Ohio,OH,Ashland,05000US39005,337.335435,57.71193,83.160552,133.417713,14.435104
Nebraska,NE,Madison,05000US31119,270.358543,82.796959,36.808119,100.288708,10.71412
Florida,FL,Martin,05000US12085,784.150719,172.094301,386.63101,675.715305,29.987927
Colorado,CO,Mineral,05000US08079,22.6509,5.339888,2.922619,8.747993,0.286095
Georgia,GA,Dawson,05000US13085,203.486866,9.356367,39.405787,51.483741,5.189289
Georgia,GA,Johnson,05000US13167,111.210819,22.676884,8.234954,22.038812,1.617189
Arkansas,AR,Monroe,05000US05095,93.069634,13.491303,6.724036,19.438195,1.861544
Missouri,MO,Dallas,05000US29059,113.053179,26.993886,11.651065,17.837698,3.61472
Virginia,VA,Pittsylvania,05000US51143,629.081258,50.840668,186.927176,94.688967,18.562268
Kansas,KS,Pawnee,05000US20145,69.103354,38.447623,3.193691,25.885245,1.817643
Kansas,KS,Wyandotte,05000US20209,1610.343079,158.83395,282.883349,1026.609353,102.808577
Florida,FL,Dixie,05000US12029,54.64304,18.938229,3.854728,25.848248,0.736891
Michigan,MI,Tuscola,05000US26157,329.064669,56.766792,34.655459,92.140721,18.388872
Kansas,KS,Graham,05000US20065,59.734076,14.054289,5.042997,10.8268,1.959374
Louisiana,LA,St. Landry,05000US22097,527.361922,53.015384,83.775632,143.755613,20.241021
Tennessee,TN,Giles,05000US47055,310.436031,53.219669,45.335691,70.195237,4.761354
Ohio,OH,Lucas,05000US39095,3631.670933,393.10305,880.809202,2069.756944,281.821906
Arkansas,AR,Mississippi,05000US05093,496.94399,40.030459,28.736288,65.498318,11.077297
Indiana,IN,Floyd,05000US18043,1044.296763,61.006179,182.335119,341.193809,38.495442
Kansas,KS,Morton,05000US20129,28.783735,4.436104,1.621243,4.84584,0.901055
Kentucky,KY,Grant,05000US21081,171.880718,7.768371,17.080519,37.087123,4.943808
Kentucky,KY,Taylor,05000US21217,239.15863,14.793724,25.03847,54.122546,5.72309
North Carolina,NC,Graham,05000US37075,29.422605,11.935398,2.495818,4.515431,0.943724
West Virginia,WV,Logan,05000US54045,253.464992,24.347479,7.616353,50.586001,3.52081
West Virginia,WV,Pleasants,05000US54073,109.693411,30.315178,8.973303,32.055619,2.096713
Virginia,VA,Giles,05000US51071,142.232546,5.795828,19.089065,30.686516,7.640194
West Virginia,WV,Fayette,05000US54019,334.593089,57.603477,52.007909,65.128903,8.845978
Washington,WA,Snohomish,05000US53061,4443.783904,515.602229,1787.242509,3601.711198,380.283912
New Mexico,NM,Eddy,05000US35015,920.708141,319.865513,76.531268,472.518883,11.547769
Nebraska,NE,McPherson,05000US31117,21.097141,13.012431,2.492544,3.387669,0.700349
Nebraska,NE,Red Willow,05000US31145,110.569277,50.979517,23.914921,51.275902,3.757611
Nebraska,NE,Rock,05000US31149,10.213636,6.091378,6.985374,3.45265,0.647846
Tennessee,TN,Humphreys,05000US47085,268.528573,58.111623,23.019798,35.239519,5.086472
Illinois,IL,Mason,05000US17125,195.110308,108.378148,22.531506,69.056385,4.824059
Virginia,VA,Wythe,05000US51197,176.985179,11.698339,23.608429,44.145077,3.852304
Georgia,GA,Washington,05000US13303,167.75743,18.883254,12.838639,29.396915,2.81052
Washington,WA,Yakima,05000US53077,895.037994,126.920464,274.724924,575.071431,37.190011
Arkansas,AR,Washington,05000US05143,1418.675492,194.839471,326.805641,413.334492,142.384233
Texas,TX,Henderson,05000US48213,829.981013,71.332559,143.638736,177.55984,11.882069
Wisconsin,WI,Eau Claire,05000US55035,520.950975,286.977927,206.988568,388.603337,11.472904
Tennessee,TN,Sequatchie,05000US47153,99.510417,25.683512,12.229922,23.751767,1.763535
Texas,TX,Walker,05000US48471,474.154581,31.509951,58.244998,145.317572,44.997873
Arizona,AZ,Coconino,05000US04005,713.252294,70.741068,249.371993,442.340247,35.260406
Kansas,KS,Sumner,05000US20191,194.748936,80.541522,15.882453,60.907025,5.501807
Michigan,MI,Oceana,05000US26127,105.1669,61.526362,24.339448,41.878627,2.439877
Minnesota,MN,Kanabec,05000US27065,73.455537,51.231088,20.220261,36.70776,2.711433
Ohio,OH,Ashtabula,05000US39007,581.939754,157.655502,63.380849,223.701959,13.537505
California,CA,Alpine,05000US06003,21.408584,2.333016,9.646408,7.046187,1.031306
Texas,TX,Galveston,05000US48167,2789.13942,209.845533,664.041486,1051.967872,123.901627
Alabama,AL,Bullock,05000US01011,55.194257,7.052259,5.012261,5.100466,1.003239
Illinois,IL,Livingston,05000US17105,286.471895,118.457806,41.564875,132.742175,11.164406
Ohio,OH,Preble,05000US39135,522.556867,31.777692,74.737822,192.080472,19.695215
Ohio,OH,Jackson,05000US39079,283.689608,15.96711,22.738674,62.713404,6.351785
Texas,TX,Harris,05000US48201,26221.89737,2073.244872,7361.088144,11370.69278,1072.510051
Massachusetts,MA,Middlesex,05000US25017,4866.454294,831.133769,6274.937967,7238.600135,439.341675
Texas,TX,Dawson,05000US48115,166.272118,8.232587,22.252167,44.622524,2.880506
New York,NY,Ontario,05000US36069,441.698379,45.302901,186.669952,306.146905,36.017545
Alabama,AL,Autauga,05000US01001,687.382372,73.56512,107.784562,163.521149,15.624959
Kansas,KS,Miami,05000US20121,439.331143,110.495788,92.687766,192.165874,20.130832
Georgia,GA,Dodge,05000US13091,220.240015,86.176439,14.289826,29.553939,2.361987
New York,NY,Cortland,05000US36023,213.058656,33.486877,80.58261,117.819759,10.672346
Georgia,GA,Camden,05000US13039,392.445921,108.20497,69.437808,100.127844,11.955588
Michigan,MI,Washtenaw,05000US26161,2080.641896,149.4548038,1230.268856,1627.006014,202.3105926
Indiana,IN,LaGrange,05000US18087,124.442597,22.323905,8.458117,37.58025,5.797354
Texas,TX,Pecos,05000US48371,156.597061,31.356284,10.413459,38.106243,2.302198
Georgia,GA,Peach,05000US13225,237.200061,41.970097,22.783253,43.899754,4.318213
Georgia,GA,White,05000US13311,285.488347,22.081198,39.341533,57.726231,5.324857
Georgia,GA,Jefferson,05000US13163,128.222527,14.319607,10.837975,21.524834,2.218082
Wisconsin,WI,Oconto,05000US55083,164.747212,94.046011,36.808397,88.19788,8.970055
Texas,TX,Nacogdoches,05000US48347,558.806902,50.10806,78.986156,92.965867,34.612117
Rhode Island,RI,Washington,05000US44009,443.5524,47.597117,343.112672,574.906292,153.659083
Washington,WA,Okanogan,05000US53047,113.792126,21.002947,19.693202,57.014192,4.06622
Washington,WA,Spokane,05000US53063,3034.091155,378.572559,1148.487671,2203.766983,516.841652
Wisconsin,WI,Forest,05000US55041,26.568988,10.727877,5.009929,11.95724,1.104807
Wisconsin,WI,Sawyer,05000US55113,59.908109,47.40222,16.614901,45.811889,2.559766
Ohio,OH,Stark,05000US39151,2728.048443,496.219934,567.823318,1343.30613,116.944974
Texas,TX,Guadalupe,05000US48187,1458.417427,201.522099,334.199582,575.004409,53.98976
Washington,WA,Island,05000US53029,493.408649,65.6458,165.260106,321.216085,18.82698
West Virginia,WV,Jefferson,05000US54037,595.448676,110.733146,141.471297,191.60172,56.054186
Virginia,VA,Prince William,05000US51153,3338.238478,847.324193,1276.908115,1667.075119,243.588241
Pennsylvania,PA,Chester,05000US42029,2243.563442,1674.113789,1616.672792,1573.864448,191.803662
West Virginia,WV,Mercer,05000US54055,605.386109,68.483795,32.29027,111.374913,59.268585
Tennessee,TN,Roane,05000US47145,481.185133,70.921113,65.86652,110.195154,13.157006
Washington,WA,Clallam,05000US53009,288.572683,57.3023,90.168176,234.220374,8.842338
Washington,WA,Stevens,05000US53065,193.522955,26.620418,36.772564,73.612166,9.922554
Iowa,IA,Van Buren,05000US19177,31.080662,29.109998,4.056833,11.688313,1.319967
Nebraska,NE,Gosper,05000US31073,22.793026,16.931588,3.322099,7.896129,1.632288
Mississippi,MS,Monroe,05000US28095,480.487255,52.992717,38.061613,70.754983,7.518015
Florida,FL,Escambia,05000US12033,3049.494739,294.473699,582.966369,1115.479305,90.57054
Texas,TX,Tarrant,05000US48439,15744.80671,1473.440811,3489.910916,6773.001412,908.865996
Maryland,MD,Prince George's,05000US24033,7635.485433,2068.477983,2232.288269,6859.404903,388.062655
Virginia,VA,Scott,05000US51169,206.636435,8.459661,23.636672,30.964522,2.988567
Texas,TX,Jackson,05000US48239,184.597183,24.826751,8.647167,28.444941,7.80593
Oklahoma,OK,Love,05000US40085,207.182986,15.272711,10.227645,39.051545,2.341853
Georgia,GA,Twiggs,05000US13289,69.416693,16.036536,4.863057,11.957675,1.111167
Ohio,OH,Mahoning,05000US39099,1845.369862,301.573389,412.232589,852.646064,139.696681
Alabama,AL,Macon,05000US01087,262.595522,36.604034,26.262986,60.190745,9.374485
Illinois,IL,Wayne,05000US17191,202.159133,54.724414,23.841663,50.151673,3.756747
Texas,TX,Swisher,05000US48437,93.597133,10.247686,6.723052,19.79198,2.8257
Missouri,MO,Osage,05000US29151,153.832061,58.820288,12.938001,33.388055,5.095654
Illinois,IL,Kane,05000US17089,2310.07453,222.20572,952.40509,1816.41719,122.725922
California,CA,El Dorado,05000US06017,1377.571788,122.141856,781.497578,866.449571,124.995591
South Carolina,SC,Kershaw,05000US45055,869.361447,132.212061,125.289728,110.389013,24.324935
North Carolina,NC,Gates,05000US37073,54.457288,18.528644,4.637573,6.667136,0.755782
Colorado,CO,Otero,05000US08089,211.081369,21.116696,22.452077,106.083188,3.81099
Oregon,OR,Douglas,05000US41019,523.415177,76.423884,49.559731,249.618712,7.837916
Pennsylvania,PA,Monroe,05000US42089,656.328692,221.621576,236.449202,406.034847,29.059031
Arkansas,AR,Newton,05000US05101,46.876355,12.678312,4.780833,4.608141,0.764516
North Dakota,ND,Cavalier,05000US38019,19.861391,5.353566,6.887978,6.969109,1.580312
Oklahoma,OK,Noble,05000US40103,188.281101,85.889105,28.651728,56.383703,9.557863
Kansas,KS,Gove,05000US20063,44.2507,19.137606,3.458136,6.75333,0.604889
Louisiana,LA,Pointe Coupee,05000US22077,198.186148,28.931227,25.532273,55.58799,12.026645
Nebraska,NE,Gage,05000US31067,287.618142,108.462799,82.756397,125.937976,17.479704
Alabama,AL,St. Clair,05000US01115,723.244212,85.887019,161.003508,145.319678,19.63346
Mississippi,MS,Scott,05000US28123,211.29012,44.02723,25.876186,42.566963,3.508983
Georgia,GA,Dougherty,05000US13095,819.331018,166.331324,163.363002,295.308548,11.895224
Indiana,IN,Harrison,05000US18061,294.985976,26.126835,34.648087,47.858575,8.451906
Idaho,ID,Bonner,05000US16017,158.23497,26.934029,41.660368,84.281548,4.940129
Georgia,GA,Catoosa,05000US13047,794.589542,125.390527,125.986235,150.256292,16.213431
Louisiana,LA,LaSalle,05000US22059,127.690794,18.657964,4.820829,35.23331,2.698658
Maine,ME,Waldo,05000US23027,110.061733,35.473563,32.019084,47.329532,4.107993
Maryland,MD,Howard,05000US24027,1610.032151,282.712815,783.442319,1848.37685,108.266558
Utah,UT,Salt Lake,05000US49035,6748.875607,957.835586,2352.67762,5204.809213,446.359703
Connecticut,CT,Hartford,05000US09003,4534.894338,461.880822,2771.889197,4151.541974,365.974838
Connecticut,CT,Windham,05000US09015,427.926911,45.052191,198.795556,334.726635,25.091084
Florida,FL,Monroe,05000US12087,725.778565,103.910118,432.013249,555.756959,56.269415
Ohio,OH,Tuscarawas,05000US39157,765.248393,126.54919,128.222621,269.364326,21.270989
New York,NY,Richmond,05000US36085,4815.076628,666.651951,2497.504296,5752.192911,535.391646
Ohio,OH,Highland,05000US39071,313.451723,42.811581,24.913932,56.104435,8.688234
Minnesota,MN,Lake of the Woods,05000US27077,21.802246,13.902454,8.311331,8.232573,0.987767
Idaho,ID,Bingham,05000US16011,205.004052,19.883162,47.034952,64.203024,7.624435
South Carolina,SC,Greenville,05000US45045,4003.296933,432.288197,1187.208358,1231.290255,253.75737
South Dakota,SD,Lyman,05000US46085,22.313966,13.21253,4.387346,6.969658,1.881651
Wisconsin,WI,Trempealeau,05000US55121,130.432815,128.288651,27.127858,74.669251,2.615964
California,CA,Yolo,05000US06113,1250.413628,152.663492,688.67703,1110.60042,222.732282
Texas,TX,Sterling,05000US48431,57.55131,8.048605,4.931691,8.307591,2.762658
Texas,TX,Winkler,05000US48495,230.156157,89.378406,31.629953,59.687941,4.593727
South Dakota,SD,Jackson,05000US46071,19.846205,9.142122,2.042217,6.309441,0.246909
Utah,UT,Sevier,05000US49041,153.852269,13.943419,23.963038,64.73969,4.295765
Virginia,VA,Charles City,05000US51036,59.426254,17.171725,10.473665,12.71492,4.996217
Alabama,AL,Choctaw,05000US01023,105.229788,14.815517,4.709104,12.015378,1.766531
Indiana,IN,Knox,05000US18083,407.733558,134.104346,33.706833,142.01364,7.01389
Nebraska,NE,Dawson,05000US31047,214.168506,82.041609,43.974463,138.036281,9.907606
Kansas,KS,Ford,05000US20057,162.644529,33.216292,16.488486,68.362614,2.463639
North Dakota,ND,Williams,05000US38105,273.568446,19.043102,100.636632,108.459321,6.022271
North Dakota,ND,Cass,05000US38017,720.442222,128.625018,380.050903,512.432741,141.539596
Illinois,IL,Hardin,05000US17069,70.359635,16.093442,4.065541,14.26677,1.601515
Nebraska,NE,Arthur,05000US31005,13.260708,6.65832,2.306459,3.44275,0.535604
Texas,TX,Frio,05000US48163,68.304624,13.18039,11.932052,26.3957,1.168171
Iowa,IA,Johnson,05000US19103,451.107271,154.878156,316.116555,542.930923,94.276655
Kansas,KS,Neosho,05000US20133,121.54636,84.667905,3.651701,43.507148,1.820827
Kentucky,KY,Greenup,05000US21089,428.265091,14.684161,81.215023,85.074607,8.25863
Kansas,KS,Linn,05000US20107,69.812446,47.251782,6.959039,19.077856,1.691748
Utah,UT,Garfield,05000US49017,28.90074,3.892109,3.381422,13.783251,1.294267
Nevada,NV,Eureka,05000US32011,14.026654,0.939713,1.723077,6.893425,0.491153
Nebraska,NE,Hayes,05000US31085,15.59005,5.406244,0.650815,3.639761,1.066332
Colorado,CO,Phillips,05000US08095,61.377748,18.852706,6.657596,13.246009,3.521124
Arkansas,AR,Calhoun,05000US05013,52.23104,7.266611,4.627013,8.440064,1.807001
Kentucky,KY,Henderson,05000US21101,451.002581,64.028857,31.072697,142.60164,12.578752
Mississippi,MS,Holmes,05000US28051,100.63043,30.323086,5.452007,17.988536,1.969988
Mississippi,MS,Oktibbeha,05000US28105,507.024945,30.321905,92.673432,234.807485,80.242363
Montana,MT,Fergus,05000US30027,27.198131,0.82356,2.229485,23.153561,0.343464
Maryland,MD,Garrett,05000US24023,166.483809,21.100878,21.520554,58.647197,3.53423
Louisiana,LA,Webster,05000US22119,567.049294,48.373087,55.434224,94.757634,11.656635
Michigan,MI,Hillsdale,05000US26059,255.285024,39.276845,49.714144,74.881371,7.315619
Kentucky,KY,Logan,05000US21141,332.866249,42.983541,30.631552,56.573083,11.45249
South Dakota,SD,Custer,05000US46033,45.731488,9.079594,5.532058,19.905584,1.148729
New Hampshire,NH,Merrimack,05000US33013,574.369009,128.271221,465.401328,436.123254,31.245815
Pennsylvania,PA,York,05000US42133,2463.587642,557.806937,669.5544,1435.308062,138.085779
North Carolina,NC,Rutherford,05000US37161,556.737613,73.474766,60.880349,88.934775,10.664448
South Dakota,SD,Beadle,05000US46005,138.933584,51.80753,38.123541,49.274917,4.000169
Alabama,AL,Cullman,05000US01043,1008.426228,64.395141,172.905496,250.849554,18.997599
Georgia,GA,Douglas,05000US13097,922.414544,43.044788,193.836297,404.699699,38.795701
Nebraska,NE,Johnson,05000US31097,36.747452,21.830505,5.681569,11.162102,2.717226
North Carolina,NC,Washington,05000US37187,58.329258,5.840021,3.694995,7.486481,1.119246
South Dakota,SD,Jones,05000US46075,38.73817,7.49256,4.254984,5.914655,0.75651
North Carolina,NC,Anson,05000US37007,150.078046,10.665139,10.966216,26.713245,2.325693
North Dakota,ND,Billings,05000US38007,19.210524,4.895951,2.013436,7.928548,0.601817
Nebraska,NE,Antelope,05000US31003,47.551122,38.455991,6.399832,11.984942,3.246792
Missouri,MO,Gasconade,05000US29073,96.172648,29.162847,8.221061,31.946054,2.345032
Kentucky,KY,Butler,05000US21031,295.763189,41.704442,17.069485,34.015739,6.010161
Wyoming,WY,Campbell,05000US56005,257.354719,20.377557,48.556925,143.36837,24.081039
Georgia,GA,Morgan,05000US13211,313.220151,27.995487,58.744653,84.2325,9.192779
Arkansas,AR,Cross,05000US05037,309.83774,16.321381,25.188244,60.59674,5.841014
Arkansas,AR,Phillips,05000US05107,132.859258,36.606359,5.129786,30.001076,2.338493
Louisiana,LA,St. James,05000US22093,230.128489,35.623697,36.836102,82.880056,15.055359
California,CA,Yuba,05000US06115,489.873136,77.605082,133.914059,225.559798,19.913417
Alabama,AL,Shelby,05000US01117,2977.816885,217.0373,744.578559,749.717791,151.169278
Colorado,CO,Ouray,05000US08091,12.412686,1.549126,5.736797,10.340886,0.460083
New Mexico,NM,Curry,05000US35009,596.999785,87.226275,82.711625,229.526039,10.308464
Oklahoma,OK,Washita,05000US40149,168.607716,29.99365,19.810107,44.847356,2.999267
North Carolina,NC,Orange,05000US37135,783.556173,61.498986,323.779084,345.80284,114.603725
Indiana,IN,Pulaski,05000US18131,118.70912,49.739196,6.667845,41.164114,8.927625
Michigan,MI,Benzie,05000US26019,64.508571,19.802394,19.96705,34.843049,2.592796
New York,NY,Erie,05000US36029,3802.688414,789.1671464,2000.040209,3741.738473,340.87554
Maryland,MD,Montgomery,05000US24031,5479.736872,960.216223,2972.079872,6291.257686,509.110692
Virginia,VA,Manassas Park,05000US51685,57.673991,27.33454,16.740969,28.174919,2.21149
Virginia,VA,Arlington,05000US51013,1593.469692,287.189673,965.198928,1918.805385,197.030636
Virginia,VA,Carroll,05000US51035,161.707246,12.807921,12.438277,27.44587,2.791401
Missouri,MO,St. Charles,05000US29183,3521.146456,444.44418,1471.228002,1503.207387,174.52639
California,CA,San Benito,05000US06069,463.209337,42.798305,147.906194,239.313602,22.514834
Maryland,MD,Queen Anne's,05000US24035,344.815077,144.034236,151.560969,176.227848,19.341701
Kansas,KS,Brown,05000US20013,87.977234,49.40529,8.826576,41.766529,2.415977
Georgia,GA,Bulloch,05000US13031,648.332352,193.789506,59.652301,170.778771,66.06834
Kentucky,KY,Floyd,05000US21071,317.161215,76.523907,14.607958,80.068554,9.182914
Montana,MT,Broadwater,05000US30007,32.696304,4.502153,7.724406,13.339908,0.468098
Georgia,GA,Wheeler,05000US13309,64.274548,33.268379,4.387482,9.70499,0.605864
North Carolina,NC,Craven,05000US37049,599.832085,45.673835,127.292998,216.316654,10.2531088
Missouri,MO,Holt,05000US29087,79.752722,13.963923,9.27332,18.29916,2.305113
Texas,TX,Lipscomb,05000US48295,73.027296,11.493641,3.709633,16.64465,2.186457
Oregon,OR,Columbia,05000US41009,306.906267,30.723662,76.640784,190.83855,11.877221
South Carolina,SC,Florence,05000US45041,1682.916841,192.630392,269.254871,444.235213,26.500757
North Dakota,ND,Mountrail,05000US38061,70.402998,8.329632,9.720447,19.875137,2.052632
Utah,UT,Washington,05000US49053,861.576183,44.679279,202.148151,506.662106,23.473269
Montana,MT,Big Horn,05000US30003,71.324682,13.340783,13.099019,30.291832,1.032583
Pennsylvania,PA,Elk,05000US42047,87.7129,22.151356,24.524376,83.784653,2.953748
Nebraska,NE,Sioux,05000US31165,10.656749,2.883284,2.167993,4.343379,0.142921
Mississippi,MS,Covington,05000US28031,180.888935,24.916949,28.290265,18.526545,4.766175
Indiana,IN,Brown,05000US18013,129.466868,13.132787,15.678783,25.862759,4.101399
Indiana,IN,Clark,05000US18019,1245.044606,129.663954,198.809396,413.262606,42.737336
Kentucky,KY,Boyle,05000US21021,274.949413,14.209312,30.534209,84.400928,9.441583
Kentucky,KY,Estill,05000US21065,140.363042,9.361085,7.024579,31.804599,3.21244
Texas,TX,Collingsworth,05000US48087,20.693711,2.665861,5.244462,2.933095,0.612372
Texas,TX,Colorado,05000US48089,197.771301,11.528838,23.375488,61.631997,7.759478
Illinois,IL,Grundy,05000US17063,498.123034,88.320327,128.407635,250.427473,20.232687
Minnesota,MN,Lincoln,05000US27081,25.608114,7.101778,7.542032,11.149276,1.695888
Georgia,GA,Evans,05000US13109,110.781314,17.717639,13.499112,18.943594,2.706777
Texas,TX,Wise,05000US48497,784.551285,79.380657,86.470541,130.286029,17.419709
Georgia,GA,Webster,05000US13307,64.484328,21.267881,4.406402,8.483721,1.026996
Georgia,GA,Jones,05000US13169,415.598767,68.156525,36.648953,78.958006,8.278339
Georgia,GA,Gwinnett,05000US13135,4405.18497,149.631125,1352.629495,2150.500325,204.772863
Wisconsin,WI,Polk,05000US55095,156.975763,74.605837,37.755921,111.652784,10.445147
Wisconsin,WI,Green,05000US55045,210.992994,137.251752,49.957507,150.994658,7.67894
New York,NY,Putnam,05000US36079,358.790789,97.246039,291.714332,311.298241,26.697014
Virginia,VA,Newport News,05000US51700,1418.144916,661.434322,332.840741,508.04705,87.229859
Colorado,CO,Bent,05000US08011,17.868997,2.345493,0.881881,7.051591,0.367996
Oklahoma,OK,Jackson,05000US40065,320.995179,36.953021,56.354303,74.835532,4.650375
Montana,MT,Sanders,05000US30089,31.822801,3.767149,5.54687,13.297295,0.864306
Texas,TX,Glasscock,05000US48173,83.152593,36.239812,10.688048,18.456431,3.106615
Arkansas,AR,Franklin,05000US05047,106.339562,31.801564,13.153197,22.939325,4.039212
Oklahoma,OK,Major,05000US40093,176.218192,74.589249,21.377011,27.439786,4.047782
Tennessee,TN,Montgomery,05000US47125,1793.466602,279.663362,310.261818,596.727261,74.964391
Washington,WA,Pend Oreille,05000US53051,92.697218,18.821484,20.170638,52.098664,5.99665
North Dakota,ND,McLean,05000US38055,24.047277,3.330308,5.643876,10.071592,1.850209
Oregon,OR,Hood River,05000US41027,75.453843,4.202266,33.550751,70.568151,8.750425
Iowa,IA,Wright,05000US19197,99.159834,90.952403,25.138554,69.118451,4.351938
Texas,TX,Shelby,05000US48419,199.685882,32.5865,23.832348,44.579873,3.832595
Missouri,MO,Crawford,05000US29055,186.288384,52.802096,16.796422,43.960376,2.947497
Virginia,VA,Bath,05000US51017,17.393562,2.372728,4.80276,4.289842,0.376872
Minnesota,MN,Otter Tail,05000US27111,280.72075,113.585985,91.185403,161.999914,19.208175
Louisiana,LA,Plaquemines,05000US22075,281.483788,27.718422,41.905195,88.43479,16.758407
Mississippi,MS,Pontotoc,05000US28115,337.087266,42.946393,44.738389,35.751064,6.33987
Louisiana,LA,Morehouse,05000US22067,300.833148,31.272761,29.407983,56.524916,9.321198
Kentucky,KY,Bullitt,05000US21029,1201.73536,61.628462,216.742004,273.733377,45.642176
Alabama,AL,Dallas,05000US01047,453.043668,47.835591,38.169595,73.743619,7.372816
Texas,TX,Comanche,05000US48093,173.401858,41.142239,10.068397,41.055452,2.54868
Montana,MT,Lincoln,05000US30053,54.227849,9.394179,17.556942,34.418145,1.1850716
Minnesota,MN,Cass,05000US27021,159.430808,34.004394,45.340174,60.057921,8.806856
Colorado,CO,Archuleta,05000US08007,55.829229,5.701045,27.328141,50.167269,1.230174
Mississippi,MS,Yazoo,05000US28163,197.728441,35.457854,12.904505,19.043027,3.078242
Wisconsin,WI,Outagamie,05000US55087,1066.824157,670.290779,366.471737,706.885298,63.571632
Missouri,MO,Lafayette,05000US29107,248.521373,93.085528,40.992989,104.129184,8.924168
North Carolina,NC,Wilson,05000US37195,803.637455,75.057828,115.336128,257.918158,14.716222
Ohio,OH,Morrow,05000US39117,215.558161,20.930146,24.274379,72.386137,7.902557
Montana,MT,Granite,05000US30039,6.257122,1.187024,1.856058,4.067451,0.138424
North Dakota,ND,Foster,05000US38031,8.437903,7.937431,1.338491,3.433471,0.519489
Arkansas,AR,Crawford,05000US05033,519.374024,67.691864,72.814707,99.785149,20.107846
Texas,TX,Burnet,05000US48053,383.511784,42.236911,71.387887,102.742305,8.728226
Missouri,MO,Ste. Genevieve,05000US29186,154.553549,52.342049,15.043518,50.982137,13.503057
Texas,TX,Gray,05000US48179,301.294669,52.514987,32.835753,125.830937,9.279659
Illinois,IL,McDonough,05000US17109,335.350782,108.071083,27.830318,95.146808,69.517781
Iowa,IA,Montgomery,05000US19137,120.56879,78.869482,13.995614,79.115427,4.458107
Arkansas,AR,Jackson,05000US05067,187.522533,7.972821,12.017894,41.740256,3.005885
Texas,TX,Hudspeth,05000US48229,7.600023,1.572291,1.406932,4.696382,0.16089
Louisiana,LA,Rapides,05000US22079,1337.601274,168.442872,261.118455,293.594443,32.603136
Nebraska,NE,Lincoln,05000US31111,311.465908,147.890201,70.433697,120.514027,9.651639
Texas,TX,Cass,05000US48067,364.744723,23.74212,28.697937,52.627871,8.121868
Tennessee,TN,Henry,05000US47079,324.557406,55.499556,14.35388,70.345131,20.740697
Virginia,VA,Winchester,05000US51840,129.012182,22.928502,54.196871,76.091693,3.679945
North Carolina,NC,Duplin,05000US37061,301.03747,54.890247,24.457053,39.304862,4.268579
North Carolina,NC,Haywood,05000US37087,474.977812,62.404209,87.083067,105.206817,10.570696
Minnesota,MN,Dakota,05000US27037,2780.688815,603.918324,1376.745712,3141.370439,222.205897
Oregon,OR,Harney,05000US41025,27.670068,1.777225,4.269822,16.325403,0.902603
Wisconsin,WI,Adams,05000US55001,92.060939,85.321481,22.161198,49.80874,1.966005
Missouri,MO,Clark,05000US29045,70.31371,68.127504,7.149468,13.556512,2.768359
Kentucky,KY,Boone,05000US21015,1239.834068,85.855739,248.348095,387.108426,75.965374
Kentucky,KY,Washington,05000US21229,125.51677,7.822308,13.593734,14.913804,3.531063
Louisiana,LA,Avoyelles,05000US22009,325.278005,89.077264,30.153933,49.654281,5.350365
Mississippi,MS,Tate,05000US28137,340.110848,30.461574,44.26654,47.577512,7.575476
Missouri,MO,Worth,05000US29227,15.831072,24.016369,1.520743,3.940733,0.304798
Nebraska,NE,Sherman,05000US31163,26.275872,13.698243,4.076764,6.152863,2.02632
South Dakota,SD,Campbell,05000US46021,21.5698,2.681028,2.32406,7.185355,0.865728
South Dakota,SD,Harding,05000US46063,32.837077,1.44861,1.60047,2.865072,0.197279
Michigan,MI,Gratiot,05000US26057,234.061164,39.7638806,28.268024,79.5955894,6.37163
Iowa,IA,Union,05000US19175,99.43468,92.56361,33.900017,48.032056,4.505992
Illinois,IL,Massac,05000US17127,231.211523,37.429724,17.583157,49.281414,3.320149
Nebraska,NE,Logan,05000US31113,20.996282,16.99652,1.209788,4.393475,0.540685
Nebraska,NE,Merrick,05000US31121,103.305541,40.128472,20.177308,38.621587,10.078761
Nebraska,NE,Sheridan,05000US31161,23.491586,2.871752,7.306605,6.609419,1.069097
Kentucky,KY,Carlisle,05000US21039,131.838704,20.486824,9.046585,17.956395,5.964402
Wyoming,WY,Natrona,05000US56025,530.530888,64.446408,141.053573,509.831339,18.981649
Georgia,GA,Worth,05000US13321,201.603613,58.947554,16.14161,40.662717,1.383379
Indiana,IN,Morgan,05000US18109,613.047223,110.018853,129.717256,159.438228,21.033235
Texas,TX,Ellis,05000US48139,2255.753069,172.04568,358.689377,526.678747,73.318036
Georgia,GA,Pierce,05000US13229,257.712283,163.662369,36.938027,42.11739,3.444067
Indiana,IN,Grant,05000US18053,489.998618,103.28045,36.582448,126.227079,35.940415
Florida,FL,Flagler,05000US12035,596.155212,89.024881,150.990256,331.293115,18.924827
Mississippi,MS,Lawrence,05000US28077,133.00825,22.159832,7.871798,8.903554,1.938968
Louisiana,LA,Winn,05000US22127,128.239313,20.853801,10.551971,24.600862,4.116398
Illinois,IL,Henry,05000US17073,425.555069,149.34345,58.501472,187.642299,14.178673
Oregon,OR,Lincoln,05000US41041,361.8376,46.63994,79.779199,361.292399,9.740453
Maine,ME,York,05000US23031,812.061428,183.0753,486.230429,529.812554,41.094846
South Dakota,SD,Codington,05000US46029,190.69294,71.805884,112.600782,128.751492,6.548629
Georgia,GA,Pike,05000US13231,369.2793,42.095287,43.756948,53.958954,7.016182
Georgia,GA,Stewart,05000US13259,26.234832,15.455109,1.85956,5.477696,0.503338
Arkansas,AR,Clay,05000US05021,261.143906,83.687234,12.864178,46.171919,3.967779
Arkansas,AR,Faulkner,05000US05045,1584.005247,165.762203,255.56082,432.225627,87.451205
Oklahoma,OK,Delaware,05000US40041,332.667236,77.339421,32.851491,49.452786,10.519305
Iowa,IA,Keokuk,05000US19107,83.436955,89.942364,7.647891,26.515944,4.476555
Illinois,IL,Greene,05000US17061,114.432438,61.191311,12.1273,49.841322,2.639791
Minnesota,MN,Lake,05000US27075,29.804512,24.96172,7.32509,25.008829,3.442469
Georgia,GA,Troup,05000US13285,816.867683,72.911555,132.375233,220.410069,17.562498
California,CA,Humboldt,05000US06023,470.317114,30.898622,235.388018,465.747809,8.816741
Tennessee,TN,Dickson,05000US47043,508.283236,82.176468,95.509113,112.134106,14.162983
Minnesota,MN,Anoka,05000US27003,2583.605155,566.340135,1340.449728,2585.187192,156.834322
South Dakota,SD,Bon Homme,05000US46009,20.304122,17.392651,2.955686,7.594181,1.320822
Tennessee,TN,Greene,05000US47059,653.270572,72.088916,58.769548,79.760317,31.733709
Virginia,VA,Sussex,05000US51183,78.654168,30.840929,6.1788578,16.0253024,1.7035752
Indiana,IN,St. Joseph,05000US18141,2175.540101,270.207536,392.757154,1018.383834,127.70464
North Dakota,ND,Pembina,05000US38067,63.649994,12.455377,28.849821,20.55172,6.938435
South Dakota,SD,Bennett,05000US46007,10.236132,3.288317,1.13002,8.436992,0.13946
Louisiana,LA,Vernon,05000US22115,397.946362,46.180722,53.321165,78.476485,52.952154
Maine,ME,Penobscot,05000US23019,1029.931343,297.244743,321.887903,520.876205,64.6816628
Maryland,MD,Talbot,05000US24041,222.931316,94.225501,87.859886,92.839127,9.469001
Georgia,GA,Stephens,05000US13257,276.010295,16.79426,17.689024,68.209683,4.735549
California,CA,Riverside,05000US06065,19372.14341,2050.413502,5913.6499,8846.634064,1254.809493
Arkansas,AR,Baxter,05000US05005,240.204623,59.632724,22.194901,61.176249,3.885018
Mississippi,MS,Attala,05000US28007,280.230324,24.252966,38.414195,61.593884,4.47318
Iowa,IA,Story,05000US19169,561.9672,189.487248,350.268794,341.293795,80.241336
Kansas,KS,Bourbon,05000US20011,277.858972,113.966276,15.242091,75.050561,3.985343
Virginia,VA,Cumberland,05000US51049,37.761022,6.092482,4.218058,5.786399,4.070914
South Carolina,SC,Sumter,05000US45085,951.121532,128.041014,208.433645,217.682481,22.766681
West Virginia,WV,Wyoming,05000US54109,142.263875,19.660766,4.075011,15.053926,1.512903
California,CA,Kern,05000US06029,5463.634437,404.187682,1184.140418,2606.712332,138.714354
Texas,TX,Cooke,05000US48097,425.624891,39.506848,58.696647,139.208265,9.009014
South Carolina,SC,Orangeburg,05000US45075,633.762134,116.219676,78.66696,86.755578,41.356977
Wisconsin,WI,Taylor,05000US55119,73.198559,21.475045,25.02406,30.537297,1.58235
Minnesota,MN,Mower,05000US27099,180.184928,159.607127,72.147761,122.271034,9.216633
Minnesota,MN,Murray,05000US27101,48.366094,46.84763,11.022153,18.961807,2.719403
Rhode Island,RI,Providence,05000US44007,2892.670874,419.362543,1948.148964,2907.846537,441.175053
Missouri,MO,Phelps,05000US29161,379.320954,108.163595,90.067019,224.1341,7.690052
Mississippi,MS,Prentiss,05000US28117,331.517837,38.689331,17.483063,53.373418,4.086325
Kentucky,KY,Whitley,05000US21235,332.494679,20.896031,24.646569,63.936158,4.888528
Indiana,IN,Starke,05000US18149,218.554405,47.450339,16.653357,60.931974,4.11198
Texas,TX,Williamson,05000US48491,4205.038197,468.528389,1615.260634,2196.130587,290.289792
Iowa,IA,Mitchell,05000US19131,37.681748,59.081604,27.444109,25.261602,3.278374
Georgia,GA,Emanuel,05000US13107,301.047208,56.271854,26.866763,71.999213,5.363178
Louisiana,LA,Catahoula,05000US22025,84.868683,20.107674,3.377701,13.987368,2.313931
Pennsylvania,PA,Carbon,05000US42025,204.192824,81.075361,54.989363,135.767019,9.955187
Nebraska,NE,Pawnee,05000US31133,19.546759,23.80601,2.217742,4.8475,0.855826
Tennessee,TN,Unicoi,05000US47171,102.458641,3.649685,10.29985,27.974135,4.31553
South Carolina,SC,Spartanburg,05000US45083,3191.405387,401.888892,599.869672,694.588054,119.549121
Wisconsin,WI,Marathon,05000US55073,555.683617,125.700033,241.740365,398.542933,28.707842
Nevada,NV,Elko,05000US32007,287.170962,14.583626,50.265978,124.494772,5.878989
West Virginia,WV,Braxton,05000US54007,78.086312,31.620901,8.110911,6.393466,1.816814
Michigan,MI,Wexford,05000US26165,173.697545,41.654428,31.289166,64.458052,3.291109
Texas,TX,Cochran,05000US48079,40.23485,11.037356,2.357595,7.5172,1.309495
Pennsylvania,PA,Blair,05000US42013,816.031558,103.921927,238.520129,400.984956,48.7284
Missouri,MO,Hickory,05000US29085,59.974384,30.333678,2.710711,10.61834,1.366195
Missouri,MO,Barry,05000US29009,193.289112,54.316006,15.115843,49.894804,5.289942
Minnesota,MN,Ramsey,05000US27123,2819.166737,336.906747,1295.389274,3873.183422,204.761076
Arkansas,AR,Little River,05000US05081,166.118202,6.941361,13.285909,16.91519,2.442405
Nevada,NV,Lyon,05000US32019,290.510771,57.862216,79.675737,108.955897,5.217498
Florida,FL,Lee,05000US12071,4654.179822,1461.530604,1732.16171,2420.592837,283.253481
Oregon,OR,Josephine,05000US41033,406.814096,85.918542,69.803326,221.659407,4.902033
Mississippi,MS,Pike,05000US28113,343.288491,37.246932,34.015947,50.71362,10.27549
Tennessee,TN,Coffee,05000US47031,504.491406,58.633243,98.590956,110.611669,12.227554
Idaho,ID,Lemhi,05000US16059,17.966055,4.870778,5.448329,10.767229,0.338091
Kentucky,KY,Ohio,05000US21183,263.681974,38.692396,29.157332,48.02358,3.425773
Nebraska,NE,Sarpy,05000US31153,1774.727146,383.978755,675.825656,1139.60916,219.46133
Georgia,GA,Colquitt,05000US13071,384.997922,40.30648,39.992057,122.494961,4.065712
Minnesota,MN,Wilkin,05000US27167,58.800295,25.81,16.540803,38.175162,4.644794
Illinois,IL,Randolph,05000US17157,350.921026,182.456393,47.627442,116.2809,23.877153
Maine,ME,Kennebec,05000US23011,565.384094,156.068219,216.407972,214.409973,17.522669
Virginia,VA,Smyth,05000US51173,288.917108,20.433843,14.749354,41.705115,6.364086
New Mexico,NM,Roosevelt,05000US35041,263.720663,52.776578,28.389758,80.348833,3.556785
Pennsylvania,PA,Somerset,05000US42111,367.182221,64.768561,62.251802,143.774355,16.502509
Virginia,VA,Washington,05000US51191,628.502418,55.18937,69.05821,120.878282,18.304191
North Carolina,NC,Guilford,05000US37081,4077.966361,278.345095,1223.250748,1569.96189,297.313074
Idaho,ID,Ada,05000US16001,1783.232416,187.072674,806.552652,1391.105618,178.960862
Oklahoma,OK,Custer,05000US40039,274.908167,37.803184,18.176258,103.20969,5.683255
Ohio,OH,Marion,05000US39101,528.525948,61.791956,76.681773,153.150366,15.66644
Illinois,IL,Pike,05000US17149,138.32177,72.505816,13.060292,31.192813,2.35153
Illinois,IL,Woodford,05000US17203,371.157526,174.130122,94.833533,144.439186,15.923381
Georgia,GA,Richmond,05000US13245,1346.88758,228.955621,228.999728,330.765695,63.441819
Alabama,AL,Pickens,05000US01107,173.338034,18.598435,17.553503,19.381006,3.621068
Oklahoma,OK,Ellis,05000US40045,89.728257,24.215793,7.128622,13.763011,5.4621
Illinois,IL,Perry,05000US17145,245.576582,132.111472,23.994171,55.861004,11.046582
Iowa,IA,Grundy,05000US19075,77.878508,131.36268,50.610021,33.684857,9.539335
Colorado,CO,Routt,05000US08107,112.827316,19.93113,85.759105,132.161749,6.358666
California,CA,Colusa,05000US06011,103.194939,12.233924,24.47362,75.363294,17.982468
Illinois,IL,Johnson,05000US17087,192.890016,46.12882,15.772548,36.38375,5.408887
Colorado,CO,Hinsdale,05000US08053,13.941365,1.477422,3.752942,5.962985,0.45071
Idaho,ID,Cassia,05000US16031,167.670949,15.788518,13.877625,58.639612,4.469685
Minnesota,MN,Isanti,05000US27059,213.756496,85.396819,67.506766,140.219597,8.567938
Pennsylvania,PA,Erie,05000US42049,1417.940855,254.8644014,337.853318,660.180598,79.9728996
Mississippi,MS,Copiah,05000US28029,210.356136,16.130973,15.112706,29.732849,3.66537
Texas,TX,Van Zandt,05000US48467,677.326715,46.179474,92.21139,101.221335,12.753558
Virginia,VA,Roanoke,05000US51161,900.864916,69.453737,207.075601,357.90346,35.881556
Virginia,VA,Augusta,05000US51015,480.435146,77.272099,84.906506,84.071431,15.053984
Utah,UT,Piute,05000US49031,14.356908,1.411773,1.63225,5.62347,0.365509
Kentucky,KY,Mason,05000US21161,211.918558,17.628882,12.064933,36.03338,5.023167
Minnesota,MN,Benton,05000US27009,227.407465,118.675319,66.473374,160.116233,8.081395
Texas,TX,Donley,05000US48129,105.03936,13.080254,5.698189,11.506865,3.369701
Florida,FL,Bay,05000US12005,2009.305689,150.718324,271.135844,880.456749,22.485806
Alabama,AL,Lauderdale,05000US01077,1158.065775,250.788153,107.26931,259.423641,41.67583
Indiana,IN,Fountain,05000US18045,148.622275,52.180037,21.507266,56.725186,4.716296
Illinois,IL,Shelby,05000US17173,218.009899,83.804456,41.191267,59.918503,6.745591
Illinois,IL,Fayette,05000US17051,256.465562,95.186944,14.509208,55.49942,6.740249
Ohio,OH,Perry,05000US39127,176.730808,19.838087,19.013136,53.945878,5.206811
Virginia,VA,Danville,05000US51590,416.314749,35.71994,113.72123,133.664538,12.686698
Georgia,GA,Banks,05000US13011,325.970702,16.911257,31.470537,48.222236,8.725162
Georgia,GA,Wayne,05000US13305,300.27345,133.8556,43.682352,62.572049,6.237651
Oklahoma,OK,Oklahoma,05000US40109,8700.461853,999.783708,2123.328442,4417.863792,419.9633518
Oklahoma,OK,Johnston,05000US40069,169.202475,16.10211,7.322281,23.167397,2.203714
North Carolina,NC,Jackson,05000US37099,245.735266,19.263126,26.762306,49.377037,18.64367
Utah,UT,Summit,05000US49043,395.282623,24.505235,247.452038,364.917715,42.866939
Missouri,MO,Polk,05000US29167,172.947697,33.996497,14.885186,47.678407,5.440369
Nevada,NV,Lander,05000US32015,14.62116,0.519517,1.098544,8.872102,0.326525
Iowa,IA,Winneshiek,05000US19191,52.875455,89.417913,29.563188,44.986002,3.407682
Kentucky,KY,Bracken,05000US21023,101.639893,7.94974,7.925191,15.203107,3.202817
Wisconsin,WI,Florence,05000US55037,39.853719,9.896998,5.681193,13.288841,1.217925
West Virginia,WV,Roane,05000US54087,66.911817,26.091869,8.478151,20.782043,1.587023
Minnesota,MN,Wadena,05000US27159,39.403829,19.780403,7.185373,19.238409,1.384387
Virginia,VA,Hopewell,05000US51670,171.571542,86.292004,26.986987,68.438789,3.8538
Illinois,IL,Winnebago,05000US17201,2349.452982,297.561383,545.614939,1223.738983,101.571532
Arizona,AZ,Gila,05000US04007,278.589914,67.573539,44.843573,108.78908,6.6313182
Maryland,MD,Wicomico,05000US24045,525.996781,253.860283,104.52153,189.636476,18.365852
Kentucky,KY,Carter,05000US21043,213.996769,18.126399,14.846857,35.668583,5.508619
North Carolina,NC,Iredell,05000US37097,2125.00016,190.944039,504.162455,562.375866,88.869445
Virginia,VA,Halifax,05000US51083,228.050123,22.080804,24.300699,31.94211,5.932157
North Carolina,NC,Hertford,05000US37091,61.292212,22.879168,4.183209,16.421032,1.143973
New York,NY,Montgomery,05000US36057,192.98891,149.656072,71.599166,131.611956,7.3772968
Minnesota,MN,Pennington,05000US27113,98.375778,26.908234,49.940568,69.774025,4.155403
Washington,WA,Whatcom,05000US53073,682.184503,75.164071,344.362882,792.683968,26.410013
Oregon,OR,Gilliam,05000US41021,11.574692,3.684958,2.468285,7.240628,0.934732
Arkansas,AR,Boone,05000US05009,293.979706,69.511332,38.814388,37.172303,4.931608
Oklahoma,OK,Comanche,05000US40031,1166.221948,201.947969,164.145078,502.390195,16.56902
Texas,TX,Jones,05000US48253,336.3626896,90.1927916,22.052928,55.4843674,9.682896
Texas,TX,Grimes,05000US48185,269.985484,38.425708,30.695353,52.844378,7.615281
Michigan,MI,Genesee,05000US26049,4200.76109,394.117163,903.760324,2172.854946,95.9028818
Louisiana,LA,Assumption,05000US22007,198.470011,74.92382,29.468229,48.275216,11.942661
Mississippi,MS,Calhoun,05000US28013,191.552851,22.597883,10.278949,15.091562,5.246745
Mississippi,MS,Greene,05000US28041,58.345531,18.632223,3.27558,6.289135,1.098292
Montana,MT,Custer,05000US30017,118.835998,5.915435,9.904768,101.643556,1.657686
South Dakota,SD,Roberts,05000US46109,37.654943,26.265942,5.94171,13.800402,2.393646
Illinois,IL,Ogle,05000US17141,366.600187,149.568159,74.507511,206.841524,15.134484
North Dakota,ND,Richland,05000US38077,124.627855,42.336016,36.272059,45.576135,9.692497
Wisconsin,WI,Barron,05000US55005,168.771743,165.864635,57.951766,105.700117,3.54272
Wisconsin,WI,Iron,05000US55051,51.116219,25.821459,16.364335,18.844762,1.033475
Minnesota,MN,Wabasha,05000US27157,101.839947,112.041236,55.030871,83.947814,4.49859
California,CA,Del Norte,05000US06015,157.016404,12.643808,24.723392,141.900264,4.933441
Oklahoma,OK,Pushmataha,05000US40127,85.106239,24.977476,7.24653,8.667508,1.369367
Washington,WA,Chelan,05000US53007,255.890823,26.458405,116.634934,247.578942,27.058995
Michigan,MI,Presque Isle,05000US26141,63.869792,7.293617,6.39371,34.195426,0.852162
Oklahoma,OK,Cleveland,05000US40027,3366.737481,282.585215,641.815522,1328.03397,156.400642
New York,NY,Sullivan,05000US36105,314.821628,74.507952,97.162167,161.495311,9.505018
North Carolina,NC,Polk,05000US37149,148.303138,16.826614,19.768935,39.757954,3.803023
North Carolina,NC,Scotland,05000US37165,207.866355,42.376457,28.512809,35.348566,3.710261
North Carolina,NC,Harnett,05000US37085,1292.761649,94.393832,273.575817,264.650883,59.592183
North Carolina,NC,Lee,05000US37105,556.599939,41.459672,72.608588,161.855036,13.291126
Indiana,IN,Tipton,05000US18159,273.34927,52.165353,34.545103,57.767534,7.86443
Kansas,KS,Clay,05000US20027,63.009594,10.968804,10.349442,24.330087,2.678863
Oklahoma,OK,Wagoner,05000US40145,1167.822919,109.792931,187.67637,384.973747,35.833359
Montana,MT,Richland,05000US30083,122.238062,11.789968,22.572364,64.699374,1.708166
Arkansas,AR,Ashley,05000US05003,277.161731,39.546489,43.862821,45.324974,4.021713
Arkansas,AR,Desha,05000US05041,185.784697,24.824718,24.296138,50.304763,2.725991
Tennessee,TN,Perry,05000US47135,68.587296,13.754832,6.73644,9.263765,1.44838
Minnesota,MN,Washington,05000US27163,1380.931532,276.6051674,902.919256,1438.759349,173.523333
Virginia,VA,Portsmouth,05000US51740,954.97871,513.235146,156.75926,357.176955,30.259574
Pennsylvania,PA,Fayette,05000US42051,1016.841043,125.560874,165.444928,362.588928,21.8775
West Virginia,WV,Grant,05000US54023,59.466441,6.1037,8.970013,8.921507,1.032619
Virginia,VA,Shenandoah,05000US51171,315.816484,85.74872,67.549014,99.187935,7.42932
Texas,TX,Irion,05000US48235,44.484123,7.190028,8.305997,9.535485,1.66262
Missouri,MO,Caldwell,05000US29025,65.949917,34.067255,4.984601,15.907296,1.393677
Florida,FL,Putnam,05000US12107,664.555744,124.237753,89.637654,230.456616,10.55909
Indiana,IN,Crawford,05000US18025,80.315069,12.349661,5.020278,11.988588,1.571148
Missouri,MO,Lewis,05000US29111,76.926646,49.562819,7.568854,14.876844,1.546555
Nebraska,NE,Grant,05000US31075,5.985397,2.107878,0.434352,1.697734,0.61259
Idaho,ID,Oneida,05000US16071,22.051606,2.195321,1.731993,7.185426,1.341356
Illinois,IL,Moultrie,05000US17139,154.464988,58.053375,23.726539,62.209193,4.322024
Kentucky,KY,Hopkins,05000US21107,475.935361,62.788251,44.176545,110.937671,10.298596
Idaho,ID,Clearwater,05000US16035,20.790452,5.483786,3.045183,10.158446,0.627768
Kentucky,KY,Bell,05000US21013,267.401814,14.719635,23.48962,67.636986,3.72085
Minnesota,MN,Crow Wing,05000US27035,327.784892,61.158597,142.908828,180.963784,15.449283
Arizona,AZ,Graham,05000US04009,191.0094,49.340859,36.787819,90.719767,3.305385
Arkansas,AR,St. Francis,05000US05123,183.630803,15.859228,13.33411,33.001413,11.03052
Georgia,GA,Echols,05000US13101,83.843208,15.254593,5.631589,11.855253,0.480952
Kansas,KS,Lincoln,05000US20105,13.938429,11.314734,3.733075,4.867553,0.310507
Kansas,KS,Smith,05000US20183,50.786459,22.897034,3.491662,6.845351,1.397414
Florida,FL,Jefferson,05000US12065,80.795736,14.049432,17.981269,20.492959,3.121599
Mississippi,MS,Amite,05000US28005,94.31712,14.963513,8.139109,13.061669,2.374554
Arkansas,AR,Montgomery,05000US05097,82.538621,13.796692,6.135566,10.529714,4.184742
Michigan,MI,Calhoun,05000US26025,1104.71405,180.422117,199.204336,369.002688,30.38084
Alabama,AL,Cleburne,05000US01029,186.890913,20.257636,15.114956,28.855323,5.206255
Colorado,CO,Weld,05000US08123,3013.161564,350.332003,760.850496,1731.341811,243.23721
Oklahoma,OK,Beckham,05000US40009,208.140849,44.541359,37.481487,101.751443,3.705491
California,CA,Modoc,05000US06049,32.091591,4.353763,4.536193,30.841391,0.849566
Iowa,IA,Polk,05000US19153,2279.853757,984.849705,1030.883561,2072.598547,189.806483
Georgia,GA,Liberty,05000US13179,520.331135,70.559685,76.601955,104.39573,6.943333
Texas,TX,Navarro,05000US48349,410.313455,66.919806,46.820869,73.573457,6.35119
Texas,TX,Brooks,05000US48047,79.773383,11.330802,2.523407,15.528038,0.813117
Tennessee,TN,Williamson,05000US47187,2263.34695,207.497722,921.578034,821.784174,188.313271
Wyoming,WY,Laramie,05000US56021,760.105895,58.158685,155.828096,364.482775,43.178209
Washington,WA,Asotin,05000US53003,144.093881,10.831202,21.260291,88.186096,9.90303
Minnesota,MN,Traverse,05000US27155,13.566303,9.391898,6.99559,7.947341,1.237227
Illinois,IL,Cass,05000US17017,141.930221,87.915772,12.17665,52.785769,2.90771
Georgia,GA,Rockdale,05000US13247,582.649666,39.913617,114.988116,254.38888,16.787368
Pennsylvania,PA,Juniata,05000US42067,50.923504,5.502869,8.547873,25.415894,1.829273
Pennsylvania,PA,McKean,05000US42083,215.696071,42.769833,62.839086,85.872138,4.525357
Oklahoma,OK,Garvin,05000US40049,512.836718,63.384327,30.908085,160.442608,9.994593
Nebraska,NE,Burt,05000US31021,92.311782,29.668771,13.974249,24.510173,6.208531
New Mexico,NM,San Juan,05000US35045,1163.558796,97.291602,175.548653,430.949262,31.305613
New York,NY,Orleans,05000US36073,140.630995,28.450151,47.758579,110.098106,8.815831
Louisiana,LA,De Soto,05000US22031,302.066706,25.378094,28.747816,27.363178,7.695029
California,CA,Fresno,05000US06019,6982.309704,579.977622,1958.946182,4512.56694,410.4017552
Georgia,GA,Elbert,05000US13105,271.182931,32.795833,27.293282,39.699971,4.310304
Alabama,AL,Barbour,05000US01005,344.318223,69.042006,31.239249,53.486719,4.289015
North Carolina,NC,Bladen,05000US37017,205.651401,10.922562,20.918474,36.935415,5.314244
Texas,TX,Dallam,05000US48111,57.844747,12.590725,7.060065,32.11219,2.4031
Illinois,IL,Sangamon,05000US17167,2003.006643,552.29086,543.333121,664.457081,107.36284
Oklahoma,OK,Craig,05000US40035,183.339217,36.241651,20.888254,45.541083,3.353587
Tennessee,TN,Cumberland,05000US47035,520.601973,55.385676,76.300809,92.774575,10.387945
Michigan,MI,Otsego,05000US26137,121.986267,24.16138,35.001489,57.120939,2.129713
Iowa,IA,Sac,05000US19161,69.389486,64.755452,10.977769,25.550243,7.452728
Utah,UT,Emery,05000US49015,68.139088,2.651753,7.989662,48.962197,3.309371
Washington,WA,Ferry,05000US53019,19.452642,1.288728,1.745883,7.939412,0.439643
Montana,MT,Wibaux,05000US30109,8.744716,2.257201,2.006204,3.020578,0.08984
New Mexico,NM,Lincoln,05000US35027,137.074605,42.198228,26.632502,67.158617,5.287912
Oklahoma,OK,Cherokee,05000US40021,292.326125,79.50759,56.351731,72.505721,5.532699
Minnesota,MN,Yellow Medicine,05000US27173,81.581175,24.839283,13.834895,28.948225,2.821289
Texas,TX,Hunt,05000US48231,1108.123165,135.438471,162.047659,191.523755,28.000193
Texas,TX,Mitchell,05000US48335,99.914907,10.714721,6.234807,19.738856,1.992404
Texas,TX,Wood,05000US48499,543.155607,32.688637,47.036416,84.64673,6.239684
Oklahoma,OK,Osage,05000US40113,416.208643,77.346076,72.66421,121.470727,21.017559
North Carolina,NC,Cherokee,05000US37039,225.573195,30.150852,36.47482,26.109353,2.523685
Michigan,MI,Mecosta,05000US26107,291.136241,55.508895,62.016868,122.826395,5.167046
Kentucky,KY,Pike,05000US21195,629.194503,127.068577,13.965735,98.287866,21.969622
Florida,FL,Lafayette,05000US12067,43.303233,7.052299,5.253049,8.666199,1.438123
North Carolina,NC,Catawba,05000US37035,1318.832303,126.482976,243.422931,319.071195,64.045342
Kentucky,KY,Breathitt,05000US21025,131.109222,15.971879,5.39067,23.500591,2.0347442
Texas,TX,Childress,05000US48075,81.825529,6.777694,8.458211,36.552276,1.418734
Missouri,MO,Ripley,05000US29181,116.002424,43.11315,8.563941,19.914387,1.85732
Illinois,IL,Tazewell,05000US17179,1281.45444,409.64375,347.221409,691.089055,56.244592
Texas,TX,Jeff Davis,05000US48243,12.648788,1.25827,1.533934,3.407772,0.099631
Virginia,VA,Lexington,05000US51678,18.461516,1.568764,4.794052,13.905064,5.575469
Arkansas,AR,Sharp,05000US05135,102.298005,27.208932,3.646183,18.319904,1.261685
Colorado,CO,Larimer,05000US08069,2090.596733,245.205985,906.221114,1905.914486,139.539093
North Carolina,NC,Tyrrell,05000US37177,7.088838,2.297271,0.903862,2.428133,0.17468
Minnesota,MN,Rice,05000US27131,286.691788,140.661237,103.427709,319.913226,34.934096
Missouri,MO,Warren,05000US29219,177.744824,48.543627,52.645328,51.042134,5.038818
Kentucky,KY,Warren,05000US21227,1267.263682,96.767854,214.499447,380.781904,101.963285
Louisiana,LA,Caddo,05000US22017,2195.030228,198.114831,388.493113,441.602173,79.741822
South Dakota,SD,Todd,05000US46121,7.471611,2.387888,0.709447,2.790017,0.23661
Iowa,IA,Marshall,05000US19127,183.516813,177.975587,67.792399,99.748096,9.012601
Oklahoma,OK,Tillman,05000US40141,157.15948,22.894147,9.315474,28.237598,2.254189
North Carolina,NC,Macon,05000US37113,209.800364,22.226731,34.73794,58.613986,11.741538
West Virginia,WV,Monroe,05000US54063,76.518405,5.371161,4.827146,14.579176,2.633228
Indiana,IN,Switzerland,05000US18155,65.669201,13.459359,6.194542,14.115578,1.774813
Kentucky,KY,Hickman,05000US21105,45.619833,3.719044,2.672308,8.842468,1.459056
Alabama,AL,Geneva,05000US01061,321.880788,24.000901,40.456478,61.138016,7.468268
Illinois,IL,LaSalle,05000US17099,821.610334,240.679221,186.415385,453.874679,30.019315
Iowa,IA,Delaware,05000US19055,92.157355,90.066528,20.331008,61.651504,5.396115
Kansas,KS,Morris,05000US20127,70.62352,10.62942,16.832797,10.486478,1.758047
Iowa,IA,Davis,05000US19051,26.921514,19.242549,3.695607,8.797753,1.068492
Idaho,ID,Boise,05000US16015,19.135143,2.071747,4.453213,8.490716,1.569589
Wisconsin,WI,Monroe,05000US55081,172.663859,154.461999,38.034591,129.894105,6.511536
North Carolina,NC,Perquimans,05000US37143,88.967251,20.136461,9.506998,12.808479,1.807333
Florida,FL,Hamilton,05000US12047,74.395291,19.712743,8.711071,22.637582,0.639397
Indiana,IN,Delaware,05000US18035,1115.074938,94.400711,114.782771,311.833238,135.273102
Florida,FL,Levy,05000US12075,252.426401,59.066294,36.019297,83.58138,6.704592
Mississippi,MS,Hancock,05000US28045,299.822172,24.867513,65.43347,65.169695,7.810568
Georgia,GA,Wilcox,05000US13315,137.116829,35.724736,8.69021,20.491086,1.651305
Louisiana,LA,Red River,05000US22081,68.598102,8.917586,4.906597,6.175622,2.260519
Tennessee,TN,Knox,05000US47093,6403.080652,408.348889,1636.410543,2169.03642,531.950052
Maine,ME,Oxford,05000US23017,238.705041,129.717164,85.241252,100.450149,9.75459
Missouri,MO,Jackson,05000US29095,6683.524466,740.027675,1816.415517,4750.727831,436.679666
Georgia,GA,Towns,05000US13281,124.723564,5.461042,9.939744,16.910849,1.951258
Mississippi,MS,Smith,05000US28129,146.669854,26.711615,22.676279,15.362934,2.634267
Idaho,ID,Payette,05000US16075,114.726485,14.466676,23.238267,45.182089,3.546149
Idaho,ID,Shoshone,05000US16079,53.283343,16.88996,7.565664,48.428772,1.780855
North Carolina,NC,Hyde,05000US37095,9.837653,1.146933,2.147586,2.272306,0.259049
Iowa,IA,Floyd,05000US19067,90.637441,73.296501,19.505104,64.912574,6.274892
Kentucky,KY,McCracken,05000US21145,851.968088,90.098695,125.391078,214.871148,18.663675
Kentucky,KY,Union,05000US21225,125.109173,27.509859,6.341641,32.377777,3.354986
South Dakota,SD,Turner,05000US46125,42.702959,16.350477,15.586581,15.15353,4.797064
Tennessee,TN,Cocke,05000US47029,216.823856,14.353601,13.022018,35.230486,3.671476
Tennessee,TN,Hancock,05000US47067,34.152009,4.92976,1.861826,4.517763,0.582763
Tennessee,TN,Hardin,05000US47071,262.532035,46.98064,19.197681,58.00454,3.830259
South Carolina,SC,Marion,05000US45067,235.485196,28.860458,14.412134,35.262021,4.948968
Louisiana,LA,Washington,05000US22117,403.556996,42.036805,37.263013,94.823985,7.539195
Missouri,MO,Stoddard,05000US29207,295.727413,109.86914,14.255563,61.974138,7.080978
Georgia,GA,Dooly,05000US13093,50.799387,13.441406,3.331952,17.717205,0.548981
Minnesota,MN,Stearns,05000US27145,638.092065,364.316742,220.25409,704.578678,31.435319
Nebraska,NE,Saunders,05000US31155,168.685038,78.24415,41.995051,89.134502,14.596234
Minnesota,MN,Sherburne,05000US27141,418.592446,141.568621,181.161831,320.580474,19.902312
South Dakota,SD,Davison,05000US46035,111.559191,20.071607,21.048579,61.816684,4.819362
Tennessee,TN,Claiborne,05000US47025,290.229633,24.853869,27.769903,60.905935,4.953761
Texas,TX,Montague,05000US48337,346.195596,46.382025,29.297713,78.462457,5.783173
Texas,TX,Brown,05000US48049,550.294775,85.337806,63.8553,189.13973,9.177774
Wisconsin,WI,Racine,05000US55101,1203.488242,359.63418,300.960755,840.659712,42.0523862
Wisconsin,WI,Shawano,05000US55115,191.801496,112.246532,37.171567,153.861832,22.962132
Iowa,IA,Audubon,05000US19009,50.836582,42.714564,6.941035,15.322031,4.568585
Texas,TX,Haskell,05000US48207,55.081755,23.013832,3.25749,16.366588,0.698391
Oklahoma,OK,Logan,05000US40083,394.942666,57.347049,67.452886,90.280495,14.673998
New York,NY,Oneida,05000US36065,1065.406973,311.7531824,388.93697,840.347433,44.6507166
Colorado,CO,Lake,05000US08065,22.754455,7.936912,5.788052,24.240583,3.077599
Oklahoma,OK,Pittsburg,05000US40121,468.048542,83.360478,20.93664,79.3772588,8.3711784
West Virginia,WV,Doddridge,05000US54017,31.572871,7.724058,1.908435,4.011015,0.626163
West Virginia,WV,Wirt,05000US54105,41.436967,12.576493,4.125259,7.807389,0.834279
New Hampshire,NH,Carroll,05000US33003,140.90937,52.789833,66.497472,86.095445,5.83548
West Virginia,WV,Tyler,05000US54095,69.482259,11.798903,7.84627,12.759036,1.585215
Minnesota,MN,Le Sueur,05000US27079,143.861523,91.668847,60.835379,115.607347,17.20519
Washington,WA,Douglas,05000US53017,174.231476,20.274858,50.862666,151.164683,12.946998
New York,NY,Cattaraugus,05000US36009,401.441808,65.850383,66.548979,177.2299,12.507433
Wisconsin,WI,Dodge,05000US55027,403.136666,264.307328,136.630131,307.977099,22.904335
Iowa,IA,Jones,05000US19105,106.137502,95.121157,21.605738,61.972974,15.488703
Kansas,KS,Barber,05000US20007,57.682933,23.895946,3.539564,10.436402,1.803222
Missouri,MO,Pulaski,05000US29169,229.073894,55.504523,48.388991,60.825639,6.326024
Alabama,AL,Dale,05000US01045,767.904104,58.035948,88.449274,132.565261,17.1947
Kansas,KS,Logan,05000US20109,22.007706,8.340171,1.970658,5.524867,0.419042
California,CA,Madera,05000US06039,682.835619,53.584529,133.966333,356.902373,17.929701
Missouri,MO,Gentry,05000US29075,40.115442,45.352498,3.435308,9.124912,1.035546
Nebraska,NE,Blaine,05000US31009,9.677983,2.705228,0.773051,3.248195,1.438068
Utah,UT,Daggett,05000US49009,17.577774,2.465909,2.935017,13.141218,0.7767212
Wyoming,WY,Platte,05000US56031,40.852402,12.428091,3.071431,22.321563,1.707143
North Carolina,NC,Gaston,05000US37071,3191.865061,400.443528,644.549146,979.256075,90.059953
New Mexico,NM,Guadalupe,05000US35019,14.799411,4.322764,1.054458,7.628717,1.115472
Montana,MT,Golden Valley,05000US30037,5.196942,0.579119,0.749719,2.755589,0.139551
North Carolina,NC,Johnston,05000US37101,1478.795205,140.407639,319.224224,390.014652,82.20336
California,CA,Santa Clara,05000US06085,11158.46376,1098.895772,6875.778212,9091.543776,1323.302666
South Carolina,SC,Charleston,05000US45019,2215.758478,216.239025,972.242337,1485.170385,175.909353
Washington,WA,Benton,05000US53005,1086.126215,214.396698,381.925552,717.574224,103.49237
Missouri,MO,Adair,05000US29001,221.231061,59.614348,32.153738,64.467222,3.832915
Ohio,OH,Erie,05000US39043,467.61471,50.123261,89.074643,324.363787,18.721594
Illinois,IL,Vermilion,05000US17183,907.888678,303.884519,172.588187,267.429676,32.265811
Missouri,MO,St. Louis,05000US29189,5946.876532,698.531652,2684.294069,3788.346798,424.529634
Illinois,IL,Boone,05000US17007,265.4833,49.714607,66.845738,101.545996,11.051354
California,CA,Tehama,05000US06103,352.061659,43.876773,76.320627,146.756379,5.249506
Wisconsin,WI,Dane,05000US55025,2124.223868,887.410036,1454.718456,2692.320112,207.223465
Texas,TX,Fisher,05000US48151,74.867389,9.967966,3.668616,11.748931,1.177157
Louisiana,LA,Sabine,05000US22085,208.397569,39.252613,24.938244,16.945391,6.100527
Illinois,IL,Morgan,05000US17137,383.415891,140.379826,61.083663,120.822713,8.176512
Georgia,GA,Pulaski,05000US13235,88.363321,28.211961,12.188381,12.940577,1.069949
North Carolina,NC,Bertie,05000US37015,48.089076,10.139366,2.729763,10.223243,0.915785
North Carolina,NC,Stanly,05000US37167,688.111432,43.26272,121.183092,184.657101,16.640132
Tennessee,TN,Rhea,05000US47143,299.083514,70.867598,36.254528,64.304692,5.01275
North Carolina,NC,Greene,05000US37079,105.373824,20.516913,12.857832,17.783109,2.421527
Kentucky,KY,Leslie,05000US21131,71.086896,5.733983,4.209383,7.345464,0.986732
Maryland,MD,Somerset,05000US24039,116.54936,42.64569,14.03996,37.265501,5.007308
Illinois,IL,Marshall,05000US17123,126.860713,87.216124,18.324077,31.345433,4.605086
Kentucky,KY,Lyon,05000US21143,55.286165,8.364081,2.554126,8.733088,1.764498
Texas,TX,Concho,05000US48095,16.962322,2.839203,1.957262,4.245419,0.715844
Texas,TX,Coke,05000US48081,68.682956,13.541729,8.198057,13.591865,3.076523
Tennessee,TN,Overton,05000US47133,329.019695,36.414271,15.661822,49.814828,8.830671
Michigan,MI,Huron,05000US26063,202.095874,38.346258,23.105173,41.122984,7.310646
Michigan,MI,Iosco,05000US26069,152.923855,11.619747,62.832918,67.707171,6.402135
Georgia,GA,Coffee,05000US13069,482.122843,87.210854,45.277181,84.080042,4.722812
Georgia,GA,Ware,05000US13299,325.28279,241.381736,52.602867,71.454992,4.174341
North Dakota,ND,Grant,05000US38037,7.033368,1.279263,1.59719,2.393333,0.544207
Louisiana,LA,Jefferson,05000US22051,4241.374598,254.49288,1163.415267,2108.413373,460.775843
Louisiana,LA,St. Tammany,05000US22103,2202.364983,140.565507,703.638504,583.945479,129.829002
Iowa,IA,Hardin,05000US19083,126.86516,152.604681,32.703786,67.950408,7.505412
Louisiana,LA,Cameron,05000US22023,121.827467,29.523028,18.217428,19.731136,5.223661
Ohio,OH,Clinton,05000US39027,413.785341,49.798529,55.374381,90.836277,13.971162
Minnesota,MN,St. Louis,05000US27137,1049.919493,459.230178,462.148097,796.530098,116.213064
Ohio,OH,Lorain,05000US39093,1921.384743,292.222682,517.559574,928.981606,93.867664
Iowa,IA,Boone,05000US19015,191.64698,125.38311,55.657292,103.750187,14.988076
Texas,TX,Polk,05000US48373,390.357898,17.716574,42.124894,78.400447,4.551162
Nebraska,NE,Dixon,05000US31051,32.78105,10.595233,3.189675,10.050847,1.557401
Maryland,MD,Harford,05000US24025,1946.179981,1111.801757,780.094556,1052.330564,102.732329
South Carolina,SC,Edgefield,05000US45037,269.175531,30.7703,45.436844,45.71934,9.712048
Virginia,VA,Accomack,05000US51001,158.62287,130.490264,12.568461,35.79306,4.045177
Wisconsin,WI,Calumet,05000US55015,341.963987,210.585856,109.974255,268.741332,21.67112
Kentucky,KY,Knox,05000US21121,335.036965,17.900123,23.439021,37.244366,4.636483
Michigan,MI,Ionia,05000US26067,331.383458,49.512286,56.79588,147.1206348,9.045486
North Carolina,NC,New Hanover,05000US37129,1311.42898,128.780592,561.31273,561.457934,70.321294
Tennessee,TN,Obion,05000US47131,491.744672,104.792265,26.093139,99.441821,19.780894
Kentucky,KY,Calloway,05000US21035,426.595584,62.69234,34.257929,75.705766,59.298569
Virginia,VA,Albemarle,05000US51003,511.119521,55.547911,275.341665,250.847012,70.416324
Tennessee,TN,Robertson,05000US47147,828.910223,76.825062,120.935887,159.880117,38.554326
Virginia,VA,Clarke,05000US51043,90.046853,20.369456,21.341298,27.126623,3.854622
Washington,WA,Garfield,05000US53023,10.814877,1.452801,1.32204,4.698063,0.19648
Kentucky,KY,Jackson,05000US21109,75.736346,9.375464,5.449851,6.732949,1.139169
Minnesota,MN,Cook,05000US27031,19.746133,5.408374,8.214414,12.32567,1.080643
South Carolina,SC,Oconee,05000US45073,586.319287,90.918087,92.187711,108.211767,24.931369
Louisiana,LA,East Baton Rouge,05000US22033,3132.82023,276.551136,685.47249,1245.428866,365.807322
Mississippi,MS,Claiborne,05000US28021,89.295448,4.691451,2.618691,13.050536,14.889107
Maryland,MD,St. Mary's,05000US24037,612.949491,198.118912,173.585615,210.24749,14.451372
Michigan,MI,Kent,05000US26081,3439.946297,250.053878,1139.797394,1983.370203,135.761837
North Carolina,NC,Pitt,05000US37147,1233.198933,93.371948,294.430814,378.239004,82.631179
Montana,MT,Carbon,05000US30009,87.843712,10.725729,32.208445,41.718775,2.283576
Nebraska,NE,Stanton,05000US31167,68.495057,29.061258,6.077595,18.117894,2.614335
Georgia,GA,Appling,05000US13001,202.79972,86.856439,24.077093,50.534878,3.105559
Iowa,IA,Jasper,05000US19099,243.414896,235.316881,55.588427,152.60243,9.925059
Mississippi,MS,Wayne,05000US28153,140.099373,10.457821,5.607381,9.526802,1.476332
Texas,TX,Cottle,05000US48101,26.125699,6.80704,1.661496,3.692264,0.787873
Virginia,VA,Greensville,05000US51081,52.4926302,20.558189,3.3110648,8.8553768,0.9003088
Florida,FL,Polk,05000US12105,6232.648567,1618.643484,1278.748978,1926.534999,360.38073
Texas,TX,Young,05000US48503,205.496351,26.692375,17.098876,59.8245,2.741443
Alabama,AL,Tallapoosa,05000US01123,404.770591,83.420919,65.609862,52.116056,10.666435
New Hampshire,NH,Rockingham,05000US33015,1192.115931,222.549507,1213.604408,1034.119954,75.536307
Colorado,CO,Rio Grande,05000US08105,67.679695,21.992457,9.46918,29.459897,1.549278
Iowa,IA,Plymouth,05000US19149,192.706417,105.455564,50.700669,131.604437,28.420286
New York,NY,Yates,05000US36123,62.261397,12.180456,23.390415,24.471974,2.825014
Washington,WA,King,05000US53033,9694.427791,1184.20656,5567.282541,12823.0539,1154.401619
Oregon,OR,Deschutes,05000US41017,705.453513,82.188953,404.670944,564.014012,47.226301
Iowa,IA,Pottawattamie,05000US19155,1177.873868,405.715473,205.557476,503.468364,71.306689
Missouri,MO,Wright,05000US29229,131.634468,40.289469,5.171448,23.087527,2.965228
Montana,MT,Toole,05000US30101,26.8383532,3.6753596,2.914168,18.736951,0.404573
New York,NY,Tioga,05000US36107,183.225935,54.651449,58.013037,89.571547,8.93317
Texas,TX,Lee,05000US48287,166.31369,27.645831,26.229875,38.653881,4.853965
Georgia,GA,Fulton,05000US13121,6810.44388,320.230296,2956.91946,9965.884265,543.270054
Texas,TX,Cherokee,05000US48073,531.110245,58.545068,51.143461,94.193695,6.812241
Missouri,MO,Audrain,05000US29007,152.607727,54.323008,11.138957,83.348247,3.588969
South Carolina,SC,Colleton,05000US45029,404.236005,54.599126,30.188358,62.152633,7.50846
Wisconsin,WI,Jefferson,05000US55055,490.720317,305.822276,174.201789,385.283881,98.678294
Arkansas,AR,Greene,05000US05055,448.873203,56.641751,58.399744,82.566706,13.302665
Texas,TX,Hall,05000US48191,18.513987,3.81547,1.512589,3.778419,0.562557
Wisconsin,WI,Burnett,05000US55013,74.316584,26.456001,16.42152,34.695556,4.112445
New Mexico,NM,Torrance,05000US35057,134.282139,11.721826,17.045238,36.33685,4.23766
Washington,WA,Pacific,05000US53049,159.898239,24.336599,34.604938,88.708579,3.252235
North Carolina,NC,Pender,05000US37141,589.877411,67.020608,124.462876,155.175479,14.310319
Texas,TX,Hood,05000US48221,502.097586,42.163822,65.634851,108.874492,21.3834
South Dakota,SD,Stanley,05000US46117,27.150842,19.405864,8.721321,20.893976,0.939793
Nevada,NV,Washoe,05000US32031,3320.949058,765.232156,1459.76777,3311.93722,223.442265
Kentucky,KY,Ballard,05000US21007,148.322674,21.382158,14.365498,17.27036,2.199057
Texas,TX,Archer,05000US48009,179.97377,27.810632,31.339712,32.335599,3.744305
Texas,TX,Baylor,05000US48023,32.803758,6.728404,3.203541,4.22676,0.517078
Texas,TX,San Augustine,05000US48405,87.482172,9.166766,11.408671,9.536306,1.771308
Nevada,NV,Storey,05000US32029,34.796814,6.798868,10.587948,22.131427,1.375929
Georgia,GA,Schley,05000US13249,124.921182,11.786307,4.518904,13.648864,1.777614
Connecticut,CT,Fairfield,05000US09001,4195.455328,554.561485,3748.763771,4213.023239,328.2879424
Texas,TX,Madison,05000US48313,180.17125,15.288467,8.180657,32.706375,4.051647
California,CA,San Joaquin,05000US06077,4776.777594,548.301704,1354.455088,3030.998179,476.353646
Mississippi,MS,Winston,05000US28159,231.410429,40.092595,39.75693,27.313509,7.233011
Kentucky,KY,Henry,05000US21103,243.640984,17.205739,27.878835,29.94364,6.039512
Kentucky,KY,Mercer,05000US21167,160.407563,9.723678,21.595529,52.655969,6.541061
Nebraska,NE,Wheeler,05000US31183,10.003528,6.275558,3.029969,5.868339,1.348913
Kentucky,KY,Lewis,05000US21135,97.447085,5.740783,7.124822,16.790671,2.182977
Minnesota,MN,Grant,05000US27051,38.786662,22.562479,10.555698,23.719791,2.682522
Mississippi,MS,Humphreys,05000US28053,63.884293,21.420434,3.023692,9.455988,0.943168
Alabama,AL,Clarke,05000US01025,331.916159,23.401767,25.363604,50.498534,5.597696
Kansas,KS,Chase,05000US20017,22.217118,12.168201,2.002441,4.50297,0.783999
Kentucky,KY,Trigg,05000US21221,130.074777,27.038949,7.250918,31.637476,8.828512
Alabama,AL,Houston,05000US01069,1200.640337,74.588173,137.113295,253.256779,60.692801
South Dakota,SD,Aurora,05000US46003,13.710634,2.866418,1.976523,3.422395,0.483218
Nebraska,NE,Franklin,05000US31061,61.409084,34.053477,4.920276,11.166213,4.411003
Maryland,MD,Kent,05000US24029,102.656336,56.93034,23.327039,40.217891,3.833069
Kansas,KS,Crawford,05000US20037,433.310212,96.132636,22.380867,124.794578,7.003499
Minnesota,MN,Chippewa,05000US27023,50.606586,26.70247,14.221015,38.6169,2.575756
South Dakota,SD,Pennington,05000US46103,638.962385,32.918864,162.948998,361.163675,11.522519
South Carolina,SC,Hampton,05000US45049,130.689423,34.097789,12.376456,34.015035,2.84949
Idaho,ID,Fremont,05000US16043,121.753347,21.547059,19.148252,47.450914,3.576185
Georgia,GA,Bryan,05000US13029,336.219073,36.381348,59.465348,77.623224,13.342726
Virginia,VA,Dinwiddie,05000US51053,209.24871,72.284497,25.648448,31.710746,7.566912
Florida,FL,St. Lucie,05000US12111,1130.683543,277.919303,338.03946,637.760708,29.00545
New York,NY,Monroe,05000US36055,3834.094998,399.461948,1538.417081,2685.913496,273.385121
South Dakota,SD,Lincoln,05000US46083,428.22404,127.513948,217.060082,244.115618,70.201753
Wisconsin,WI,Chippewa,05000US55017,241.717686,171.09635,89.202478,168.187555,5.452238
Kansas,KS,Woodson,05000US20207,50.923998,21.32722,1.376833,10.329513,0.59113
Kentucky,KY,Marshall,05000US21157,324.887899,35.189909,51.07395,51.956586,12.288777
Georgia,GA,Clinch,05000US13065,107.689846,41.463319,2.793434,14.504031,0.689368
Georgia,GA,Lowndes,05000US13185,1143.426352,296.252336,140.063831,264.885867,14.858395
Michigan,MI,Macomb,05000US26099,6919.953992,889.374635,2103.224023,2388.853765,451.001856
Georgia,GA,Turner,05000US13287,89.104237,25.829115,4.219604,21.461315,0.781793
Illinois,IL,Jasper,05000US17079,80.373364,37.062759,21.3136,25.472942,2.650581
Texas,TX,Milam,05000US48331,268.204291,32.11362,39.214954,64.700672,6.78979
Indiana,IN,Spencer,05000US18147,183.337356,78.399706,19.843473,32.969047,4.66378
Kentucky,KY,Hart,05000US21099,227.16446,10.551934,12.076061,23.932101,4.619208
Kentucky,KY,Lincoln,05000US21137,193.182084,8.030429,16.680463,30.815234,3.90264
Montana,MT,Blaine,05000US30005,21.433281,5.233998,3.35522,11.813461,0.8318068
Virginia,VA,Norfolk,05000US51710,2262.443252,1094.885058,662.514479,1350.455428,192.488763
Texas,TX,Reeves,05000US48389,248.382278,70.517426,23.957179,48.527343,4.15256
Virginia,VA,Pulaski,05000US51155,242.053008,8.449123,24.137794,62.824406,10.934276
North Carolina,NC,Union,05000US37179,2271.19641,184.975535,733.224214,734.573822,98.312055
North Dakota,ND,McKenzie,05000US38053,133.378415,20.980905,31.444682,43.282808,4.055879
Florida,FL,Okaloosa,05000US12091,1847.058665,100.092262,516.725727,567.918209,46.233319
California,CA,Alameda,05000US06001,9269.659012,985.9936,5361.267521,8815.968526,1481.912568
Illinois,IL,Calhoun,05000US17013,38.503106,14.730999,4.761091,8.731658,1.640326
Indiana,IN,Kosciusko,05000US18085,521.304928,58.086598,63.96323,199.119093,13.089114
Mississippi,MS,Noxubee,05000US28103,64.989566,10.870004,9.563289,12.982403,1.925974
Arkansas,AR,Woodruff,05000US05147,71.713892,15.370432,3.02072,7.139512,0.830945
New Hampshire,NH,Hillsborough,05000US33011,1418.001373,349.481938,1227.408718,1381.60483,80.949372
Montana,MT,Judith Basin,05000US30045,17.103146,1.318953,3.884822,6.443351,0.483917
North Carolina,NC,Mitchell,05000US37121,114.612123,11.547792,11.894696,21.968307,2.082208
Montana,MT,Powell,05000US30077,21.499451,4.457285,5.283943,14.820518,0.736643
Oregon,OR,Polk,05000US41053,401.07371,53.154308,111.616797,297.991939,27.986193
Oregon,OR,Wasco,05000US41065,167.80825,26.590514,40.380258,102.633969,5.168655
South Dakota,SD,Perkins,05000US46105,5.20104,2.801022,0.925628,2.96691,0.42315
Iowa,IA,Taylor,05000US19173,62.207729,56.30545,12.212672,18.341603,2.041062
Alabama,AL,Washington,05000US01129,140.774593,32.562294,6.880735,16.689206,2.674947
Ohio,OH,Defiance,05000US39039,285.019575,23.67071,38.25851,92.646602,7.061862
West Virginia,WV,Greenbrier,05000US54025,166.763556,24.909819,20.332036,32.369075,3.167189
Illinois,IL,Marion,05000US17121,667.475488,243.543232,49.961537,176.206973,13.124712
Virginia,VA,Dickenson,05000US51051,118.189029,24.505743,2.424325,9.99583,1.497806
Virginia,VA,Amelia,05000US51007,93.75304,21.862594,11.250495,9.467699,3.253987
Georgia,GA,Randolph,05000US13243,68.185451,8.783698,5.063189,23.268489,0.884638
New Mexico,NM,Luna,05000US35029,137.135494,14.637532,11.911089,42.394374,8.750837
Texas,TX,Nueces,05000US48355,3454.862027,630.556071,707.282993,1389.135434,79.144113
Wyoming,WY,Weston,05000US56045,30.409501,5.156429,2.400813,14.116885,1.049148
Illinois,IL,Warren,05000US17187,212.307534,79.693988,12.724727,86.446035,5.817521
Alabama,AL,Madison,05000US01089,3094.414342,384.2242,740.757411,1240.402146,73.278212
Tennessee,TN,Wilson,05000US47189,1183.110575,168.05488,283.305469,278.932942,54.362916
Texas,TX,Camp,05000US48063,115.178641,7.570792,10.516908,33.702359,1.415592
Oklahoma,OK,Jefferson,05000US40067,84.400231,22.549119,17.998294,12.659163,1.395892
West Virginia,WV,Ritchie,05000US54085,51.183054,24.57115,3.342395,12.506725,0.968991
Iowa,IA,Page,05000US19145,131.323054,71.542863,7.268147,88.189913,4.191616
Kansas,KS,Jefferson,05000US20087,129.618093,46.171858,22.212911,42.536757,5.586288
Louisiana,LA,Iberia,05000US22045,451.653954,75.478379,79.871316,127.628458,17.871403
North Carolina,NC,Onslow,05000US37133,1016.537927,151.803314,186.455745,252.161157,12.576309
Minnesota,MN,Faribault,05000US27043,139.054074,125.905272,23.895549,53.948223,9.773696
Tennessee,TN,Grainger,05000US47057,240.722369,29.012126,17.454342,32.344168,5.788444
Texas,TX,Freestone,05000US48161,379.88565,31.431766,64.388956,67.057264,6.312972
Pennsylvania,PA,Mifflin,05000US42087,128.111295,21.713578,18.615829,126.391306,4.932961
Alabama,AL,Crenshaw,05000US01041,258.150295,34.773051,23.320518,24.65465,8.765708
Virginia,VA,Bristol,05000US51520,208.207527,18.767927,19.540204,53.808645,6.498201
Texas,TX,Runnels,05000US48399,125.734722,19.89953,17.363158,39.581658,6.592134
Texas,TX,Terrell,05000US48443,20.978231,2.403081,1.363687,3.156408,0.398262
Kansas,KS,Rawlins,05000US20153,22.026384,10.394403,1.815308,4.24696,0.657525
Kansas,KS,Thomas,05000US20193,54.773276,10.651881,11.794543,17.278308,1.187643
Georgia,GA,Jeff Davis,05000US13161,176.859635,61.433067,13.741535,30.274771,1.796173
Iowa,IA,Cherokee,05000US19035,80.565774,63.244084,12.206381,37.24478,5.750914
Arkansas,AR,White,05000US05145,785.374132,33.394955,114.800686,109.140879,10.412565
Mississippi,MS,Leflore,05000US28083,252.636829,77.567759,18.572218,54.704141,11.901163
Missouri,MO,Cooper,05000US29053,129.24332,52.396644,12.924487,57.789944,3.638278
Michigan,MI,Dickinson,05000US26043,187.147348,32.09641,40.378816,89.33113,4.806074
Illinois,IL,Will,05000US17197,5109.549211,489.154448,2306.445498,3562.30332,336.106735
Texas,TX,Deaf Smith,05000US48117,119.14711,7.620661,5.779124,30.043727,4.370407
South Dakota,SD,Brookings,05000US46011,190.635788,35.600693,124.896839,124.651666,38.600219
Missouri,MO,Clay,05000US29047,2155.984487,219.793147,550.552039,1165.514712,108.656063
Mississippi,MS,Coahoma,05000US28027,179.080287,51.284402,20.95757,33.884847,3.806038
Indiana,IN,Boone,05000US18011,497.441517,60.650243,128.392431,153.622511,20.541403
Iowa,IA,Des Moines,05000US19057,407.799113,165.960815,78.9847,382.057613,25.610305
Iowa,IA,Scott,05000US19163,1315.466749,648.121922,311.799171,755.686216,121.693414
Kansas,KS,Ottawa,05000US20143,71.380738,36.396348,7.576576,17.543426,1.784082
Florida,FL,Columbia,05000US12023,455.272133,97.127785,58.16722,144.62426,9.134623
Florida,FL,Holmes,05000US12059,171.822441,9.626615,20.276521,35.619903,1.50091
Mississippi,MS,Harrison,05000US28047,1814.471396,108.856433,449.7556,480.540125,58.873648
Tennessee,TN,Bradley,05000US47011,1174.00352,147.748531,140.799932,249.015183,17.218439
Minnesota,MN,Carlton,05000US27017,149.475829,100.675315,49.623071,108.136463,11.823691
Texas,TX,Marion,05000US48315,164.524904,28.056362,12.225304,17.122679,1.806797
New York,NY,Schoharie,05000US36095,81.689287,49.28444,14.30211,40.479626,2.662691
Oklahoma,OK,Pawnee,05000US40117,198.326167,53.049114,16.267867,48.559477,7.207439
New York,NY,Broome,05000US36007,1183.416833,115.992898,488.617811,569.542051,68.815203
Texas,TX,Liberty,05000US48291,711.183076,67.26427,90.226911,130.330497,11.803856
Ohio,OH,Athens,05000US39009,354.316616,44.974825,55.039441,112.856874,51.877425
Ohio,OH,Jefferson,05000US39081,644.396927,33.522993,143.595675,134.556373,10.842595
West Virginia,WV,Randolph,05000US54083,230.463264,21.770711,23.43147,62.277423,3.519401
West Virginia,WV,Marion,05000US54049,695.310353,124.507485,105.546547,172.836248,22.797993
California,CA,Nevada,05000US06057,565.204731,59.852624,289.473053,350.274192,22.859069
Wisconsin,WI,Douglas,05000US55031,233.854605,197.732955,91.530684,166.977227,26.644437
Kentucky,KY,Pulaski,05000US21199,604.149761,41.866809,109.76511,110.611785,11.820956
North Carolina,NC,Edgecombe,05000US37065,411.346,50.786271,52.319662,104.44642,5.842983
Texas,TX,Jasper,05000US48241,362.195221,44.317866,25.731518,41.322888,4.219955
Utah,UT,Beaver,05000US49001,44.204136,7.736093,4.122821,23.067727,2.039346
Georgia,GA,Murray,05000US13213,358.035623,82.223254,31.18767,69.691125,4.506892
Indiana,IN,Jay,05000US18075,179.159439,41.079077,17.500327,73.154243,4.836131
Michigan,MI,Montcalm,05000US26117,324.042969,59.427333,44.645441,115.525353,6.458833
New York,NY,Rensselaer,05000US36083,620.114242,336.365385,220.677513,418.781378,44.280997
Florida,FL,Collier,05000US12021,1410.865443,310.939114,753.949199,770.122852,64.971545
New Mexico,NM,McKinley,05000US35031,274.100017,12.79073,23.472031,81.340337,15.770757
Georgia,GA,Ben Hill,05000US13017,265.591038,59.596507,18.149668,124.987263,3.148365
Arkansas,AR,Lee,05000US05077,109.203258,16.630899,9.702937,19.844195,4.430538
Florida,FL,Baker,05000US12003,189.056996,20.536853,23.790909,46.077083,5.519165
Georgia,GA,Lanier,05000US13173,85.247347,18.469313,9.304356,27.019992,0.831859
Kansas,KS,Rice,05000US20159,80.901644,46.958308,4.763443,20.977631,2.337318
Alabama,AL,Calhoun,05000US01015,1162.077503,212.338984,151.402785,272.438686,58.660672
Mississippi,MS,Jackson,05000US28059,1193.438388,59.680364,223.118098,299.796079,33.345609
Kentucky,KY,Campbell,05000US21037,1004.564905,128.533715,306.324966,450.413538,85.485028
Kentucky,KY,Cumberland,05000US21057,73.245106,3.911405,3.623154,6.436611,1.625345
Mississippi,MS,Panola,05000US28107,270.682551,24.334834,20.444022,38.730904,5.795871
Texas,TX,Hansford,05000US48195,58.246522,12.581853,6.655244,25.987469,3.091239
Texas,TX,Chambers,05000US48071,340.766518,23.90795,43.091343,73.063129,6.839025
Georgia,GA,Quitman,05000US13239,38.330983,8.468867,4.261405,11.213137,0.224211
Texas,TX,Hardin,05000US48199,756.234125,71.72394,103.882083,70.593922,11.463987
Connecticut,CT,Litchfield,05000US09005,817.674326,95.77291,537.462622,754.386115,44.92655
Ohio,OH,Sandusky,05000US39143,441.664787,31.277887,90.112571,178.583856,13.545113
Maine,ME,Piscataquis,05000US23021,80.536811,40.702649,14.144716,26.965323,2.731075
Illinois,IL,Pulaski,05000US17153,67.996706,20.353901,3.589517,13.633516,2.293513
Oklahoma,OK,Okfuskee,05000US40107,146.80028,14.385135,8.376403,19.829915,2.480085
Michigan,MI,Saginaw,05000US26145,1563.241485,236.820541,248.266977,543.058122,74.766731
New Mexico,NM,Rio Arriba,05000US35039,140.440744,14.683854,21.03459,58.238442,3.178409
Vermont,VT,Caledonia,05000US50005,115.995039,53.646127,104.773757,71.717446,4.741212
Virginia,VA,Botetourt,05000US51023,391.071236,23.211308,54.517318,108.245631,10.857082
Illinois,IL,Madison,05000US17119,3108.125449,632.743296,690.059549,1515.593405,189.907934
Texas,TX,Collin,05000US48085,8549.584695,710.913632,2797.319002,4218.997659,518.31032
South Carolina,SC,Abbeville,05000US45001,234.6619,86.041619,20.437986,45.181712,5.470987
Nebraska,NE,Dodge,05000US31053,272.319132,97.876331,78.011731,141.990905,19.702322
Florida,FL,Sarasota,05000US12115,2038.811525,495.028951,1109.820297,1529.613304,113.110954
Wisconsin,WI,Marquette,05000US55077,89.451782,86.457869,21.246126,37.906465,2.12554
Arizona,AZ,Mohave,05000US04015,1291.128083,209.301952,262.762874,495.397236,46.658928
Arizona,AZ,Yavapai,05000US04025,1086.541073,120.365523,308.52874,538.529696,29.085432
South Carolina,SC,Horry,05000US45051,3354.295783,367.154854,665.181791,931.07294,221.818784
Pennsylvania,PA,Montgomery,05000US42091,4463.47814,2839.090831,2991.419297,3643.151864,427.6869128
Idaho,ID,Lewis,05000US16061,34.006811,2.497182,3.401215,9.91697,0.547583
Virginia,VA,Norton,05000US51720,54.308374,0.849229,1.638374,10.665938,0.624568
Missouri,MO,Sullivan,05000US29211,60.294619,61.761955,9.885519,9.821687,0.67727
Kansas,KS,Ness,05000US20135,34.318229,34.561516,1.693831,9.933597,1.106309
Texas,TX,Brazoria,05000US48039,2603.23155,170.886018,429.737863,819.074439,60.99345
Virginia,VA,Staunton,05000US51790,147.882093,27.527976,29.539217,56.659978,5.129356
Nebraska,NE,Chase,05000US31029,27.078708,5.525277,1.312984,5.119855,0.996132
Ohio,OH,Montgomery,05000US39113,5167.419234,307.799423,1122.530274,2415.90473,211.694843
Texas,TX,Throckmorton,05000US48447,43.289735,15.212813,2.715831,6.604722,2.881948
Georgia,GA,Oglethorpe,05000US13221,150.437503,16.935722,30.985803,21.568099,4.172036
Arkansas,AR,Conway,05000US05029,233.005599,26.465666,64.2879,55.664246,5.972231
Missouri,MO,Nodaway,05000US29147,163.721837,60.659898,11.402375,56.323265,5.100783
North Dakota,ND,Ransom,05000US38073,37.060333,55.231856,18.657293,12.109333,4.119143
Michigan,MI,Bay,05000US26017,629.553638,119.100466,103.760661,323.831914,39.630687
Tennessee,TN,Shelby,05000US47157,7746.101596,952.840241,1757.753668,3521.762304,310.519036
California,CA,Butte,05000US06007,1372.046078,175.386762,445.481495,929.939559,45.3552802
Minnesota,MN,Pine,05000US27115,125.980928,70.317915,36.9489,66.32149,6.632592
Texas,TX,Bastrop,05000US48021,368.795292,62.035599,81.807306,135.75507,8.327952
Washington,WA,Klickitat,05000US53039,54.790079,9.192143,11.90658,28.278045,2.291607
Washington,WA,San Juan,05000US53055,22.575918,4.825165,20.333142,24.345495,1.050848
Wisconsin,WI,Brown,05000US55009,1118.2648,475.8605078,360.1780502,1313.872473,88.291213
Kansas,KS,Wilson,05000US20205,85.022563,35.168425,2.79471,18.016658,1.44429
Louisiana,LA,Natchitoches,05000US22069,407.435869,38.070748,42.466478,73.259408,63.580055
Louisiana,LA,Terrebonne,05000US22109,929.293535,147.899509,155.229556,239.988534,50.772776
Georgia,GA,Irwin,05000US13155,109.123928,23.627961,9.998559,24.291768,1.477522
Michigan,MI,Arenac,05000US26011,86.410372,7.292643,9.839999,20.767167,2.055583
Iowa,IA,Lee,05000US19111,295.214347,116.774714,50.98377,147.131707,20.273645
Kansas,KS,Osborne,05000US20141,24.644114,16.07525,1.146284,2.819286,0.606016
Michigan,MI,Emmet,05000US26047,137.583809,19.793437,51.623059,93.113779,4.027381
Iowa,IA,Fremont,05000US19071,98.733308,72.3552,12.715979,25.831415,4.498414
Maine,ME,Lincoln,05000US23015,125.704316,45.521385,40.824075,58.173609,4.755598
New York,NY,Seneca,05000US36099,143.181178,29.142381,38.209613,89.078468,6.243462
Kentucky,KY,Laurel,05000US21125,587.92417,71.886675,55.697173,69.107388,12.672958
Tennessee,TN,Meigs,05000US47121,169.223141,19.012449,10.82385,22.721585,2.779708
Missouri,MO,Taney,05000US29213,514.319088,156.584211,41.555803,122.702942,15.987718
Georgia,GA,Taylor,05000US13269,101.742066,13.24113,7.136993,12.521521,1.883914
Virginia,VA,Williamsburg,05000US51830,65.537263,22.810528,36.478153,34.339403,40.327098
Texas,TX,Scurry,05000US48415,144.414394,19.0943,18.111762,35.884302,1.790295
Colorado,CO,Gilpin,05000US08047,15.587389,4.200779,5.705146,12.00813,1.585645
Oklahoma,OK,McClain,05000US40087,409.647114,56.822466,54.693769,102.4803,12.720736
West Virginia,WV,Pendleton,05000US54071,37.322815,4.891496,4.364666,5.279559,1.205255
Virginia,VA,Page,05000US51139,165.220084,47.03657,34.374185,39.77102,5.134925
Oklahoma,OK,Le Flore,05000US40079,487.16041,122.661345,29.70368,73.225079,16.910953
West Virginia,WV,Summers,05000US54089,73.537091,36.212468,3.82151,16.254209,1.471057
North Carolina,NC,Mecklenburg,05000US37119,7366.962926,1095.197099,2961.257541,4820.557083,507.933019
Missouri,MO,Linn,05000US29115,117.572864,37.202581,4.157375,42.490971,3.081134
Georgia,GA,Montgomery,05000US13209,168.649988,46.898286,24.621669,24.025324,2.412996
Oregon,OR,Sherman,05000US41055,27.897156,5.361916,3.019491,6.786972,0.246824
Georgia,GA,Greene,05000US13133,260.669861,24.992595,34.578156,46.644721,8.117521
South Dakota,SD,Buffalo,05000US46017,3.451215,1.485694,0.238863,0.803308,0.613992
South Dakota,SD,Mellette,05000US46095,9.77712,5.108935,0.882695,2.904875,0.41541
Texas,TX,Ector,05000US48135,1462.966338,116.240886,234.65286,467.562434,45.926895
Texas,TX,Limestone,05000US48293,366.924587,29.863622,38.619509,73.761326,5.626885
Washington,WA,Grays Harbor,05000US53027,387.140573,116.425782,63.64502,241.072777,9.664803
West Virginia,WV,Berkeley,05000US54003,570.966169,97.578306,94.087263,144.275051,16.779634
Montana,MT,Park,05000US30067,89.770275,5.765117,28.073821,58.053386,2.36937
Texas,TX,Denton,05000US48121,8012.426105,634.751185,2767.657945,3296.630595,471.171582
South Carolina,SC,Cherokee,05000US45021,603.696917,101.020107,59.652448,83.459226,11.559234
North Carolina,NC,Yancey,05000US37199,129.295124,16.222344,15.181381,29.219859,3.240812
Texas,TX,Red River,05000US48387,180.027581,18.017739,14.820156,30.248016,2.508363
Texas,TX,Matagorda,05000US48321,370.343979,29.199015,44.012614,97.444823,13.357889
Minnesota,MN,Stevens,05000US27149,49.125462,17.409372,23.306272,34.230082,3.095382
Georgia,GA,Warren,05000US13301,49.918325,8.15886,5.855882,5.937868,1.010431
Texas,TX,Hardeman,05000US48197,52.203546,6.082202,2.424539,5.323736,0.512363
Illinois,IL,Monroe,05000US17133,406.196787,93.602787,82.439889,158.601106,25.666359
Georgia,GA,Jenkins,05000US13165,70.291531,6.76515,3.070635,14.140681,1.208543
Kentucky,KY,Grayson,05000US21085,278.649291,24.29129,8.064445,45.524016,3.894811
Texas,TX,Palo Pinto,05000US48363,411.640573,63.741869,36.117238,108.169985,7.104923
Georgia,GA,Heard,05000US13149,140.267227,30.017586,12.867636,26.291034,1.867254
Alabama,AL,Lawrence,05000US01079,374.454441,72.576837,30.489113,94.404715,6.317389
Mississippi,MS,Marshall,05000US28093,198.776879,32.62534,28.575098,33.435664,3.147599
Kansas,KS,Clark,05000US20025,25.287057,12.332095,5.980974,5.491564,0.648125
Kansas,KS,Haskell,05000US20081,45.514626,13.970635,1.759724,6.719166,0.835661
Louisiana,LA,Bienville,05000US22013,177.580161,16.166464,15.986636,22.969066,6.911035
Georgia,GA,Walker,05000US13295,623.84819,151.712041,71.086383,143.850502,11.192692
Iowa,IA,Iowa,05000US19095,91.381424,98.715341,20.015365,53.709278,13.625433
Nebraska,NE,Buffalo,05000US31019,374.769396,106.365337,86.906903,145.02973,37.210425
Oklahoma,OK,Beaver,05000US40007,87.730631,19.29009,15.951008,14.046622,1.690185
Iowa,IA,Butler,05000US19023,71.908174,123.817306,17.396407,31.144592,5.356381
Montana,MT,Roosevelt,05000US30085,50.216092,7.171524,5.820238,23.219646,1.282621
Washington,WA,Cowlitz,05000US53015,707.069499,83.549836,123.625018,580.661472,23.716811
Texas,TX,Live Oak,05000US48297,191.57783,35.544101,14.534327,28.201502,3.078711
Missouri,MO,Moniteau,05000US29135,156.671197,49.540685,8.186508,47.421414,3.54574
Virginia,VA,Westmoreland,05000US51193,93.570846,34.326855,21.345749,24.600301,1.591574
North Carolina,NC,Yadkin,05000US37197,278.361271,21.174553,31.385867,64.469467,11.36692
California,CA,Merced,05000US06047,1388.274071,180.65659,324.473816,851.983838,58.701395
Oklahoma,OK,Dewey,05000US40043,160.477663,59.350357,12.844058,34.750439,6.299214
North Carolina,NC,Burke,05000US37023,646.853182,47.432505,133.421617,223.598619,23.287942
North Carolina,NC,Wayne,05000US37191,876.550481,133.7909,93.488706,165.069592,16.947947
Pennsylvania,PA,Warren,05000US42123,206.745262,14.847494,57.808744,88.795299,5.175585
Arkansas,AR,Howard,05000US05061,113.931059,10.275121,13.414639,22.358416,2.19814
North Carolina,NC,Davie,05000US37059,296.684848,27.505907,65.305541,59.861112,11.724898
North Carolina,NC,McDowell,05000US37111,273.252944,26.832371,26.419167,70.718143,6.091598
Arkansas,AR,Nevada,05000US05099,95.890094,8.97147,6.962936,18.320169,1.68993
Colorado,CO,Yuma,05000US08125,47.809548,16.711807,5.559265,12.484521,1.474614
Texas,TX,Sherman,05000US48421,19.747401,3.87771,7.296928,5.418752,1.306153
Texas,TX,Uvalde,05000US48463,186.331857,41.601723,17.754854,40.315459,9.081105
Ohio,OH,Auglaize,05000US39011,359.966045,39.110913,53.915662,177.447907,13.477939
Louisiana,LA,Bossier,05000US22015,1291.832149,93.748992,251.183049,239.674637,46.209843
Iowa,IA,Emmet,05000US19063,68.942043,59.574211,8.16909,52.943697,3.567698
Kansas,KS,Saline,05000US20169,432.652757,188.126629,72.234005,155.81372,8.300754
Kentucky,KY,Magoffin,05000US21153,135.960242,21.818422,2.707336,11.603416,2.305995
Texas,TX,Bailey,05000US48017,30.914423,2.111928,3.612678,9.482351,0.46332
Missouri,MO,Callaway,05000US29027,269.340349,107.57715,26.222,69.366703,6.112223
Wyoming,WY,Albany,05000US56001,308.997232,22.106896,89.159011,154.091781,75.912186
Wyoming,WY,Park,05000US56029,108.133241,6.610376,27.875645,88.557215,7.392385
Pennsylvania,PA,Montour,05000US42093,78.717171,12.352599,15.039113,27.78676,2.483316
New York,NY,Queens,05000US36081,21141.0143,2761.269203,9912.880134,19059.65559,1024.176265
Florida,FL,Suwannee,05000US12121,263.160723,55.596231,37.557836,55.43771,2.999935
Michigan,MI,Cheboygan,05000US26031,139.189423,26.125707,18.822542,66.113949,2.525389
Michigan,MI,Gladwin,05000US26051,142.907334,66.310789,28.056894,47.903281,5.169281
Kentucky,KY,Montgomery,05000US21173,282.804792,16.264643,22.22611,44.505451,9.150044
South Carolina,SC,Lancaster,05000US45057,604.590861,70.600826,55.399273,136.375816,17.278613
Kentucky,KY,Larue,05000US21123,195.327615,14.93909,26.631061,49.204377,4.225968
Iowa,IA,Woodbury,05000US19193,717.443703,211.937983,166.171155,339.622559,50.824016
Florida,FL,Taylor,05000US12123,105.803954,14.487411,25.738898,32.094927,2.028787
Illinois,IL,Alexander,05000US17003,74.757454,29.639617,5.752677,21.261097,1.569688
Missouri,MO,Jefferson,05000US29099,2106.373658,358.554699,443.125977,683.979481,85.157559
Missouri,MO,Lincoln,05000US29113,310.972275,87.818528,67.251246,78.250612,8.079844
Georgia,GA,Chatham,05000US13051,1884.287462,197.288061,489.8479,1263.413597,105.125519
Florida,FL,Union,05000US12125,105.717453,26.614713,13.644825,41.000804,3.663679
New York,NY,Genesee,05000US36037,261.490731,60.813133,111.044585,203.013235,45.880976
Iowa,IA,Clay,05000US19041,117.533696,81.621381,29.135794,60.819695,6.242772
Montana,MT,Fallon,05000US30025,15.556122,1.261794,1.493638,7.554002,0.34213
South Dakota,SD,Potter,05000US46107,14.356957,13.984803,2.040483,5.003847,0.590768
Texas,TX,Culberson,05000US48109,37.605436,8.815723,3.835132,6.85584,0.915112
Maine,ME,Cumberland,05000US23005,1173.909946,300.852307,893.878964,1095.45326,129.302316
Texas,TX,Atascosa,05000US48013,368.947702,43.798097,49.470324,76.450468,6.540875
Kansas,KS,Kingman,05000US20095,113.31793,44.834342,15.753744,34.054564,3.801549
Georgia,GA,Rabun,05000US13241,164.01743,14.406748,20.820415,25.093076,14.217233
West Virginia,WV,Upshur,05000US54097,219.720943,28.025122,51.743877,58.790949,3.908914
Missouri,MO,Texas,05000US29215,96.003153,34.783717,6.58077,11.262807,1.576875
Arkansas,AR,Pulaski,05000US05119,3778.160313,333.810631,923.473703,1165.58072,137.855822
Iowa,IA,Crawford,05000US19047,122.748674,70.748986,17.526301,61.800073,8.411044
Idaho,ID,Bannock,05000US16005,731.39009,37.393097,113.333292,476.744746,53.728708
Ohio,OH,Geauga,05000US39055,443.627959,103.00839,237.945098,231.27761,27.785902
California,CA,Tulare,05000US06107,2349.485557,152.596607,413.447974,1133.397965,59.1456192
New York,NY,Wayne,05000US36117,364.084523,26.060561,108.356165,245.217334,23.602484
Virginia,VA,Rockbridge,05000US51163,83.783156,12.853032,11.783232,26.474369,4.427892
North Dakota,ND,Towner,05000US38095,9.072475,1.591153,3.053071,3.675708,0.709222
Pennsylvania,PA,Delaware,05000US42045,3132.049137,1955.65969,1768.930307,3014.12656,340.749614
New York,NY,Niagara,05000US36063,947.128318,230.134516,368.77612,814.432304,79.729215
Vermont,VT,Bennington,05000US50003,161.002497,47.867387,96.057942,86.363384,5.897482
Florida,FL,Clay,05000US12019,1546.612749,295.461234,325.107738,419.253257,52.371435
North Carolina,NC,Wake,05000US37183,7306.006917,473.392174,3078.545635,4344.557094,446.61351
Ohio,OH,Hamilton,05000US39061,6719.071535,1082.963831,2265.275181,5790.029517,825.966903
Nevada,NV,Lincoln,05000US32017,14.019255,1.808736,1.907923,7.174028,0.627421
Montana,MT,McCone,05000US30055,18.437796,2.156568,2.724728,5.615641,0.590233
Iowa,IA,Buchanan,05000US19019,119.533603,159.425986,31.908654,83.012543,11.930831
Illinois,IL,DuPage,05000US17043,6553.237855,744.467889,3833.517805,5977.981246,430.681725
South Dakota,SD,Fall River,05000US46047,29.084395,4.665031,12.39413,28.068567,0.888071
Minnesota,MN,Kittson,05000US27069,17.174112,2.475538,4.577442,7.525664,1.441941
Georgia,GA,Oconee,05000US13219,423.108723,33.960422,186.529015,72.205028,26.689202
Texas,TX,Wilson,05000US48493,627.454814,60.48756,95.555188,119.645168,15.659045
Nebraska,NE,Fillmore,05000US31059,41.419387,28.817528,3.094191,12.807344,3.577001
Florida,FL,Madison,05000US12079,154.722003,22.748959,10.937479,38.036651,3.43271
Indiana,IN,Sullivan,05000US18153,222.661025,90.808586,12.678747,65.446181,3.53258
Arizona,AZ,La Paz,05000US04012,174.120391,24.252136,23.897074,61.578673,3.691794
Georgia,GA,Brooks,05000US13027,156.827017,47.165075,12.647083,33.605106,1.573407
Kansas,KS,Stafford,05000US20185,40.24558,24.134602,3.115758,10.771678,1.519132
Georgia,GA,Telfair,05000US13271,88.920324,29.55984,5.092078,16.588696,0.665992
Michigan,MI,Monroe,05000US26115,1466.250817,124.660662,316.036891,522.387488,79.771835
Indiana,IN,White,05000US18181,331.590544,98.107611,45.618127,78.083944,9.652995
Indiana,IN,Noble,05000US18113,270.220857,28.576561,25.487718,96.076956,6.330052
Kentucky,KY,Livingston,05000US21139,64.378998,13.871878,6.351833,11.855855,1.674752
Georgia,GA,Miller,05000US13201,134.377696,23.82356,10.224703,30.274696,2.561862
Tennessee,TN,Lincoln,05000US47103,536.096389,58.203038,106.375704,75.759352,9.520861
Kentucky,KY,Shelby,05000US21211,491.770456,50.669657,99.851153,78.123649,18.182314
Nebraska,NE,York,05000US31185,135.993788,49.847759,19.586321,77.786783,8.606615
Pennsylvania,PA,Adams,05000US42001,657.508797,133.945955,131.753432,230.55981,17.03248
South Carolina,SC,Allendale,05000US45005,54.128531,16.428164,3.295219,16.084353,0.910351
Tennessee,TN,Davidson,05000US47037,4713.555367,586.601353,1541.822419,2559.425835,461.309816
Utah,UT,Uintah,05000US49047,170.248151,32.109641,25.389404,90.959448,2.760959
Utah,UT,Utah,05000US49049,4782.917736,585.711163,1225.727051,2920.770834,522.651381
Indiana,IN,Clay,05000US18021,332.061768,79.078649,19.698879,72.333172,7.550581
New York,NY,Kings,05000US36047,18602.70472,2553.878902,9775.453907,17978.67257,672.2708894
Missouri,MO,Morgan,05000US29141,159.289916,72.527321,8.414043,27.735814,3.008424
Ohio,OH,Holmes,05000US39075,151.291107,42.181518,27.496119,43.807117,7.296394
Iowa,IA,Osceola,05000US19143,27.667348,30.843973,6.499479,17.502294,2.943739
Indiana,IN,Jennings,05000US18079,190.714428,47.197149,31.127247,62.185604,4.967657
Idaho,ID,Twin Falls,05000US16083,397.818122,58.773534,65.052291,213.172044,9.080265
Illinois,IL,Saline,05000US17165,518.385201,173.477347,27.764211,158.411491,10.908528
Michigan,MI,Kalamazoo,05000US26077,1586.159865,142.708196,452.089264,670.402994,134.165671
South Carolina,SC,Lee,05000US45061,229.307002,27.72905,28.652925,29.127933,3.538943
Wyoming,WY,Johnson,05000US56019,46.739428,3.258158,2.564907,21.181973,1.408145
Indiana,IN,Daviess,05000US18027,184.711688,81.913136,38.323847,50.41523,4.09733
Michigan,MI,Grand Traverse,05000US26055,350.184966,69.447211,140.057639,228.532091,16.060337
Louisiana,LA,Allen,05000US22003,124.053704,11.162598,12.564469,13.261734,3.084864
South Dakota,SD,Hughes,05000US46065,90.824948,27.820443,30.753069,76.483754,3.210551
South Dakota,SD,Hyde,05000US46069,12.955178,2.452178,2.321408,6.461833,0.799637
South Carolina,SC,Clarendon,05000US45027,474.416756,94.236301,53.048437,54.195549,9.768851
Montana,MT,Stillwater,05000US30095,57.99774,2.399353,14.09118,19.901322,0.654856
Tennessee,TN,Bledsoe,05000US47007,59.074438,16.006009,6.95242,12.065009,1.053854
Kentucky,KY,Todd,05000US21219,190.808454,24.204031,13.247216,25.247703,6.668232
Tennessee,TN,Weakley,05000US47183,512.298264,83.707722,48.949596,93.463145,72.741637
Missouri,MO,Greene,05000US29077,3113.109289,377.99592,710.968694,846.199861,300.084907
Pennsylvania,PA,Lehigh,05000US42077,1613.367942,788.638878,841.50804,1242.757066,169.248028
Nebraska,NE,Seward,05000US31159,177.721853,49.961315,25.814257,105.327797,17.341513
New York,NY,Chemung,05000US36015,399.303648,76.1697014,89.713471,332.215738,11.1555702
New York,NY,Wyoming,05000US36121,105.962161,29.97968,25.201909,73.769487,6.562336
California,CA,Stanislaus,05000US06099,3594.782139,368.701145,986.416783,1883.123978,130.325797
Pennsylvania,PA,Northampton,05000US42095,1548.8548,741.654279,797.770516,1315.096915,161.343547
Alabama,AL,Morgan,05000US01103,1212.082913,191.537107,186.125701,463.444751,22.390992
Kentucky,KY,Breckinridge,05000US21027,212.285488,15.045701,9.802579,23.154739,3.990066
Mississippi,MS,Grenada,05000US28043,298.309808,21.726457,38.235311,40.974758,5.049255
Kentucky,KY,Simpson,05000US21213,277.715486,29.331807,32.43966,52.040636,15.739025
Vermont,VT,Grand Isle,05000US50013,31.144488,23.779124,18.078878,14.427077,1.395291
Ohio,OH,Columbiana,05000US39029,788.718952,154.104142,94.18432,193.640455,24.613969
Virginia,VA,Nelson,05000US51125,59.321751,10.253331,26.766255,13.985709,4.178589
Florida,FL,Osceola,05000US12097,1811.249257,724.958289,424.595185,612.091504,100.320923
Arkansas,AR,Grant,05000US05053,298.338151,20.377463,32.121764,50.203744,5.916631
Georgia,GA,Laurens,05000US13175,754.679268,128.50774,73.02248,145.157639,11.206479
New York,NY,New York,05000US36061,9587.024041,890.900847,7107.635838,9912.076761,609.159598
Arkansas,AR,Benton,05000US05007,2316.727524,385.207599,495.678913,772.73473,145.470832
Florida,FL,Marion,05000US12083,1980.936737,371.453671,402.276242,661.425299,40.013114
Virginia,VA,Nottoway,05000US51135,66.69979,12.887646,13.962089,18.022966,3.391008
New York,NY,Columbia,05000US36021,230.432647,117.689314,108.046373,131.94214,10.590638
Virginia,VA,Martinsville,05000US51690,177.193623,11.717665,28.819493,48.237243,2.688383
Oklahoma,OK,Choctaw,05000US40023,154.485212,16.380879,12.421319,20.406222,1.8762
Kansas,KS,Dickinson,05000US20041,185.397012,87.558122,24.850428,60.610132,5.777741
Texas,TX,Starr,05000US48427,533.537422,138.033284,26.437293,100.803276,9.485975
Georgia,GA,Effingham,05000US13103,570.533745,81.071541,96.461939,123.227321,13.217261
Oklahoma,OK,Roger Mills,05000US40129,44.013925,7.168636,6.400948,13.145228,1.475253
Wisconsin,WI,Richland,05000US55103,58.09548,63.041813,18.997451,45.821848,1.680901
New Mexico,NM,Lea,05000US35025,1256.071836,359.656103,102.612329,469.560434,19.032363
Alabama,AL,Lamar,05000US01075,170.59929,9.429536,9.889389,12.924887,2.559694
Tennessee,TN,Marshall,05000US47117,258.558369,25.340912,31.887061,81.943411,6.08872
Virginia,VA,Appomattox,05000US51011,174.290442,7.635116,23.211574,18.142467,8.842179
Arkansas,AR,Madison,05000US05087,136.79097,44.067228,13.102353,23.109175,6.684319
Wyoming,WY,Sheridan,05000US56033,160.13772,15.494597,21.537709,94.478104,3.302954
Pennsylvania,PA,Cumberland,05000US42041,1103.57335,178.571635,425.595109,731.271961,41.9730482
Pennsylvania,PA,Franklin,05000US42055,534.573362,63.633397,109.941923,229.709638,13.710706
Pennsylvania,PA,Luzerne,05000US42079,1955.770347,762.213904,651.078836,1153.179701,106.535429
Michigan,MI,Crawford,05000US26039,83.876282,21.232363,13.526277,27.009206,2.054255
Alabama,AL,Russell,05000US01113,457.60343,70.622696,54.919176,120.14206,12.512224
Ohio,OH,Carroll,05000US39019,191.768072,36.828381,16.929692,54.414205,3.836123
Virginia,VA,Fluvanna,05000US51065,102.760237,12.411599,41.140384,41.135651,8.745005
Illinois,IL,Lake,05000US17097,4673.081071,243.504763,2720.734472,4600.420605,392.146826
Georgia,GA,Madison,05000US13195,311.332718,30.284711,48.236916,43.547737,8.539842
Arkansas,AR,Dallas,05000US05039,86.057356,18.418891,10.672912,12.650133,2.343982
Colorado,CO,Jackson,05000US08057,11.035492,5.525971,3.652522,10.635917,0.942592
Colorado,CO,Kit Carson,05000US08063,64.753686,14.202168,3.250255,21.62188,1.736974
Idaho,ID,Owyhee,05000US16073,68.30621,12.176783,11.03497,24.028779,2.697564
Wisconsin,WI,Wood,05000US55141,302.594467,151.098825,102.849839,243.874613,7.475309
New York,NY,Chautauqua,05000US36013,513.374748,123.074895,212.558479,364.056796,28.085978
Georgia,GA,Cobb,05000US13067,4821.714628,168.030707,1841.187681,3009.22122,402.209869
Tennessee,TN,Johnson,05000US47091,107.914121,8.531314,14.379732,27.704885,2.341117
Ohio,OH,Belmont,05000US39013,832.026479,56.716004,132.902052,161.460664,10.875437
Virginia,VA,Wise,05000US51195,528.875009,15.530724,13.734925,77.704255,6.736855
Missouri,MO,Carter,05000US29035,45.478725,16.901989,1.82651,6.518306,0.740249
Oklahoma,OK,Bryan,05000US40013,486.43038,67.822046,64.728325,101.982507,6.56814
Nebraska,NE,Clay,05000US31035,62.184573,16.729854,5.440901,15.844665,4.070797
Maryland,MD,Charles,05000US24017,1175.357876,355.995853,298.062226,462.818938,32.854207
Iowa,IA,Cerro Gordo,05000US19033,280.309395,149.085632,58.317619,201.294813,23.239885
Iowa,IA,Greene,05000US19073,59.985397,77.562856,11.212605,44.329393,6.343865
Kentucky,KY,Rowan,05000US21205,183.392203,5.727414,8.851889,30.98102,13.700232
Utah,UT,Wayne,05000US49055,17.25488,1.806368,1.50587,7.252218,0.801651
Missouri,MO,Cape Girardeau,05000US29031,781.435255,279.172804,108.566761,316.769226,66.295518
Washington,WA,Walla Walla,05000US53071,201.377975,33.77696,64.734202,137.942929,5.478103
Missouri,MO,Mississippi,05000US29133,129.924958,55.047259,11.783601,32.832853,2.81233
Arkansas,AR,Cleveland,05000US05025,125.155826,15.72122,9.416369,13.693853,2.06596
Texas,TX,Dallas,05000US48113,18523.40196,2375.309461,5018.142752,10469.32775,776.366842
Indiana,IN,DeKalb,05000US18033,312.523074,37.421647,36.057275,122.826432,8.371288
Louisiana,LA,Ouachita,05000US22073,1943.697713,224.896433,342.452727,496.017833,148.204172
Louisiana,LA,St. John the Baptist,05000US22095,292.086731,24.10819,44.979808,123.738207,18.919684
Louisiana,LA,St. Helena,05000US22091,69.321958,5.695692,12.586568,9.989484,2.159834
Missouri,MO,Schuyler,05000US29197,28.273391,31.751141,2.915553,6.830079,0.809016
Alabama,AL,Franklin,05000US01059,340.944031,67.293384,28.731506,76.51774,5.995713
Kentucky,KY,Carroll,05000US21041,82.060507,13.153329,7.827995,43.97651,2.180465
Colorado,CO,Clear Creek,05000US08019,57.932518,13.312847,27.404386,40.256344,13.738865
Texas,TX,Kimble,05000US48267,34.917866,8.390232,4.022804,27.161981,1.238481
Michigan,MI,Mackinac,05000US26097,38.162756,11.874973,12.855776,29.331579,3.055734
Texas,TX,McCulloch,05000US48307,117.772148,10.257466,12.694335,37.284056,1.713571
Mississippi,MS,Tishomingo,05000US28141,184.281732,32.825446,8.141218,27.159781,3.169016
Texas,TX,Crockett,05000US48105,56.64563,10.44383,3.088855,17.831118,1.021495
Texas,TX,Hill,05000US48217,484.467912,74.266148,61.410327,104.832011,12.597924
Colorado,CO,Logan,05000US08075,256.720219,22.68981,34.350417,105.311583,25.547612
Kansas,KS,Finney,05000US20055,435.330081,59.992387,22.839621,136.558419,5.8891
Kansas,KS,Montgomery,05000US20125,276.641584,75.332479,17.49092,80.555986,3.5534224
South Carolina,SC,Fairfield,05000US45039,164.155179,24.307247,14.690337,22.947137,5.479713
Nebraska,NE,Cheyenne,05000US31033,102.037905,34.803188,4.507858,41.473403,2.628844
Minnesota,MN,Martin,05000US27091,112.371859,99.805941,25.538914,63.437865,3.75204
Tennessee,TN,Sevier,05000US47155,949.291883,79.326327,101.796033,160.953637,32.457655
Tennessee,TN,Polk,05000US47139,181.991597,37.833761,14.434477,20.051676,2.453382
Texas,TX,Kent,05000US48263,24.139467,6.913273,1.919778,5.399033,1.708654
Montana,MT,Teton,05000US30099,40.541559,8.014288,8.559036,15.974311,1.544365
Nebraska,NE,Garden,05000US31069,19.795695,19.568555,2.028983,6.171526,0.757723
Illinois,IL,Macoupin,05000US17117,503.289433,196.414159,89.168554,162.906052,15.937385
Ohio,OH,Ross,05000US39141,751.415997,60.013582,136.129673,215.2298,29.0559136
Illinois,IL,Whiteside,05000US17195,512.149377,207.891214,79.950416,284.789155,18.416524
Texas,TX,El Paso,05000US48141,3559.754632,535.52294,874.741475,1656.747498,162.443599
Texas,TX,Loving,05000US48301,713.374339,251.304402,91.928691,171.345059,11.554379
Oklahoma,OK,Latimer,05000US40077,104.151785,22.562773,5.300047,21.413121,2.449929
Ohio,OH,Washington,05000US39167,524.913819,86.276393,97.020241,176.818227,12.880429
Missouri,MO,Howell,05000US29091,259.142806,103.915899,35.094323,42.665795,4.013127
Kansas,KS,Edwards,05000US20047,66.993045,31.706609,2.826473,10.888397,1.5663
Kentucky,KY,Jefferson,05000US21111,7509.75457,461.478797,2107.10506,3351.390171,491.848852
Illinois,IL,Logan,05000US17107,234.070841,107.055755,31.964912,136.429791,9.926128
Wisconsin,WI,Winnebago,05000US55139,1070.4077,626.051027,375.497979,949.118809,55.639283
Kentucky,KY,Fulton,05000US21075,69.075026,8.496455,3.582979,17.717904,1.861644
Kansas,KS,Harvey,05000US20079,178.452712,55.295655,9.595299,84.750167,5.701018
Montana,MT,Dawson,05000US30021,45.704563,4.686483,12.374215,41.918879,0.999826
West Virginia,WV,Taylor,05000US54091,142.931588,37.998077,13.070083,24.37072,4.381125
Michigan,MI,Midland,05000US26111,449.8733,50.256139,108.711876,322.270229,43.255979
Mississippi,MS,Quitman,05000US28119,44.817255,9.214785,3.031329,8.752098,0.726135
Kentucky,KY,Hardin,05000US21093,1066.638979,74.666579,160.079536,271.370805,36.371121
Illinois,IL,Jefferson,05000US17081,623.295369,155.286328,42.899958,124.157546,10.0151532
South Dakota,SD,Hamlin,05000US46057,35.186777,8.704087,11.253192,13.715312,2.170678
Wisconsin,WI,Lincoln,05000US55069,135.71001,76.308729,60.488392,100.649895,3.348631
New York,NY,Franklin,05000US36033,171.140401,50.387105,28.678549,102.370686,3.5710368
Virginia,VA,Fredericksburg,05000US51630,141.622074,45.108079,44.56162,61.731477,4.522433
West Virginia,WV,Raleigh,05000US54081,779.573325,138.644767,113.186,154.163212,12.879275
New Mexico,NM,Chaves,05000US35005,625.118667,140.652638,129.951712,262.146328,8.086181
New Mexico,NM,Santa Fe,05000US35049,1122.941399,106.676397,388.640203,538.557263,30.043172
California,CA,Orange,05000US06059,27052.61209,1914.294081,13415.44783,18856.31808,2886.552501
Arizona,AZ,Santa Cruz,05000US04023,204.412714,24.649789,31.390519,63.21772,5.00208
North Carolina,NC,Currituck,05000US37053,271.100831,78.169655,69.674207,76.507987,7.766496
Illinois,IL,Lawrence,05000US17101,175.264353,99.888769,20.364088,61.789134,2.575932
Indiana,IN,Howard,05000US18067,985.388694,197.723285,125.092998,279.576238,16.237129
Indiana,IN,Pike,05000US18125,115.763396,48.614182,19.224162,16.908598,2.112764
Kentucky,KY,Christian,05000US21047,790.621636,131.694968,77.150507,231.73418,72.122966
Michigan,MI,Eaton,05000US26045,824.967835,61.469536,187.316523,366.061371,42.957768
Iowa,IA,Wapello,05000US19179,297.666123,127.442966,27.293858,140.248066,6.210756
California,CA,Imperial,05000US06025,585.318324,121.148101,143.539874,379.071428,13.9604958
Michigan,MI,Cass,05000US26027,390.562744,47.088754,91.638335,147.563825,13.299818
Mississippi,MS,Wilkinson,05000US28157,29.521748,3.032162,2.42735,5.611875,1.215153
Kansas,KS,Sheridan,05000US20179,54.947071,51.290077,5.169243,6.942985,2.535897
Mississippi,MS,Leake,05000US28079,188.482872,24.582103,29.705886,34.088677,2.468238
Mississippi,MS,Clay,05000US28025,186.29952,24.701512,16.485243,34.587533,5.857456
Mississippi,MS,Franklin,05000US28037,68.461015,8.352599,4.760354,12.192024,1.33419
Mississippi,MS,Neshoba,05000US28099,297.62104,43.306545,21.185119,69.921591,4.930959
South Dakota,SD,Edmunds,05000US46045,38.007645,3.670834,7.770064,10.299894,1.153799
Alabama,AL,Conecuh,05000US01035,157.707264,4.883499,7.924973,20.155118,1.441828
Indiana,IN,Dearborn,05000US18029,465.614609,47.692063,79.10551,144.705815,22.109532
Indiana,IN,Jackson,05000US18071,412.840067,69.665546,76.027025,101.724099,8.625239
Mississippi,MS,Lee,05000US28081,1219.837315,162.917009,133.306402,219.222496,24.762889
Louisiana,LA,West Feliciana,05000US22125,60.888366,4.364803,6.318852,14.842905,2.927072
Arkansas,AR,Crittenden,05000US05035,772.593212,60.634703,105.071527,199.713995,16.729838
Florida,FL,Jackson,05000US12063,458.404094,36.407837,49.698628,105.278382,4.996672
Texas,TX,Dickens,05000US48125,18.596984,3.262054,3.205055,3.611417,0.552542
Virginia,VA,Mathews,05000US51115,41.061831,19.287786,9.330319,9.422173,0.892212
North Dakota,ND,Renville,05000US38075,25.548276,1.089259,3.211792,7.108466,0.382622
Texas,TX,La Salle,05000US48283,38.441125,4.984,2.983804,11.441139,0.597792
New York,NY,Onondaga,05000US36067,2437.677641,390.0911752,1183.191803,1692.254353,388.105073
Iowa,IA,Henry,05000US19087,137.694387,56.160625,26.143688,66.673631,6.702534
Nebraska,NE,Harlan,05000US31083,29.671313,12.248135,2.624889,7.416222,1.774333
Montana,MT,Powder River,05000US30075,8.05566,0.744623,1.179924,4.271617,0.207782
Wisconsin,WI,Pepin,05000US55091,38.64928,28.482161,9.717614,13.898978,1.265539
Arizona,AZ,Apache,05000US04001,141.857757,31.131809,15.303629,46.250758,3.0924186
Missouri,MO,Macon,05000US29121,184.396617,64.850033,7.654264,45.939999,2.691462
Texas,TX,Lamb,05000US48279,201.779274,12.674808,16.070863,39.247654,5.559395
Kansas,KS,Kiowa,05000US20097,20.495934,6.101068,2.1102,5.528748,0.743944
Texas,TX,Austin,05000US48015,298.74661,15.326729,39.715578,93.272667,9.455355
Missouri,MO,Daviess,05000US29061,53.958541,28.762107,3.579965,14.483941,1.123253
Georgia,GA,Seminole,05000US13253,163.91046,33.885398,13.97489,30.642666,2.86839
Michigan,MI,Manistee,05000US26101,102.549815,41.378205,22.207389,69.406512,2.387028
Iowa,IA,Lyon,05000US19119,38.937451,21.554599,8.030571,17.097719,11.805278
Texas,TX,Hutchinson,05000US48233,412.896127,54.224848,58.056881,137.890849,12.091994
Oklahoma,OK,Texas,05000US40139,121.148433,23.332303,14.472453,44.973671,2.467379
Oklahoma,OK,Woodward,05000US40153,307.987969,124.984107,45.509128,72.794617,6.1704
Iowa,IA,Adams,05000US19003,64.320751,48.523284,10.287435,16.252725,1.630257
California,CA,Sutter,05000US06101,715.046992,184.866051,269.001028,331.630672,39.562579
Pennsylvania,PA,Potter,05000US42105,76.889001,11.163885,10.378563,15.395686,1.417975
Texas,TX,Val Verde,05000US48465,247.010718,43.908981,20.130962,67.554097,2.384078
Kansas,KS,Harper,05000US20077,62.437183,27.46113,4.254438,12.848703,2.109526
Iowa,IA,Monona,05000US19133,102.270551,59.846305,11.150384,43.010256,4.493977
Utah,UT,Juab,05000US49023,57.82955,7.246071,5.46119,25.490966,2.431063
Oklahoma,OK,Stephens,05000US40137,494.084474,116.207659,72.893641,161.498479,10.216794
New York,NY,Chenango,05000US36017,158.808087,65.855029,38.53597,89.127817,6.573848
Illinois,IL,Peoria,05000US17143,1379.939842,342.80757,311.29405,751.724465,67.600537
Iowa,IA,Humboldt,05000US19091,79.784428,70.401462,16.608064,57.668129,4.150651
Nebraska,NE,Washington,05000US31177,201.057643,55.840272,63.545218,84.393597,13.61087
Wisconsin,WI,Iowa,05000US55049,130.933276,111.454711,39.934468,97.864339,5.410683
Minnesota,MN,Morrison,05000US27097,161.827083,65.509483,33.562424,87.737527,5.868478
Pennsylvania,PA,Allegheny,05000US42003,8723.979499,2306.293591,4439.79186,7578.283458,752.1845306
Missouri,MO,Shelby,05000US29205,79.641598,69.249143,6.96765,12.013833,1.740854
Ohio,OH,Madison,05000US39097,509.600621,49.66347,102.031355,149.39551,19.925833
Kansas,KS,Washington,05000US20201,32.860468,16.458282,5.487119,9.189753,1.861081
Illinois,IL,Champaign,05000US17019,1110.429109,241.483683,338.569526,1106.741434,129.241246
Idaho,ID,Washington,05000US16087,60.638753,7.060174,9.993995,33.687234,2.227109
Illinois,IL,Edgar,05000US17045,215.954458,62.896525,44.0861,67.877393,4.636642
Colorado,CO,Washington,05000US08121,42.125282,6.086994,2.285821,9.015337,1.843961
Ohio,OH,Hardin,05000US39065,240.164018,19.094694,32.817198,59.018974,5.454645
Michigan,MI,Missaukee,05000US26113,82.26524,26.7367,8.963285,18.744069,1.464297
North Dakota,ND,Stutsman,05000US38093,118.795742,33.570727,31.578284,62.667348,5.244089
Missouri,MO,Shannon,05000US29203,31.839015,14.856728,1.042894,4.125278,0.552864
Texas,TX,Smith,05000US48423,1946.384028,134.976047,375.287357,509.866845,45.895975
Oklahoma,OK,Tulsa,05000US40143,6297.664175,456.25651,1609.571195,2883.491527,563.854453
Oklahoma,OK,McIntosh,05000US40091,269.80241,38.570545,25.244498,31.889064,3.820944
Texas,TX,Robertson,05000US48395,190.198059,32.737611,18.411635,39.662243,5.006397
Texas,TX,Gillespie,05000US48171,186.423656,30.857705,30.044916,50.76376,4.439972
Michigan,MI,Oakland,05000US26125,9392.363174,811.327545,5182.975021,4822.406807,566.666561
North Dakota,ND,Golden Valley,05000US38033,10.844411,3.131323,3.722235,3.932563,0.206272
Wyoming,WY,Niobrara,05000US56027,13.767123,2.344133,1.141416,4.286817,0.570367
Minnesota,MN,Pipestone,05000US27117,95.99354,41.794262,36.034747,62.375419,6.972893
Virginia,VA,King George,05000US51099,195.191199,67.122608,49.954536,47.930249,4.068916
Washington,WA,Grant,05000US53025,348.150675,33.87699,65.830799,237.072324,13.733457
Minnesota,MN,Renville,05000US27129,96.512755,58.767241,26.496911,44.107971,6.240592
Florida,FL,Alachua,05000US12001,2020.653113,267.512834,654.16379,1027.285002,323.368065
Nebraska,NE,Hooker,05000US31091,19.989897,7.071267,2.082965,3.587249,1.577558
Virginia,VA,Prince Edward,05000US51147,157.365594,16.607844,16.162799,71.862351,28.483147
Utah,UT,Carbon,05000US49007,139.153963,4.264493,19.471002,88.425621,3.193195
Pennsylvania,PA,Bucks,05000US42017,3650.265352,2069.336259,2276.996028,2582.57818,351.750332
South Dakota,SD,Hand,05000US46059,35.079778,4.909733,5.133947,7.581036,1.617753
Pennsylvania,PA,Lycoming,05000US42081,569.833967,114.38112,129.078164,338.28806,18.216347
Idaho,ID,Latah,05000US16057,140.245248,9.406016,32.334307,103.709287,21.242581
Georgia,GA,Putnam,05000US13237,217.395937,34.364104,23.25459,47.05066,4.482369
Virginia,VA,Galax,05000US51640,47.92654,2.58371,4.588129,33.482495,1.11732
New Mexico,NM,Quay,05000US35037,103.247523,26.580489,4.875219,56.34023,2.070561
Texas,TX,King,05000US48269,22.707657,5.67753,3.69787,6.609596,3.008415
Arkansas,AR,Lafayette,05000US05073,66.289731,6.90328,5.597908,6.696495,0.769615
Texas,TX,Tom Green,05000US48451,1120.278914,157.138177,254.929693,420.429703,57.523399
Florida,FL,Hardee,05000US12049,190.621713,34.691579,34.210831,89.103741,5.775118
Ohio,OH,Clermont,05000US39025,2098.83861,375.110425,520.542004,783.442863,172.737275
Texas,TX,Yoakum,05000US48501,96.270002,34.142003,10.427288,15.595603,2.469464
Oregon,OR,Yamhill,05000US41071,580.27747,84.312809,181.731317,414.477915,20.746776
Iowa,IA,Louisa,05000US19115,53.997308,56.72104,6.197586,19.900228,4.510048
Kansas,KS,Elk,05000US20049,17.858378,4.390163,0.604064,4.392454,0.178882
Ohio,OH,Noble,05000US39121,79.105939,8.104828,7.154902,19.857868,19.932557
Ohio,OH,Putnam,05000US39137,229.488594,22.727281,44.451652,59.470036,9.417601
Texas,TX,Somervell,05000US48425,154.828521,9.421854,18.413152,23.194278,4.156898
Pennsylvania,PA,Lebanon,05000US42075,678.069562,191.179486,195.370182,447.387816,23.733041
Montana,MT,Glacier,05000US30035,24.466492,2.940013,2.494998,16.068143,0.541496
Nevada,NV,Pershing,05000US32027,10.954327,0.63315,1.387629,3.303356,0.312714
Minnesota,MN,Mahnomen,05000US27087,14.950811,2.670137,2.44001,6.466649,1.216893
Montana,MT,Lake,05000US30047,162.066303,16.457027,52.425637,62.602223,3.765465
Texas,TX,Kenedy,05000US48261,28.249631,4.437641,1.501778,3.268012,0.200696
Texas,TX,Borden,05000US48033,36.887853,4.333914,4.517897,7.343322,0.575513
Missouri,MO,Perry,05000US29157,180.218189,92.545457,17.577649,84.574562,6.843395
Texas,TX,San Saba,05000US48411,67.460749,8.345696,3.933928,24.280302,1.537162
Oklahoma,OK,Kingfisher,05000US40073,285.502378,21.897234,21.205839,58.829425,26.036857
Texas,TX,Burleson,05000US48051,213.178754,25.454777,21.093509,58.065071,8.748891
New York,NY,Fulton,05000US36035,200.296367,154.741456,62.704471,87.952805,13.079258
Mississippi,MS,Sunflower,05000US28133,197.138495,74.362582,15.596137,29.395885,3.008467
Minnesota,MN,Hennepin,05000US27053,6153.080102,597.826445,4189.562017,9540.772201,659.023131
Pennsylvania,PA,Centre,05000US42027,624.0490764,86.8143256,233.356293,485.40293,132.1568592
Texas,TX,Bee,05000US48025,272.216388,59.490527,19.356387,76.599805,3.06822
Tennessee,TN,Henderson,05000US47077,396.485802,54.426024,33.752925,39.694587,6.777901
Iowa,IA,Tama,05000US19171,92.45332,117.293179,21.465344,39.501914,5.752914
Kansas,KS,Seward,05000US20175,108.337585,19.500038,16.263388,43.158903,2.089273
Iowa,IA,Monroe,05000US19135,55.34777,46.79057,9.601984,35.730669,1.790803
Nebraska,NE,Richardson,05000US31147,66.468688,44.852404,5.277862,36.900907,3.095102
Illinois,IL,Christian,05000US17021,435.131852,176.728339,51.94518,124.068735,12.336045
Florida,FL,Nassau,05000US12089,519.195954,121.97937,106.240254,167.849525,28.385728
Florida,FL,Washington,05000US12133,368.353148,18.158978,23.054726,80.63362,3.658171
Georgia,GA,Baker,05000US13007,49.261979,9.856856,5.769619,9.703386,0.967248
Georgia,GA,Thomas,05000US13275,617.146051,126.355192,85.707796,123.816767,7.934468
Kentucky,KY,Anderson,05000US21005,263.890768,16.629279,42.208071,63.392668,7.566899
Kentucky,KY,Oldham,05000US21185,828.342152,36.500269,259.119877,223.323062,49.998208
Georgia,GA,Cherokee,05000US13057,1623.196103,58.918978,498.166167,683.133523,138.581147
North Dakota,ND,Oliver,05000US38065,10.596265,2.003879,2.077509,3.517124,1.103282
Michigan,MI,Osceola,05000US26133,125.314108,60.373762,15.44039,43.268647,1.946467
Tennessee,TN,McNairy,05000US47109,316.099185,30.756042,20.077725,49.60658,6.022437
Washington,WA,Adams,05000US53001,95.797281,15.420621,15.502074,54.073281,3.968711
Missouri,MO,Dade,05000US29057,45.235521,15.823653,3.122965,7.373402,1.192349
Louisiana,LA,St. Mary,05000US22101,428.964417,75.27254,71.711638,152.899303,18.134327
Vermont,VT,Chittenden,05000US50007,454.181735,176.725388,472.817771,511.480591,74.774961
Louisiana,LA,Lafourche,05000US22057,1013.7296,116.465885,208.443206,274.89218,128.984597
Iowa,IA,Muscatine,05000US19139,237.983273,115.693226,41.635755,126.216794,13.819968
Florida,FL,Santa Rosa,05000US12113,1447.354627,92.215371,362.113639,410.173924,42.838264
Indiana,IN,Martin,05000US18101,64.877593,18.184781,7.70595,12.413966,0.912068
Kentucky,KY,Rockcastle,05000US21203,119.39064,6.455201,10.196054,18.9542,3.014905
Kentucky,KY,Trimble,05000US21223,91.594334,17.679288,13.870615,20.394846,3.472977
Georgia,GA,Chattooga,05000US13055,259.374452,36.724184,13.009818,77.650419,6.105371
South Carolina,SC,Dillon,05000US45033,178.080851,27.822466,7.513494,41.419607,3.239004
North Carolina,NC,Jones,05000US37103,80.73472,11.755478,14.431948,14.37688,1.102686
Missouri,MO,Scotland,05000US29199,31.795699,28.086037,6.181026,6.171546,0.680935
Kansas,KS,Nemaha,05000US20131,61.619225,41.699805,5.973692,27.719603,3.33705
Kansas,KS,Norton,05000US20137,21.369507,6.938157,1.894614,15.954369,0.710426
Nebraska,NE,Furnas,05000US31065,24.351617,19.175935,2.004147,6.064742,1.313301
Georgia,GA,Decatur,05000US13087,354.891377,84.425249,34.758506,90.76396,4.26529
Indiana,IN,Wayne,05000US18177,555.69082,27.889475,84.137628,220.20702,14.138705
Kentucky,KY,Barren,05000US21009,525.218722,24.752752,57.186725,90.237473,14.200097
Nebraska,NE,Howard,05000US31093,69.259157,27.923972,7.591314,16.106224,7.471564
North Dakota,ND,Dunn,05000US38025,42.203712,3.778535,5.001965,9.524768,9.492565
California,CA,Amador,05000US06005,198.944761,15.999925,55.386996,92.334871,10.349575
Tennessee,TN,Fentress,05000US47049,95.032524,9.470636,4.861996,8.030679,1.59138
Kansas,KS,Coffey,05000US20031,127.934896,50.766245,7.317392,33.369335,3.480921
Michigan,MI,Branch,05000US26023,319.482856,56.561123,58.199185,130.0919,31.262845
Virginia,VA,Campbell,05000US51031,581.754984,57.174514,90.991322,95.075142,32.278474
Ohio,OH,Meigs,05000US39105,249.043464,36.671463,11.741783,43.880696,7.679245
West Virginia,WV,Nicholas,05000US54067,214.827624,65.490661,31.274969,40.006773,9.604868
Oklahoma,OK,Grant,05000US40053,94.182606,28.28967,15.873737,19.234167,3.500314
South Dakota,SD,Spink,05000US46115,61.001353,23.985123,28.720281,20.76668,2.266857
Vermont,VT,Windsor,05000US50027,217.356855,76.698373,149.089013,158.12895,21.832333
Texas,TX,Trinity,05000US48455,158.991194,22.876977,10.764474,24.837075,3.541643
New Mexico,NM,Bernalillo,05000US35001,5197.527492,455.413831,1805.388741,4918.554561,452.997649
Georgia,GA,Mitchell,05000US13205,187.534407,57.112119,25.105352,33.100327,2.068788
Kentucky,KY,McCreary,05000US21147,57.514903,4.591374,4.254034,6.130961,0.509419
Kentucky,KY,Pendleton,05000US21191,123.142842,11.510842,15.351825,22.551332,4.394664
Kentucky,KY,Spencer,05000US21215,246.515833,12.306437,53.157193,37.034976,9.859343
Montana,MT,Hill,05000US30041,93.623781,29.913905,24.810703,81.284763,2.401009
Nebraska,NE,Valley,05000US31175,39.583165,21.4299,16.492225,8.612212,2.893416
Texas,TX,Castro,05000US48069,79.984009,5.100166,4.196576,18.823554,3.200816
Maryland,MD,Washington,05000US24043,972.018821,123.499439,179.033623,606.016802,22.897185
Kentucky,KY,Letcher,05000US21133,190.267407,57.316312,8.72637,30.779526,2.972783
Virginia,VA,Lynchburg,05000US51680,634.458964,65.547409,205.248032,225.114461,107.914153
Arkansas,AR,Saline,05000US05125,1718.147802,109.563669,342.883047,340.590057,46.853185
West Virginia,WV,Mason,05000US54053,318.832869,30.483355,22.393971,75.179338,6.628679
West Virginia,WV,Gilmer,05000US54021,45.654219,19.773808,10.762209,4.963324,1.022359
Mississippi,MS,Jefferson,05000US28063,33.30925,3.898673,1.152844,5.572684,3.105179
North Dakota,ND,Rolette,05000US38079,32.883799,2.956687,8.515619,6.749233,1.070042
Montana,MT,Treasure,05000US30103,5.715564,0.1509,1.789627,3.008655,0.138274
Kentucky,KY,Clark,05000US21049,414.825521,14.182348,72.509123,143.444277,15.778211
Michigan,MI,Allegan,05000US26005,699.918968,57.547886,168.877286,278.797904,28.991853
Tennessee,TN,Benton,05000US47005,165.81537,35.003482,19.026384,23.373088,4.288296
Minnesota,MN,Brown,05000US27015,158.935922,73.309362,43.070991,154.320651,6.999788
Tennessee,TN,Pickett,05000US47137,30.608751,3.638659,2.839829,2.938427,0.840945
Virginia,VA,Louisa,05000US51109,185.750481,35.991584,39.701067,34.178688,7.454431
Indiana,IN,Shelby,05000US18145,460.62052,48.391722,61.52802,114.435625,11.851268
Ohio,OH,Franklin,05000US39049,8263.434879,1210.467111,2565.120585,6034.857412,564.462039
Utah,UT,Iron,05000US49021,266.913837,22.37731,60.927065,121.07715,95.149824
Nevada,NV,Esmeralda,05000US32009,11.414835,0.816952,1.359523,3.410818,0.154713
Michigan,MI,Keweenaw,05000US26083,8.001552,1.701433,1.174164,4.769996,3.117703
Utah,UT,Sanpete,05000US49039,91.382954,9.181966,9.04441,67.571248,4.025519
Kansas,KS,Kearny,05000US20093,25.203278,14.783697,1.187455,5.710287,0.583567
Florida,FL,Brevard,05000US12009,3435.186076,1025.717619,970.694541,1645.509141,106.831877
Indiana,IN,Monroe,05000US18105,1066.405259,80.73714,351.448173,381.733747,153.634301
Iowa,IA,Lucas,05000US19117,69.587283,76.059871,10.924693,57.342195,2.119935
Kentucky,KY,Woodford,05000US21239,417.889089,26.610048,68.738374,143.701641,21.572135
South Carolina,SC,Jasper,05000US45053,102.991844,17.381745,21.927811,39.081777,2.537111
Texas,TX,Brewster,05000US48043,87.502798,5.764373,3.545794,35.764606,1.015287
South Carolina,SC,McCormick,05000US45065,85.052879,11.560522,12.657403,14.41953,2.100086
South Carolina,SC,Union,05000US45087,398.366893,69.22028,37.411168,46.819353,9.299178
Minnesota,MN,Nicollet,05000US27103,168.129891,87.327884,52.366059,149.666298,12.133499
Wisconsin,WI,Marinette,05000US55075,188.310379,92.561907,41.244205,110.706326,7.061991
Washington,WA,Clark,05000US53011,3939.196036,503.876107,1276.584786,2561.677793,359.586318
Wisconsin,WI,Price,05000US55099,31.129122,22.67092,8.656418,18.686056,0.868758
Indiana,IN,Miami,05000US18103,370.838491,56.151978,38.359235,71.435443,5.106288
Kansas,KS,Ellsworth,05000US20053,46.300934,41.10697,2.49021,20.704394,0.907216
Louisiana,LA,West Carroll,05000US22123,199.935638,18.434361,8.984263,14.02814,5.529038
Florida,FL,Liberty,05000US12077,63.485161,9.779345,8.07704,15.409558,1.531297
Kansas,KS,Hodgeman,05000US20083,16.588516,3.343041,0.729113,3.231683,0.450456
Kansas,KS,Meade,05000US20119,46.471363,9.267507,5.193942,7.63513,2.511961
Kentucky,KY,McLean,05000US21149,127.519351,14.507057,8.454435,18.756793,1.791306
Mississippi,MS,Adams,05000US28001,258.700376,30.419083,16.209511,82.052155,6.343524
Mississippi,MS,Itawamba,05000US28057,278.041628,27.112945,21.854677,41.936748,4.551362
Kentucky,KY,Franklin,05000US21073,484.496916,14.929751,87.05332,110.09318,15.758188
Maine,ME,Hancock,05000US23009,285.291945,67.907818,136.325772,149.523636,16.31267
Maine,ME,Knox,05000US23013,124.749116,33.387216,37.229619,75.8046,3.747014
Georgia,GA,Newton,05000US13217,650.93375,51.531244,110.63189,195.897827,15.985921
South Dakota,SD,Faulk,05000US46049,8.442139,1.681486,3.882292,3.013623,0.50514
Michigan,MI,Houghton,05000US26061,95.112358,16.507071,16.880894,72.141621,11.201326
Montana,MT,Mineral,05000US30061,38.053271,10.850447,5.437302,12.680475,1.731182
Tennessee,TN,Franklin,05000US47051,459.3107,52.110151,75.183478,104.131893,8.927465
Louisiana,LA,Concordia,05000US22029,212.213912,39.456501,12.229402,53.727352,10.207099
Louisiana,LA,Livingston,05000US22063,1067.690731,95.162636,160.006294,177.426954,38.627056
Massachusetts,MA,Essex,05000US25009,2821.46274,524.282239,2688.386473,4167.173471,147.808467
South Dakota,SD,Butte,05000US46019,49.381985,2.874187,8.240297,27.823893,0.613544
Colorado,CO,Douglas,05000US08035,3502.306044,234.759865,1516.315643,1855.203099,309.967967
South Carolina,SC,Richland,05000US45079,3239.967901,463.58004,817.879862,948.317838,258.75639
Indiana,IN,Madison,05000US18095,1423.664964,412.459302,195.958359,410.383771,80.543367
Oklahoma,OK,Murray,05000US40099,207.103536,15.913916,6.55139,64.239769,3.507866
West Virginia,WV,Brooke,05000US54009,273.031283,9.034951,47.63864,62.857345,5.01376
West Virginia,WV,Calhoun,05000US54013,18.540721,6.138822,1.347338,3.715475,0.276117
Virginia,VA,Bland,05000US51021,77.521046,7.613127,6.877706,8.54901,2.219158
Montana,MT,Yellowstone,05000US30111,1204.948368,58.290046,390.67374,838.715098,20.275931
West Virginia,WV,Lincoln,05000US54043,132.023089,24.980793,15.874183,18.397563,3.456984
California,CA,Lake,05000US06033,245.133463,12.996766,45.115785,153.195262,10.332397
Georgia,GA,Grady,05000US13131,265.125781,56.920483,32.963036,57.209765,6.162988
Colorado,CO,Conejos,05000US08021,30.433657,4.736783,2.920934,9.727226,0.815448
Utah,UT,San Juan,05000US49037,24.751144,1.919438,2.499084,25.393507,1.036538
Indiana,IN,Putnam,05000US18133,280.581585,56.693845,42.277256,54.456512,8.165941
Idaho,ID,Gooding,05000US16047,31.495547,6.920579,3.173137,18.236425,1.372825
Tennessee,TN,Tipton,05000US47167,803.692634,88.694205,85.373413,187.610809,16.377952
Louisiana,LA,West Baton Rouge,05000US22121,201.151708,19.358336,31.732587,64.689246,13.155656
Missouri,MO,Putnam,05000US29171,24.034096,35.724996,2.782672,6.851931,0.370154
Wyoming,WY,Teton,05000US56039,73.317002,4.632761,71.730133,58.691129,3.022258
Wisconsin,WI,Grant,05000US55043,209.755005,201.085362,48.781561,162.074743,10.257871
North Dakota,ND,Morton,05000US38059,142.083666,20.373615,50.601265,88.905923,12.466324
North Carolina,NC,Chowan,05000US37041,70.119808,12.870168,7.29429,13.403169,2.655508
North Carolina,NC,Buncombe,05000US37021,1449.476285,146.5565,470.702246,584.126839,78.569423
California,CA,Plumas,05000US06063,102.208894,10.523481,24.071585,45.103509,2.453878
Virginia,VA,Petersburg,05000US51730,293.650587,132.574172,49.608733,73.870388,5.740627
Vermont,VT,Washington,05000US50023,175.99388,101.148421,187.118582,252.197732,10.325462
South Dakota,SD,Meade,05000US46093,170.380993,7.420092,47.878019,84.701588,2.987695
Indiana,IN,Marion,05000US18097,6840.715286,535.656312,1637.73178,2792.34239,303.232999
Arkansas,AR,Chicot,05000US05017,92.021075,28.866549,7.05205,26.030777,1.34377
Georgia,GA,Bibb,05000US13021,1708.830035,214.967736,179.323013,415.694698,129.282224
Arkansas,AR,Pope,05000US05115,619.554705,100.400139,74.948356,124.531957,10.172652
Virginia,VA,Southampton,05000US51175,133.3911344,56.6484296,10.2352278,21.135484,2.6574262
Texas,TX,Gregg,05000US48183,1163.155066,92.531245,153.261963,293.444688,15.892714
New York,NY,Rockland,05000US36087,1175.602172,220.894039,862.060821,989.568459,71.9590242
Arkansas,AR,Marion,05000US05089,80.303457,23.384073,10.337104,11.132975,1.33623
Virginia,VA,Suffolk,05000US51800,1120.939506,403.433275,203.086611,258.607305,38.385003
Colorado,CO,El Paso,05000US08041,4325.490191,527.226944,1443.447576,3430.747023,383.040692
Missouri,MO,St. Francois,05000US29187,581.754894,198.137966,55.391091,120.279239,11.676372
Texas,TX,Ward,05000US48475,236.821854,43.501436,15.368926,55.628969,3.015907
Colorado,CO,Kiowa,05000US08061,23.51733,3.802356,0.868951,5.858325,0.797458
Texas,TX,Wilbarger,05000US48487,161.312796,15.040898,9.739772,28.381328,2.211444
Oregon,OR,Curry,05000US41015,83.285466,11.567086,17.042986,78.76649,1.132943
Colorado,CO,Teller,05000US08119,149.193687,19.309303,41.842163,132.295482,6.647642
Missouri,MO,Clinton,05000US29049,184.645682,55.53022,27.024838,69.423694,5.430954
Utah,UT,Wasatch,05000US49051,136.78868,6.469156,41.504568,82.296204,6.685112
Idaho,ID,Caribou,05000US16029,52.068962,3.026619,2.790014,32.270335,1.975392
North Carolina,NC,Rockingham,05000US37157,695.527756,55.955367,116.319715,155.69535,23.246305
Arkansas,AR,Prairie,05000US05117,105.063156,9.247097,10.641838,19.480946,2.199783
Arkansas,AR,Bradley,05000US05011,149.256708,17.678229,7.450327,23.913118,1.545148
Texas,TX,Hamilton,05000US48193,144.307184,23.222099,10.780273,26.121055,1.537587
Maryland,MD,Caroline,05000US24011,231.853385,131.024611,50.508091,111.133634,10.8739
Minnesota,MN,Douglas,05000US27041,206.719714,63.416117,84.917707,131.996292,23.275516
Montana,MT,Jefferson,05000US30043,74.655844,16.824982,25.764644,43.729271,2.648973
Virginia,VA,Fairfax,05000US51059,6900.995029,1057.025145,3787.720842,5897.637145,458.087881
Montana,MT,Deer Lodge,05000US30023,50.117481,8.790263,12.140309,35.142918,0.5378
Tennessee,TN,Anderson,05000US47001,809.690418,110.024406,131.160941,221.651445,22.763641
Ohio,OH,Huron,05000US39077,335.236538,47.736857,37.643202,184.192015,26.9126
Georgia,GA,Bacon,05000US13005,179.428563,95.370771,26.924394,53.94491,2.414411
Delaware,DE,Kent,05000US10001,957.663859,654.68838,223.93477,326.339003,79.844454
Ohio,OH,Wood,05000US39173,1130.783985,116.183444,243.040449,439.792187,73.965948
Georgia,GA,Jackson,05000US13157,869.472026,47.948148,177.945129,189.078528,33.993648
Kansas,KS,Anderson,05000US20003,68.74617,28.867921,4.793002,25.077684,1.273333
Illinois,IL,Knox,05000US17095,590.592171,181.913336,101.221974,214.391309,13.76033
Montana,MT,Wheatland,05000US30107,6.786862,0.414307,1.034292,3.699602,0.141642
Tennessee,TN,Cannon,05000US47015,152.41001,23.936352,15.864906,33.103531,4.741609
Maine,ME,Franklin,05000US23007,109.53097,63.540073,32.723706,43.158703,3.650738
Kentucky,KY,Menifee,05000US21165,48.593002,1.962136,3.440853,5.541136,0.932658
South Dakota,SD,McPherson,05000US46089,8.766273,1.256889,1.869087,9.529528,0.14553
Colorado,CO,Gunnison,05000US08051,52.156375,4.073771,16.753377,29.913337,2.108637
Michigan,MI,Charlevoix,05000US26029,231.55872,21.796661,82.110727,210.688588,6.704118
Minnesota,MN,Swift,05000US27151,80.245758,26.587333,25.287371,39.922946,4.088299
Ohio,OH,Seneca,05000US39147,484.500244,57.02216,69.600034,225.274632,11.691231
Georgia,GA,Tattnall,05000US13267,149.592841,22.472679,21.402682,50.256002,2.582416
Texas,TX,Stephens,05000US48429,94.779775,27.043012,13.444666,33.533935,4.742057
North Carolina,NC,Martin,05000US37117,131.156845,21.21222,9.961691,23.127629,2.673122
Montana,MT,Ravalli,05000US30081,197.289489,13.419703,73.412577,78.714943,7.390188
Georgia,GA,Wilkes,05000US13317,107.090129,15.469828,9.277991,22.418105,1.603124
Washington,WA,Lincoln,05000US53043,88.174657,6.414454,15.242401,30.056188,6.249304
California,CA,San Mateo,05000US06081,4215.596154,488.724186,2943.678373,4389.971101,582.803667
Ohio,OH,Williams,05000US39171,262.299159,48.338509,44.976125,124.719193,5.810491
Colorado,CO,Baca,05000US08009,30.675923,2.894975,2.544107,8.383905,0.921062
Idaho,ID,Boundary,05000US16021,27.516161,2.383705,4.519495,11.326668,0.57609
Idaho,ID,Bear Lake,05000US16007,59.340975,2.209608,3.44639,19.805937,2.702562
Ohio,OH,Union,05000US39159,488.500869,77.544582,154.833159,261.532684,30.008668
Ohio,OH,Cuyahoga,05000US39035,9569.907103,1590.711318,3478.150556,8157.132711,595.5813178
Texas,TX,Lavaca,05000US48285,237.391385,45.122703,19.187764,51.884394,7.871344
Oklahoma,OK,Nowata,05000US40105,126.936928,36.663651,12.729839,24.467836,3.749772
Georgia,GA,Glascock,05000US13125,52.851145,5.923096,4.47887,4.931299,0.832908
Oregon,OR,Umatilla,05000US41059,410.930034,76.884701,50.634149,229.223443,17.39953
South Dakota,SD,Oglala Lakota,05000US46102,17.873136,1.063724,1.462434,5.740889,0.15215
Kansas,KS,Marshall,05000US20117,89.748399,32.221549,26.061602,44.204593,5.021874
Louisiana,LA,Madison,05000US22065,164.869143,11.241515,26.559409,25.509389,4.967205
Montana,MT,Valley,05000US30105,61.918032,25.743977,33.775898,39.412241,0.803914
Georgia,GA,Whitfield,05000US13313,754.029435,162.309693,99.284733,201.320357,18.315621
Kansas,KS,Wichita,05000US20203,19.526108,3.622373,1.424751,4.128822,0.38782
South Dakota,SD,Charles Mix,05000US46023,31.561108,14.378372,2.692779,9.773375,0.982133
Nebraska,NE,Cedar,05000US31027,41.177702,16.770533,2.818709,8.636012,2.427557
Washington,WA,Kitsap,05000US53035,1446.865787,134.951026,406.107723,997.572312,85.493087
Illinois,IL,McHenry,05000US17111,1889.232646,159.980489,762.173958,1492.747262,231.511202
Montana,MT,Petroleum,05000US30069,7.541424,0.686853,2.39046,2.531175,0.467486
Missouri,MO,Carroll,05000US29033,93.001202,40.684773,5.117323,28.881572,1.842033
Washington,WA,Whitman,05000US53075,204.48653,13.392502,52.752128,137.887304,133.713937
Minnesota,MN,Steele,05000US27147,231.762093,208.084479,74.222523,199.596172,13.528262
Nebraska,NE,Thayer,05000US31169,47.561952,25.13,4.511042,10.020778,5.465731
Tennessee,TN,Crockett,05000US47033,209.823094,30.736383,17.790052,52.434633,4.216843
Iowa,IA,Hamilton,05000US19079,136.359283,120.175819,25.75646,71.016281,8.233639
Ohio,OH,Warren,05000US39165,1692.071209,206.56936,445.185629,657.016128,111.1988734
Georgia,GA,Spalding,05000US13255,580.975427,35.539652,87.51643,138.058303,11.001853
Missouri,MO,Vernon,05000US29217,248.059143,84.912095,9.227872,65.837148,2.684477
Indiana,IN,Parke,05000US18121,124.582152,30.697307,5.777971,19.256621,2.358644
Iowa,IA,Franklin,05000US19069,66.439929,65.162888,11.298257,33.756831,3.44666
Georgia,GA,Butts,05000US13035,173.703739,7.461835,14.888752,40.972093,3.290742
Colorado,CO,Elbert,05000US08039,322.241117,30.284262,118.70034,125.236722,15.69532
Rhode Island,RI,Bristol,05000US44001,222.292318,17.355508,206.191676,336.953095,19.483678
Texas,TX,Bosque,05000US48035,285.576,27.653185,31.186788,57.509577,7.412757
Rhode Island,RI,Newport,05000US44005,371.047593,48.603916,343.371433,464.633355,27.627903
Ohio,OH,Fairfield,05000US39045,1225.692566,127.714076,269.703919,524.152808,49.569558
North Dakota,ND,Pierce,05000US38069,23.349144,6.072263,6.588844,9.90575,1.25354
Illinois,IL,Carroll,05000US17015,140.510465,101.407792,17.949445,58.797116,5.101422
Minnesota,MN,Red Lake,05000US27125,19.639224,9.873047,7.044363,10.732231,1.156283
Oregon,OR,Jefferson,05000US41031,123.644388,17.182642,30.007566,67.143697,16.292465
Tennessee,TN,Cheatham,05000US47021,479.179817,54.783054,81.982361,122.597837,22.305694
South Dakota,SD,Union,05000US46127,124.12909,56.046095,27.453398,43.930466,12.230804
Alabama,AL,Elmore,05000US01051,881.685181,98.05108,143.201564,171.816752,20.901879
Georgia,GA,Lumpkin,05000US13187,281.986184,12.354331,38.495825,76.52006,5.691825
Ohio,OH,Knox,05000US39083,392.094832,38.149235,80.872231,127.363908,13.474259
Iowa,IA,Bremer,05000US19017,157.592212,192.755268,35.488773,96.548651,15.182021
Texas,TX,Goliad,05000US48175,93.587134,14.3353,6.944669,14.065936,2.01409
North Carolina,NC,Henderson,05000US37089,746.059068,51.376721,181.426062,276.941129,20.577878
Florida,FL,Indian River,05000US12061,654.587952,162.919606,264.274286,474.647835,27.637096
Texas,TX,Roberts,05000US48393,68.35636,11.332017,3.605876,13.5344,2.729432
Nebraska,NE,Deuel,05000US31049,23.101469,4.905682,2.968303,5.203636,1.174507
New York,NY,Livingston,05000US36051,244.133609,38.868756,70.752138,158.4242212,12.5973354
Iowa,IA,O'Brien,05000US19141,57.287598,68.946959,12.854849,30.459477,5.065111
Texas,TX,Callahan,05000US48059,176.337672,18.063262,13.106643,30.068357,5.063926
Texas,TX,Rains,05000US48379,109.831756,10.457032,12.950321,13.595369,1.277595
Kansas,KS,Grant,05000US20067,55.779485,18.744421,1.762391,15.769687,9.33771
Virginia,VA,Lee,05000US51105,145.297337,5.599489,4.428644,20.197313,2.060972
New Mexico,NM,Sierra,05000US35051,93.773556,16.91476,8.21701,59.389642,1.463436
Arkansas,AR,Drew,05000US05043,250.662725,14.962589,16.972559,57.478165,3.369528
Nebraska,NE,Morrill,05000US31123,20.969118,8.092574,1.128468,5.67397,0.820959
Missouri,MO,Benton,05000US29015,181.47598,74.166486,12.357663,49.072646,3.072642
Arkansas,AR,Pike,05000US05109,138.01942,11.619318,6.403296,11.809277,2.424056
Colorado,CO,Mesa,05000US08077,999.096219,78.60972,198.896061,458.937806,16.674405
Missouri,MO,Dent,05000US29065,144.298701,43.083591,22.087854,26.717641,1.398675
Virginia,VA,Tazewell,05000US51185,420.254074,33.90089,21.508707,54.121169,21.47618
Pennsylvania,PA,Pike,05000US42103,335.516743,197.193282,121.986655,200.513303,16.173969
Pennsylvania,PA,Susquehanna,05000US42115,153.630086,34.266497,39.662594,53.117013,4.998273
Texas,TX,Morris,05000US48343,131.250843,9.688638,7.081869,33.579545,3.637262
Pennsylvania,PA,Washington,05000US42125,1690.675173,319.322826,564.21851,747.983165,96.677894
Vermont,VT,Addison,05000US50001,96.835677,59.132523,78.242,66.784111,7.671891
Kansas,KS,Leavenworth,05000US20103,617.185835,125.628958,122.793611,265.213289,37.590967
Michigan,MI,Muskegon,05000US26121,1159.050044,456.185131,213.07936,650.781206,56.983967
Mississippi,MS,Hinds,05000US28049,1950.133686,145.595781,328.687283,512.761078,71.755619
Texas,TX,Lampasas,05000US48281,218.745862,18.320698,28.519803,49.838893,3.813688
Virginia,VA,Loudoun,05000US51107,2523.110758,336.402382,1378.453825,1284.177116,159.022552
Missouri,MO,St. Clair,05000US29185,61.451087,27.359108,3.909342,13.552726,1.314752
New York,NY,Delaware,05000US36025,129.668676,29.070758,32.476449,54.447918,4.294847
Montana,MT,Phillips,05000US30071,8.865716,1.03951,1.724712,4.317212,0.210952
Missouri,MO,Mercer,05000US29129,28.494533,31.894347,1.324462,8.588455,0.659545
Washington,WA,Mason,05000US53045,337.086863,31.349799,61.860961,165.197052,9.100294
North Carolina,NC,Nash,05000US37127,814.708936,104.836157,116.216117,214.767947,19.298549
Virginia,VA,York,05000US51199,577.858909,195.03571,184.067249,217.074253,35.461953
Missouri,MO,Pettis,05000US29159,357.12095,100.836188,57.412088,147.683575,4.065571
Montana,MT,Missoula,05000US30063,431.373723,37.674651,234.461645,427.046402,48.678248
Kansas,KS,Chautauqua,05000US20019,17.143452,3.706189,0.787415,3.584122,0.465329
Texas,TX,Upshur,05000US48459,389.191987,46.188247,44.316448,61.841973,4.615603
Virginia,VA,Culpeper,05000US51047,275.799735,90.147452,81.586658,80.870819,6.434088
Oklahoma,OK,Haskell,05000US40061,128.662058,47.308956,14.738063,24.836442,4.717919
West Virginia,WV,Ohio,05000US54069,662.533309,40.07032,193.19967,253.311317,20.459985
West Virginia,WV,Morgan,05000US54065,104.785388,19.660909,13.031259,26.159757,1.67483
Virginia,VA,Rockingham,05000US51165,733.015727,196.012319,170.085694,181.870772,35.219503
Indiana,IN,Whitley,05000US18183,242.317433,11.218671,38.263002,74.155787,9.483464
California,CA,Siskiyou,05000US06093,239.638481,35.784281,64.573725,133.566231,6.1540674
South Dakota,SD,Day,05000US46037,41.474312,25.361635,7.726526,13.225718,1.765828
Louisiana,LA,Orleans,05000US22071,3520.498249,278.053877,1339.328891,2465.024672,640.425244
Alabama,AL,Jefferson,05000US01073,6056.67339,352.292386,1466.375624,2152.549798,388.403191
Alabama,AL,Walker,05000US01127,896.256358,73.128291,122.843222,138.911177,16.541573
Missouri,MO,DeKalb,05000US29063,54.071713,17.533313,5.8715,14.574913,1.182973
Florida,FL,Gadsden,05000US12039,200.707798,24.483146,49.700923,68.924268,8.765503
Georgia,GA,Dade,05000US13083,192.112333,47.39629,16.957999,42.723868,2.690119
Mississippi,MS,DeSoto,05000US28033,2272.255249,226.683773,399.241569,470.962457,73.919747
Virginia,VA,Warren,05000US51187,260.524967,109.968214,69.400324,111.969668,5.765993
Illinois,IL,Edwards,05000US17047,109.873672,57.508686,11.354849,12.487247,1.639776
Tennessee,TN,Madison,05000US47113,1286.731141,132.388806,168.048427,265.248899,35.788691
Alabama,AL,Randolph,05000US01111,252.61448,32.512643,23.556128,48.719678,4.215457
North Carolina,NC,Ashe,05000US37009,203.393646,8.091365,24.707951,99.433087,5.772637
Colorado,CO,Dolores,05000US08033,17.55892,0.817302,2.51659,5.559152,0.294891
Ohio,OH,Licking,05000US39089,1426.126022,185.314294,284.242982,451.378791,57.558687
Virginia,VA,Manassas,05000US51683,194.94117,71.476357,57.662681,111.495809,8.504566
Arkansas,AR,Union,05000US05139,546.628622,29.074381,45.061213,65.54533,20.227822
Illinois,IL,Henderson,05000US17071,101.112783,42.261586,7.288466,22.146538,3.249598
Alabama,AL,Montgomery,05000US01101,2064.135991,334.25476,486.555746,563.132765,94.856886
Colorado,CO,Arapahoe,05000US08005,4761.305066,623.812555,2177.259566,4513.761372,381.376065
Kentucky,KY,Marion,05000US21155,216.795208,6.433486,18.136847,34.827356,6.325177
Washington,WA,Skagit,05000US53057,609.407366,82.446448,204.363678,465.91099,27.460268
Mississippi,MS,Jones,05000US28067,753.822059,73.765919,91.626475,84.610124,14.511769
Wisconsin,WI,Columbia,05000US55021,242.231852,170.930017,86.908696,184.801696,8.92511
North Carolina,NC,Brunswick,05000US37019,1035.475845,113.67114,234.877446,409.96437,24.335222
Minnesota,MN,Clearwater,05000US27029,39.47307,6.725029,7.153935,15.350406,2.996016
Virginia,VA,Northampton,05000US51131,58.581101,30.13223,8.681959,14.111301,1.707932
Kansas,KS,Rooks,05000US20163,54.063264,22.854966,2.49227,7.049807,1.310672
Indiana,IN,Fayette,05000US18041,216.829572,23.1254,29.586177,62.994918,3.016127
Nebraska,NE,Hall,05000US31079,482.863129,134.547608,87.810341,190.713676,57.184119
Nebraska,NE,Hamilton,05000US31081,127.071222,43.282211,16.851529,49.404689,13.507647
Nebraska,NE,Loup,05000US31115,9.222549,7.540431,1.741826,3.895062,0.942288
Montana,MT,Sheridan,05000US30091,32.668207,22.245136,5.116055,12.970261,1.075508
Nebraska,NE,Frontier,05000US31063,26.094143,11.272164,2.960843,7.926435,1.6622
Alabama,AL,Bibb,05000US01007,159.870336,55.534483,28.299149,36.566105,5.357458
Mississippi,MS,Lauderdale,05000US28075,831.707858,64.189694,127.431929,194.54237,15.008011
Minnesota,MN,Big Stone,05000US27011,31.277747,25.564798,3.748314,15.678392,1.69401
Minnesota,MN,Blue Earth,05000US27013,469.147713,278.456879,127.136486,393.949275,33.994658
Virginia,VA,Highland,05000US51091,4.382144,1.3856,1.03291,1.436093,0.160487
Virginia,VA,Spotsylvania,05000US51177,1321.790258,493.078513,353.734653,319.539876,41.643763
New Hampshire,NH,Strafford,05000US33017,463.683139,85.040007,292.967667,348.413463,31.507945
Georgia,GA,Houston,05000US13153,1104.184184,161.127757,160.150995,217.113039,22.863409
Michigan,MI,Delta,05000US26041,270.198652,44.165296,57.629148,103.971729,18.433909
Arkansas,AR,Sebastian,05000US05131,1075.798181,165.345615,153.82754,227.582481,59.206914
California,CA,Santa Cruz,05000US06087,967.679779,139.034644,674.48221,1215.386725,80.285189
Georgia,GA,McIntosh,05000US13191,68.009295,17.502357,6.145082,20.516874,0.932284
Georgia,GA,Monroe,05000US13207,323.09406,27.629885,37.06022,55.743822,9.777264
Missouri,MO,Dunklin,05000US29069,358.921144,143.045417,14.016707,72.985956,7.885753
Texas,TX,Wheeler,05000US48483,77.770644,33.981881,11.657492,12.159912,2.270866
Georgia,GA,Forsyth,05000US13117,2951.667753,92.96496,1045.620737,1351.71057,174.850795
Texas,TX,San Patricio,05000US48409,789.254146,136.362447,100.878703,282.46586,15.585323
Mississippi,MS,Walthall,05000US28147,81.075824,14.529274,5.68222,9.377691,1.621204
Missouri,MO,Monroe,05000US29137,54.768412,33.5018,5.913305,12.920019,1.911946
Michigan,MI,Isabella,05000US26073,458.456262,82.268012,70.480139,204.722813,50.264348
Texas,TX,Moore,05000US48341,127.010192,15.173731,11.100441,51.840444,4.286817
South Carolina,SC,Calhoun,05000US45017,104.806791,18.549459,12.21735,13.252345,4.094795
Wyoming,WY,Sublette,05000US56035,21.268571,3.586739,7.712413,8.531809,11.995381
Kentucky,KY,Fleming,05000US21069,109.57234,19.506636,3.285141,20.660845,2.739371
Wisconsin,WI,Clark,05000US55019,67.938462,79.974886,18.728339,48.996658,2.731537
South Carolina,SC,York,05000US45091,2243.572207,279.034868,536.083111,732.163384,113.388357
Indiana,IN,Adams,05000US18001,209.094409,31.057329,24.895893,61.379494,6.553548
Louisiana,LA,Ascension,05000US22005,712.622017,54.730014,174.291132,166.384953,35.852109
Pennsylvania,PA,Union,05000US42119,138.2060214,10.8381786,30.633103,78.021736,29.4417542
Virginia,VA,Chesterfield,05000US51041,3231.787891,979.871566,897.846214,877.994223,155.170929
Louisiana,LA,Acadia,05000US22001,459.47799,44.463299,101.914042,124.670706,16.147201
Pennsylvania,PA,Crawford,05000US42039,384.48955,67.336329,91.570101,321.945674,9.214018
South Dakota,SD,Tripp,05000US46123,51.058818,39.994106,3.603489,35.056947,1.973322
Iowa,IA,Guthrie,05000US19077,77.299401,68.526524,17.763113,21.043153,4.828922
Iowa,IA,Washington,05000US19183,80.306023,69.706555,19.633862,52.416548,11.57783
South Dakota,SD,Sanborn,05000US46111,24.471886,9.13993,3.108866,5.346302,0.445541
Oklahoma,OK,Grady,05000US40051,587.182283,81.484855,74.252692,147.680775,14.913148
West Virginia,WV,Kanawha,05000US54039,2251.347658,398.520615,488.137895,585.203873,99.768221
Wisconsin,WI,St. Croix,05000US55109,432.961963,192.678326,187.04896,316.319598,39.288297
Pennsylvania,PA,Venango,05000US42121,315.001121,39.017169,32.451367,185.312193,6.448536
Ohio,OH,Summit,05000US39153,4020.898573,995.356351,1133.539988,2373.80632,220.685431
Georgia,GA,Glynn,05000US13127,574.109714,181.120106,102.341836,235.090959,9.8287
Texas,TX,Webb,05000US48479,3161.470736,349.51886,453.591274,963.208604,146.355494
North Carolina,NC,Montgomery,05000US37123,144.709565,11.600791,16.879218,29.352147,3.676477
Maine,ME,Aroostook,05000US23003,391.241373,100.965189,121.420784,111.918437,9.7072114
Mississippi,MS,Jefferson Davis,05000US28065,76.075345,9.01736,6.458218,9.686603,1.607752
Indiana,IN,Washington,05000US18175,282.120968,68.922521,20.770393,35.175808,5.078641
Texas,TX,Blanco,05000US48031,89.093368,21.671482,16.485478,18.419126,3.04491
Virginia,VA,Brunswick,05000US51025,81.622226,18.320073,9.4798166,17.0018672,1.7325028
Tennessee,TN,Dyer,05000US47045,599.508093,98.48074,52.070416,145.141926,12.360552
Tennessee,TN,Gibson,05000US47053,670.305986,99.487378,57.087673,137.66368,21.792307
Virginia,VA,Prince George,05000US51149,337.24591,76.509375,54.674922,74.184497,9.816818
Arkansas,AR,Lawrence,05000US05075,261.723894,45.829872,20.28905,69.128056,5.68036
North Dakota,ND,Eddy,05000US38027,10.882989,7.321572,1.257591,4.515075,0.595898
Washington,WA,Pierce,05000US53053,5886.388347,866.982553,1691.807778,3916.608018,403.002998
Idaho,ID,Lincoln,05000US16063,17.332058,5.589361,1.881827,5.568298,0.717632
Pennsylvania,PA,Lancaster,05000US42071,1819.855158,810.786353,601.023523,1353.83147,145.476367
Wisconsin,WI,Juneau,05000US55057,89.261527,90.517196,23.435069,57.129898,2.08752
Tennessee,TN,Scott,05000US47151,141.897238,15.871198,5.388452,22.809483,2.252487
South Dakota,SD,Corson,05000US46031,7.679414,1.333048,0.897312,3.843072,0.214653
South Dakota,SD,Gregory,05000US46053,21.275206,19.123576,3.384025,7.739682,1.497062
North Carolina,NC,Vance,05000US37181,292.38026,44.280424,55.072704,67.663586,5.745833
Kentucky,KY,Caldwell,05000US21033,158.195869,32.087957,5.451472,33.003592,4.258785
South Carolina,SC,Barnwell,05000US45011,161.411304,30.444001,8.97151,35.814998,3.185448
Tennessee,TN,Decatur,05000US47039,187.415131,21.901505,21.056342,18.570227,3.30173
Indiana,IN,Blackford,05000US18009,122.502336,27.141102,5.406976,34.890094,3.206011
Alabama,AL,Etowah,05000US01055,1181.305761,147.19692,229.422619,312.513595,27.725374
Idaho,ID,Camas,05000US16025,19.160876,6.906434,2.892777,6.470758,0.898496
Kansas,KS,Reno,05000US20155,754.294651,336.05097,134.497161,1529.539717,71.024741
Tennessee,TN,Maury,05000US47119,876.634283,76.477387,170.913537,241.111046,22.816125
Wyoming,WY,Goshen,05000US56015,88.993306,14.03524,14.517362,44.373999,2.91833
Wisconsin,WI,Rusk,05000US55107,49.173781,44.728704,7.312315,26.532788,0.873787
Wisconsin,WI,Waukesha,05000US55133,2264.86813,907.239261,1305.933638,1773.445555,191.051307
Kentucky,KY,Garrard,05000US21079,182.54462,11.177639,14.484526,29.526188,3.750666
Massachusetts,MA,Norfolk,05000US25021,2254.972671,352.500009,2711.293519,2851.028885,209.111732
Indiana,IN,Hendricks,05000US18063,1085.750157,122.720667,246.963583,341.117652,50.927484
Illinois,IL,Jackson,05000US17077,424.638542,142.392079,59.571029,117.302038,44.627713
South Carolina,SC,Georgetown,05000US45043,427.809477,55.361247,70.315462,159.312364,13.4092
North Dakota,ND,Hettinger,05000US38041,25.253958,2.760785,3.49969,6.462215,1.651666
Utah,UT,Grand,05000US49019,28.923186,2.214931,7.983121,40.392927,4.339864
Utah,UT,Tooele,05000US49045,438.035264,58.283685,119.757028,245.748537,16.974427
Virginia,VA,Hampton,05000US51650,1086.653541,563.776448,222.078957,377.125525,146.766122
Wisconsin,WI,Buffalo,05000US55011,70.651708,75.530591,30.340378,35.793806,2.016544
Virginia,VA,Frederick,05000US51069,522.721057,106.977191,126.022992,149.22617,13.985393
West Virginia,WV,Lewis,05000US54041,183.223822,58.33326,13.192073,27.751498,3.303199
Minnesota,MN,Polk,05000US27119,212.528508,52.854418,81.933395,152.74632,18.729546
Minnesota,MN,Redwood,05000US27127,106.30589,54.140022,39.445313,57.484484,3.562043
Tennessee,TN,Fayette,05000US47047,599.358941,66.728422,111.575478,130.397152,16.196849
Louisiana,LA,St. Charles,05000US22089,523.096518,43.76231,149.072796,245.45143,50.514
Arkansas,AR,Poinsett,05000US05111,341.760877,30.45614,28.739696,52.292349,7.342261
Florida,FL,Gulf,05000US12045,95.175757,16.130224,9.534583,61.786183,1.439579
Tennessee,TN,Hamblen,05000US47063,582.563758,27.29826,67.343649,158.788281,12.557531
Alabama,AL,Chilton,05000US01021,488.386799,45.755763,71.20517,107.030765,7.792381
Texas,TX,Newton,05000US48351,148.117983,21.918059,13.198193,14.253854,2.316449
Texas,TX,Hockley,05000US48219,430.759318,20.489605,40.337912,110.903086,21.342413
Georgia,GA,Baldwin,05000US13009,420.997514,51.645765,43.363119,116.464204,9.180808
North Carolina,NC,Transylvania,05000US37175,182.021533,17.922077,68.821452,46.915375,4.680047
North Carolina,NC,Surry,05000US37171,1053.381555,62.432954,72.25383,169.553099,63.575179
Alabama,AL,Coffee,05000US01031,736.378015,55.84154,128.0968,111.567485,15.47758
Ohio,OH,Shelby,05000US39149,317.590274,29.695529,46.560092,146.20024,10.859091
Idaho,ID,Canyon,05000US16027,1012.928293,134.076067,228.379977,452.911792,42.529806
Montana,MT,Daniels,05000US30019,5.812393,1.2138,1.853593,3.866833,0.628426
Florida,FL,Leon,05000US12073,2985.433719,315.182635,1174.954309,1241.165186,352.853737
Oklahoma,OK,Payne,05000US40119,938.020239,209.719442,153.623407,199.608407,142.569177
Alabama,AL,Covington,05000US01039,723.86872,44.489919,109.565346,136.508644,10.963395
Indiana,IN,Lawrence,05000US18093,401.823688,43.193808,41.932418,108.065155,8.667515
Kansas,KS,Gray,05000US20069,93.526258,11.417457,2.99002,14.721926,1.104357
Kentucky,KY,Casey,05000US21045,129.06564,7.515482,8.384747,13.291436,2.352959
Kentucky,KY,Metcalfe,05000US21169,96.495841,5.163865,7.918885,9.663283,2.482612
Kentucky,KY,Russell,05000US21207,227.882201,18.268265,23.329877,19.820301,4.379665
Louisiana,LA,Beauregard,05000US22011,261.880706,28.260055,26.379493,40.988864,9.159087
Maine,ME,Somerset,05000US23025,177.657526,89.852185,52.381367,73.871729,14.059
Oklahoma,OK,Cimarron,05000US40025,37.801218,4.308013,2.415327,7.77387,1.089615
Kentucky,KY,Meade,05000US21163,301.244841,33.826007,48.239563,49.709511,8.195799
Kentucky,KY,Nelson,05000US21179,337.154862,29.520746,55.450365,97.401328,12.757006
Kentucky,KY,Owen,05000US21187,87.80059,4.593664,7.926721,15.667071,2.787032
Missouri,MO,Pemiscot,05000US29155,201.104024,33.362035,9.955892,47.053897,3.78
Nebraska,NE,Nance,05000US31125,20.941104,12.791782,2.146505,5.475333,1.773084
Wisconsin,WI,Menominee,05000US55078,18.982315,8.560586,1.919356,9.383456,0.693711
Texas,TX,Panola,05000US48365,378.369247,31.294017,42.404865,35.515896,7.1209
Kentucky,KY,Bath,05000US21011,115.9238,10.249972,6.537233,14.654678,3.769508
Texas,TX,Anderson,05000US48001,414.813718,66.573452,55.736881,69.552935,5.084961
Virginia,VA,Caroline,05000US51033,234.592908,75.886998,32.590691,40.576886,7.189523
Iowa,IA,Sioux,05000US19167,127.89087,80.208994,45.923938,106.598595,15.852743
California,CA,Glenn,05000US06021,160.992798,20.066657,33.683025,105.002266,4.343792
Missouri,MO,St. Louis City,05000US29510,2068.100965,232.692521,657.350219,2000.430502,144.602878
Georgia,GA,Fannin,05000US13111,270.866817,24.032175,39.760543,25.910242,3.938463
South Dakota,SD,Grant,05000US46051,67.678262,13.428771,7.293766,38.815217,2.613926
South Dakota,SD,Marshall,05000US46091,9.973177,2.779062,1.462308,2.955106,0.623983
Washington,WA,Thurston,05000US53067,1683.064087,170.231727,407.140862,869.219554,56.478765
Nebraska,NE,Knox,05000US31107,37.987952,18.436938,6.529331,10.21092,2.654249
New Mexico,NM,Valencia,05000US35061,558.993207,46.318095,111.387377,210.303024,50.036814
Montana,MT,Prairie,05000US30079,11.396895,3.968307,0.761201,4.304472,0.086627
Iowa,IA,Allamakee,05000US19005,38.328559,56.220808,21.515787,23.706549,2.464423
Texas,TX,Cameron,05000US48061,3212.089938,472.009565,438.990017,900.018065,78.368746
Texas,TX,Montgomery,05000US48339,3566.467588,213.135012,867.202716,998.565294,160.599622
Colorado,CO,Las Animas,05000US08071,105.474149,9.685025,31.595571,54.717203,3.09917
Texas,TX,Llano,05000US48299,204.409791,39.564374,28.273531,70.195174,5.710521
Texas,TX,Mason,05000US48319,52.696226,4.245598,6.477797,14.566126,3.405353
North Carolina,NC,Clay,05000US37043,62.690221,6.497096,6.273109,7.559773,1.342754
New York,NY,Orange,05000US36071,1521.81784,440.74294,660.271797,1175.219017,102.6881354
New York,NY,Schenectady,05000US36093,655.066464,331.346575,301.756123,489.854622,32.373199
West Virginia,WV,Mingo,05000US54059,131.014361,13.590546,6.683215,16.259502,2.718355
Kansas,KS,Wabaunsee,05000US20197,64.654702,18.72539,10.973078,19.093034,3.536028
Minnesota,MN,Houston,05000US27055,66.276604,78.387262,24.456621,48.69012,3.920222
Kentucky,KY,Nicholas,05000US21181,67.796538,10.996371,3.010812,11.117704,2.201374
Massachusetts,MA,Plymouth,05000US25023,1913.099402,429.934708,1769.747824,2060.32268,131.8225246
New York,NY,Bronx,05000US36005,16860.44399,3489.251138,8897.632687,81918.88573,623.436204
North Carolina,NC,Dare,05000US37055,194.717829,63.864942,84.427564,130.307776,5.45893
Ohio,OH,Medina,05000US39103,1429.973858,277.777224,526.162149,979.629132,82.03616
Pennsylvania,PA,Armstrong,05000US42005,437.481473,76.039006,94.721505,203.550307,12.612149
Wisconsin,WI,Manitowoc,05000US55071,287.117321,216.369973,86.588638,370.825855,13.55933
Wisconsin,WI,Door,05000US55029,146.256046,31.356126,52.998665,110.319286,7.1881
North Carolina,NC,Columbus,05000US37047,514.853419,55.498106,41.048663,55.541591,6.456976
Ohio,OH,Gallia,05000US39053,326.44542,35.278119,34.504154,84.309924,5.34381
Texas,TX,Taylor,05000US48441,1719.312758,179.241197,217.929564,524.717027,89.022491
Virginia,VA,Colonial Heights,05000US51570,288.033555,68.44445,46.285909,79.587592,10.611085
Ohio,OH,Coshocton,05000US39031,246.686786,55.021394,64.779176,99.227261,6.143597
Nebraska,NE,Perkins,05000US31135,26.982069,9.842515,4.104025,5.94749,0.841185
Texas,TX,Hartley,05000US48205,26.977821,2.442664,3.109028,14.635601,1.228365
Colorado,CO,Grand,05000US08049,74.008214,9.995253,19.866099,39.652506,3.937443
Texas,TX,Jim Wells,05000US48249,340.079067,61.627678,23.466427,84.0304,4.05372
Iowa,IA,Winnebago,05000US19189,67.962668,61.20329,7.827887,40.316308,6.260969
California,CA,San Luis Obispo,05000US06079,1342.373555,169.036222,605.767946,1086.518097,178.1018392
Alabama,AL,Henry,05000US01067,262.89348,41.807278,18.585016,52.15858,7.689402
Ohio,OH,Wyandot,05000US39175,243.74413,16.922979,21.931326,95.869654,4.419821
Texas,TX,Zapata,05000US48505,143.439235,8.312753,3.848451,55.006592,2.074549
Georgia,GA,Lee,05000US13177,411.725508,104.763437,100.733121,88.69283,5.356206
Kentucky,KY,Boyd,05000US21019,579.245601,18.227289,127.991313,153.75192,11.164485
Minnesota,MN,Carver,05000US27019,550.960788,160.621488,447.387706,672.532694,50.055524
Nebraska,NE,Colfax,05000US31037,53.311311,34.91597,8.948616,36.59241,5.446305
South Carolina,SC,Chesterfield,05000US45025,361.084822,49.410124,22.507384,52.596435,6.69027
Tennessee,TN,Lewis,05000US47101,89.630086,13.899494,6.213156,20.893406,1.347155
Oregon,OR,Washington,05000US41067,3649.598391,318.003867,1444.080064,3079.634204,402.293633
Virginia,VA,Virginia Beach,05000US51810,4032.041465,1534.045101,1493.680322,2465.64281,134.943993
Montana,MT,Madison,05000US30057,35.359069,8.790806,15.995324,20.264165,2.042176
Virginia,VA,Lancaster,05000US51103,53.948487,14.992006,5.568501,11.905184,1.745366
Missouri,MO,Bates,05000US29013,167.005283,98.505773,11.480375,41.642499,3.026731
New Hampshire,NH,Belknap,05000US33001,302.575654,87.388154,151.78033,161.593641,18.406762
Virginia,VA,Richmond,05000US51159,45.905607,10.586051,4.4934,5.188676,1.634425
Washington,WA,Franklin,05000US53021,310.412787,65.353349,105.176705,199.164175,20.223562
Iowa,IA,Ida,05000US19093,50.763278,47.03497,9.134844,18.080094,4.619965
Kansas,KS,Sedgwick,05000US20173,4129.857805,655.188328,583.628587,1991.540986,209.926959
Texas,TX,Travis,05000US48453,5532.841658,752.375852,3071.829663,3401.964047,372.860001
Florida,FL,Hillsborough,05000US12057,9933.209076,2983.038803,3613.996346,5194.825209,443.497509
Nebraska,NE,Butler,05000US31023,75.296343,22.584028,5.747425,27.927476,6.462639
Pennsylvania,PA,Westmoreland,05000US42129,2582.673238,491.493325,1016.959542,1834.364455,149.528709
Florida,FL,Charlotte,05000US12015,897.222223,219.567293,289.203904,502.334937,29.866202
Iowa,IA,Cass,05000US19029,170.870724,128.159311,64.103626,59.932742,8.372421
Ohio,OH,Mercer,05000US39107,245.518083,24.730439,56.088224,87.880294,8.787664
Kentucky,KY,Johnson,05000US21115,377.330255,23.777282,7.694725,59.996969,8.993191
Rhode Island,RI,Kent,05000US44003,846.950228,71.443669,611.175454,661.617766,72.052448
Vermont,VT,Windham,05000US50025,232.038462,81.238322,114.41525,145.249583,8.547365
Vermont,VT,Orleans,05000US50019,105.998048,38.323765,29.215356,58.248581,2.413626
Kansas,KS,Jackson,05000US20085,96.017898,38.572203,12.988375,47.447675,3.38094
Louisiana,LA,Franklin,05000US22041,301.994098,39.283991,35.850263,79.307652,9.55528
Mississippi,MS,Webster,05000US28155,144.832754,25.954965,11.354159,14.002819,5.43784
Massachusetts,MA,Franklin,05000US25011,144.537829,51.409346,109.319972,149.543624,9.296055
Nebraska,NE,Cherry,05000US31031,25.279146,14.281217,2.889736,13.537717,1.74133
Montana,MT,Beaverhead,05000US30001,43.258631,5.181342,4.193884,36.73257,1.1970914
Missouri,MO,New Madrid,05000US29143,262.722,107.619057,15.297002,72.793754,5.834946
Arkansas,AR,Hempstead,05000US05057,176.788598,20.851912,16.496822,36.095519,2.680669
Missouri,MO,Camden,05000US29029,360.157984,116.741788,31.644491,104.535892,12.803019
Virginia,VA,Mecklenburg,05000US51117,292.239053,44.751896,45.129614,53.043217,5.670484
Kentucky,KY,Webster,05000US21233,133.512912,43.243485,5.585941,18.767953,3.209128
Oklahoma,OK,Garfield,05000US40047,545.111626,113.244972,85.377125,162.461798,22.942695
Washington,WA,Skamania,05000US53059,118.81174,10.357418,33.122415,62.702321,6.1774198
Michigan,MI,Lenawee,05000US26091,668.137563,84.805803,163.190801,284.430871,26.738876
Georgia,GA,Gilmer,05000US13123,218.947717,12.375908,37.22857,43.367069,3.293032
Minnesota,MN,Roseau,05000US27135,79.862225,12.08347,71.471005,31.239501,5.36285
Mississippi,MS,Madison,05000US28089,943.521105,85.783468,268.933244,317.98421,48.504493
Texas,TX,Howard,05000US48227,530.615564,66.015405,54.456878,111.949905,7.441759
West Virginia,WV,Wayne,05000US54099,549.043364,47.38642,65.551719,101.244049,23.543617
